ID,Split,Impulse_Type,Test_kV,Load_C_pF,Divider_C_pF,Stray_C_pF,L_uH,Efficiency,Stages,Charge_kV_Stage,Front_R_Stage,Tail_R_Stage,Physics_FrontPeak_us,Physics_Tail_us,Physics_Crest_kV,Observed_FrontPeak_us,Observed_Tail_us,Observed_Crest_kV,Residual_FrontPeak,Residual_Tail,Residual_Crest
1,Train,Lightning,1404.498256277293,796.9073470099829,383.9852148666978,163.87698704609647,21.27743093110621,0.8374539385293611,9,186.34500911493035,55,25,1.19802868309402,52.18468319191579,1404.498256277293,1.1781493841169006,51.85199155152155,1413.793127136828,-0.019879298977119486,-0.3326916403942377,9.294870859534967
2,Train,Lightning,1465.010655450169,802.2513500647619,369.63737243786454,199.86520350910723,24.446143113542348,0.8013258869806305,10,182.8233280931783,50,25,1.2432950252956587,52.21265636768153,1465.010655450169,1.2376454552571015,52.08090746414039,1473.641202891381,-0.005649570038557261,-0.1317489035411441,8.630547441212002
3,Train,Lightning,1392.5916019594297,693.8674343400635,623.5932778567076,170.7822658191435,22.082605068571866,0.8135303726862185,9,190.19867654946822,50,25,1.216548068370542,52.20705428634713,1392.5916019594297,1.2053054506942493,50.73052679489176,1387.1978944149498,-0.011242617676292754,-1.4765274914553714,-5.3937075444798666
4,Train,Lightning,1401.121345104184,783.6021971423179,411.9338455609977,160.4435055470094,11.087711356114596,0.8025316928885877,9,193.98629466666173,55,25,1.1667426916582535,52.18643111106093,1401.121345104184,1.1656349259565895,52.691512353081876,1416.8504068896923,-0.001107765701664043,0.5050812420209496,15.729061785508293
5,Train,Lightning,1358.607933903113,628.5578587907366,518.2140512391925,197.54131625639275,9.624362550675869,0.8513077791244723,8,199.4883588548277,65,25,1.205418840165768,52.16132181316328,1358.607933903113,1.2060368588053454,50.90945963017336,1373.2449419753225,0.0006180186395774445,-1.2518621829899246,14.637008072209483
6,Train,Lightning,1433.584059693385,1000.2757522976026,534.6383688040078,127.03792510554194,17.79468999663368,0.8395095429709182,9,189.73830503464254,45,25,1.2123161735201553,52.234139872804846,1433.584059693385,1.2055039575849182,53.2769668865175,1429.8090430855057,-0.006812215935237065,1.0428270137126532,-3.7750166078792518
7,Train,Lightning,1492.9545208113268,1073.0425685760565,463.7866109609604,300.64811357995495,17.70408276002854,0.8140215560770594,10,183.40478942673064,35,25,1.1748621135188062,52.29334294103251,1492.9545208113268,1.171938204991057,53.673365102048535,1490.1250909470496,-0.002923908527749264,1.3800221610160222,-2.8294298642772446
8,Train,Lightning,1443.9684216747992,697.4932444281876,624.5390838943422,119.40401191357523,9.931374458130449,0.8226563204172999,9,195.02790139661144,55,25,1.2327343888371132,52.19975596135131,1443.9684216747992,1.23587091496412,50.90291712654136,1450.186484955361,0.003136526127006878,-1.2968388348099467,6.218063280561864
9,Train,Lightning,1408.1499399617314,878.3083200803958,479.18523270636797,169.9360976764001,24.89615867100656,0.8208806673553772,9,190.60152183174384,45,25,1.1542888904866608,52.213164468248465,1408.1499399617314,1.145339338093557,51.094489615249024,1403.071943525043,-0.008949552393103799,-1.1186748529994404,-5.077996436688409
10,Train,Lightning,1364.8114964948036,1213.6572383577004,514.9978668428957,310.4586626123637,9.267361734528095,0.7979057388426737,9,190.05468246501303,35,25,1.1324263347166874,52.29294881424623,1364.8114964948036,1.141818568264929,52.859394516449385,1361.226926385091,0.00939223354824148,0.5664457022031542,-3.5845701097125584
11,Train,Lightning,1481.31246145349,1078.0146206379868,651.4533091336489,244.8830475169234,9.204288811422884,0.79008695616154,10,187.48726958487126,35,25,1.2076580604805562,52.317056306815246,1481.31246145349,1.2339671352962833,53.445984966078754,1486.377414668386,0.026309074815727085,1.128928659263508,5.06495321489615
12,Train,Lightning,1440.386587602552,687.2704466339201,376.8476973287761,303.6396063817665,10.18500507203862,0.8051487333700061,9,198.7743972572501,55,25,1.1728226159234802,52.188267627222466,1440.386587602552,1.182632981864088,52.39854813761624,1450.6204776794243,0.00981036594060769,0.2102805103937726,10.233890076872285
13,Train,Lightning,1414.0609995927662,906.6151617909782,630.3841909393668,198.65658668102697,22.428676206618547,0.8009973727189936,9,196.15281422247668,40,25,1.1663026559247849,52.24563215235272,1414.0609995927662,1.1782879845387288,51.648563927401696,1401.7846522825434,0.011985328613943969,-0.5970682249510233,-12.276347310222718
14,Train,Lightning,1396.9164589536376,835.0833316100761,525.9953503496945,301.85500897467136,9.569089109543711,0.8512295047892258,9,182.3397086337721,45,25,1.1730108802994834,52.23429293575895,1396.9164589536376,1.174545966559059,52.13319486369533,1398.0704906748388,0.0015350862595755466,-0.1010980720636212,1.154031721201136
15,Validation,Lightning,1469.4660825887695,888.302159041632,599.0602798759937,302.99236099934205,22.84642922785133,0.8211944965808653,9,198.8250163101914,40,25,1.2015577788181402,52.25416107217705,1469.4660825887695,1.2136798157588329,51.125525882430125,1467.3416020816699,0.012122036940692693,-1.1286351897469231,-2.1244805070996335
16,Validation,Lightning,1409.8225377383642,1228.5029685124755,538.9891757629812,143.88379086274654,27.88824696233496,0.8264906054642052,9,189.5326427208619,35,25,1.1758587931291602,52.27303129268642,1409.8225377383642,1.1833118605765203,53.72302047121969,1390.704687834165,0.007453067447360073,1.4499891785332721,-19.117849904199147
17,Validation,Lightning,1353.4519636072218,665.5785297392868,445.78982684761286,239.97544495621696,24.414881141856313,0.8511740938504226,8,198.76250543009724,60,25,1.1846676950941772,52.162296250893874,1353.4519636072218,1.177332747419889,50.590019985547904,1359.240072304739,-0.007334947674288328,-1.5722762653459696,5.788108697517146
18,Hidden Test,Lightning,1411.216884444002,1119.9538433225825,365.07735634222627,286.87045832164586,17.561625108588487,0.8575416275346652,9,182.85045415243707,40,25,1.1626492031749478,52.25128376602154,1411.216884444002,1.1750811489508037,52.77996391586562,1406.8440735358743,0.012431945775855935,0.5286801498440852,-4.3728109081278035
19,Hidden Test,Lightning,1391.9865431031212,1189.631981367711,489.8340132087469,145.78967411769554,18.236842033453286,0.7921611839230173,9,195.2445721841034,40,25,1.198435562380228,52.25960299014113,1391.9865431031212,1.2140025937832948,52.29413606396844,1390.0845071999793,0.0155670314030667,0.03453307382730486,-1.9020359031419503
20,Hidden Test,Lightning,1364.1933267354034,741.2425874266773,486.17265997454524,137.04457440879196,23.772661312948912,0.8162991008348763,9,185.6881088670894,55,25,1.224085559339566,52.18775339771573,1364.1933267354034,1.2182663397147089,52.024976840557954,1368.1386648748553,-0.005819219624857208,-0.16277655715777684,3.9453381394519056
21,Train,Lightning,1487.3781942296773,704.6948481234722,593.3950183913112,322.13436647551134,9.352968648076057,0.8006031997338869,10,185.7821945658059,45,25,1.2602392465273957,52.25570384836556,1487.3781942296773,1.2783879403476541,51.951482420484815,1487.517507593044,0.01814869382025841,-0.3042214278807478,0.1393133633666821
22,Train,Lightning,1375.9331380133517,1215.168104111217,529.6553266234696,128.1094499118626,24.819575196597725,0.7982651298260317,9,191.51714645556322,40,25,1.2617448797902824,52.26703705941481,1375.9331380133517,1.255091180708208,52.8164878564796,1357.1779887499333,-0.006653699082074471,0.549450797064786,-18.75514926341839
23,Train,Lightning,1363.902879995294,715.8489043009467,350.5389019846916,273.9082862227224,29.92448457609862,0.8405353098711931,9,180.29553626622166,55,25,1.2276834597368258,52.183985668224366,1363.902879995294,1.2220170240054316,51.473744188755816,1362.8903179484334,-0.005666435731394248,-0.7102414794685501,-1.0125620468604666
24,Train,Lightning,1488.584000885021,1117.761120107025,708.0863556824625,196.01221247110516,11.254280438181013,0.8483540957141668,9,194.96366335253126,35,25,1.1357350217667668,52.290258471892024,1488.584000885021,1.1414067608129974,53.097021463568446,1479.0139156752273,0.005671739046230639,0.8067629916764218,-9.57008520979366
25,Train,Lightning,1406.6861227154732,1049.9003986245953,605.0552533939481,292.5517191016115,26.4144050758332,0.8116438302886673,9,192.57025341264318,35,25,1.1866930097733976,52.27866508684191,1406.6861227154732,1.1850094621356893,52.84734540189312,1391.6663653955752,-0.0016835476377083936,0.5686803150512105,-15.019757319897963
26,Train,Lightning,1359.6737301559187,604.7578985104337,469.66908434405923,253.1531152036041,29.832911964971572,0.8122154218005017,9,186.00343560494542,55,25,1.2167676577348814,52.1820029267897,1359.6737301559187,1.1959034884535484,50.86677154430802,1359.5247372296958,-0.020864169281332945,-1.3152313824816773,-0.14899292622294524
27,Train,Lightning,1405.1374331815168,692.6321942941286,538.7086872011423,93.74416908947751,14.342217707075179,0.850843887727242,9,183.49591942377913,55,25,1.1542815879256072,52.18161388651242,1405.1374331815168,1.156558447044645,50.609273210131235,1421.599712571606,0.002276859119037855,-1.572340676381188,16.46227939008918
28,Train,Lightning,1481.8573393276893,700.3366775345057,418.6875726096332,252.6407742826268,25.057020868640393,0.8118109469860793,10,182.53724525755868,50,25,1.245567944038112,52.21264096548193,1481.8573393276893,1.2269014707312713,50.664402752031584,1473.8716678499106,-0.01866647330684068,-1.5482382134503467,-7.985671477778624
29,Train,Lightning,1455.1547288428992,1078.5621651331894,713.9153873547912,301.6024518129416,19.450641822069883,0.8179121063300409,9,197.67876952671008,35,25,1.2237198904766888,52.30151942467062,1455.1547288428992,1.2270339916456767,52.260256828092466,1441.6839798280605,0.003314101168987893,-0.04126259657815723,-13.470749014838702
30,Train,Lightning,1479.4425189611502,791.8973526684567,531.1659355647862,157.07697805017233,18.199724155012518,0.837862874227576,9,196.19260760102105,50,25,1.1937702024966674,52.205790871020234,1479.4425189611502,1.181455148840145,52.46680204496869,1485.3426430247296,-0.012315053656522412,0.26101117394845375,5.900124063579369
31,Train,Lightning,1499.6580671751872,1161.9248888571747,675.5810283124447,239.73685070639476,11.55863683577627,0.8255490733101033,10,181.65583557161435,35,25,1.2812340594999916,52.334882309534514,1499.6580671751872,1.2878039334967328,52.59735689544701,1497.098742480312,0.006569873996741249,0.26247458591249284,-2.5593246948751585
32,Train,Lightning,1365.7694546389394,759.8699979484081,572.6333885453641,164.68478836584836,8.560705812182277,0.8155675576161594,9,186.06939450866412,50,25,1.1641719439501992,52.20844906616498,1365.7694546389394,1.164044160687366,52.221962521219275,1380.563362034854,-0.0001277832628332476,0.013513455054294354,14.79390739591463
33,Train,Lightning,1366.650692280382,725.5721941008233,540.6645262613893,308.12651755521074,16.85725107230246,0.8505646989052185,9,178.52854358462346,45,25,1.1484260726332667,52.22048258787227,1366.650692280382,1.1593551621574218,52.07844621699079,1375.8708680278432,0.010929089524155167,-0.14203637088147758,9.220175747461326
34,Train,Lightning,1485.5111466371454,1149.3210251675919,647.1453958190978,101.50185802020133,24.652950056362897,0.8055465636262671,10,184.41033873323647,35,25,1.2477661035223526,52.30382300433794,1485.5111466371454,1.259108417419093,52.32537896964427,1469.0748640937934,0.011342313896740341,0.02155596530632664,-16.436282543352036
35,Validation,Lightning,1494.8159396415576,978.4822584711947,555.9851985424757,84.39443968934938,26.809199859388173,0.8300573202292435,10,180.08586915765318,40,25,1.2132698779987177,52.25546782360379,1494.8159396415576,1.2052468284018911,52.451324213791224,1486.2542177288,-0.008023049596826537,0.19585639018743706,-8.561721912757548
36,Validation,Lightning,1458.6850027902983,988.6121079791337,394.60193840786815,289.97221616562456,13.467446989845484,0.8262544889561833,9,196.1576167966081,45,25,1.199067476822939,52.23589156798852,1458.6850027902983,1.1966151687434659,53.489848694295524,1472.6224757767995,-0.0024523080794731644,1.2539571263070073,13.937472986501234
37,Validation,Lightning,1490.515965828672,918.201720516663,609.8690344020724,204.32206171797588,29.01423341780901,0.8538695080042817,9,193.95573157209427,40,25,1.1980008768889068,52.245123349934076,1490.515965828672,1.2005306581672732,52.49164040077042,1464.3776746977348,0.0025297812783664497,0.24651705083634567,-26.138291130937205
38,Hidden Test,Lightning,1373.0004604090936,932.6814509695396,531.9195416755974,154.70922684296966,24.264845280442387,0.7988579392572865,9,190.96712846586385,45,25,1.2138631278402288,52.22749094597368,1373.0004604090936,1.21067402625076,52.88045663539612,1362.250169661955,-0.0031891015894687236,0.6529656894224445,-10.750290747138706
39,Hidden Test,Lightning,1433.8375668274239,1082.445659127552,666.4329051971436,189.96904032072052,10.275401967577636,0.8366250195330941,9,190.42615446996575,40,25,1.2237686033002753,52.277314812754334,1433.8375668274239,1.231429000547606,53.697750128797374,1437.373875252968,0.007660397247330808,1.42043531604304,3.536308425544121
40,Hidden Test,Lightning,1497.4857524852268,632.7845619060099,427.75432830676436,153.59500380698591,10.880135846789926,0.857816869923845,9,193.96599864778057,65,25,1.2243571168529366,52.164313827425026,1497.4857524852268,1.2272035532638412,52.25807328581527,1525.6079272109835,0.0028464364109046514,0.09375945839024524,28.122174725756622
41,Train,Lightning,1366.906520538032,649.8713095090352,377.633667178452,220.17962623620406,12.521247347816825,0.848657200646121,9,178.96331070586757,60,25,1.1725672331368695,52.16954522171087,1366.906520538032,1.1724317396820216,52.34996526847473,1389.762592027844,-0.00013549345484786812,0.1804200467638637,22.85607148981194
42,Train,Lightning,1447.5146677927114,763.8773884857073,635.238987300545,279.8522679787129,21.67293490888551,0.8319131619902328,9,193.33143221740173,45,25,1.2422671629691933,52.23679318577905,1447.5146677927114,1.237099795481775,51.44528279319079,1444.4826556461774,-0.005167367487418195,-0.7915103925882576,-3.0320121465340435
43,Train,Lightning,1451.939935865812,1064.3480254919268,442.6622349768877,268.18880821345374,11.080747322179377,0.8095043737324886,9,199.29065830342046,45,25,1.2564722183375256,52.25179791478428,1451.939935865812,1.2628055748173552,52.87444369128161,1456.093125115803,0.006333356479829577,0.6226457764973361,4.153189249991101
44,Train,Lightning,1478.7662638700567,603.3735090401024,407.5871746055782,196.39846197795123,26.38679413823411,0.8081568530574441,10,182.98010569056518,55,25,1.204954433866276,52.184174971979296,1478.7662638700567,1.196293150426254,51.8732850948095,1489.4458745786558,-0.00866128344002215,-0.31088987716979233,10.679610708599057
45,Train,Lightning,1401.3010127004236,615.4932635719888,551.8408289179206,80.11361931683496,23.94651061668992,0.8497473583393731,9,183.23106390886312,60,25,1.213995046480775,52.16950828446346,1401.3010127004236,1.198678524701879,51.04983081005348,1400.7547720223563,-0.015316521778895975,-1.1196774744099827,-0.5462406780673064
46,Train,Lightning,1359.67197624268,953.8840197725222,412.4344860203564,240.79388931393623,8.671200016979128,0.8167328650457785,9,184.9743906393391,50,25,1.2473212652656689,52.22558900020703,1359.67197624268,1.2440694174547162,52.507518524170486,1367.8544895899804,-0.0032518478109526683,0.2819295239634556,8.1825133473003
47,Train,Lightning,1454.0374139556661,651.4572546933778,497.88472428917885,276.9528966001235,14.97226761188358,0.8311732551991009,9,194.37549470121047,55,25,1.2405815193916871,52.19739502847523,1454.0374139556661,1.2305798239455306,52.066027648296505,1460.2626355829157,-0.010001695446156589,-0.13136738017872318,6.225221627249539
48,Train,Lightning,1427.9104266199283,765.8788392320275,367.42576798424125,155.55072393734008,19.24453389039263,0.8058053674455733,9,196.89210382381467,60,25,1.2344444418456741,52.17596476751012,1427.9104266199283,1.2375272827904866,51.422239850606594,1436.2066415219917,0.0030828409448124816,-0.7537249169035292,8.296214902063412
49,Train,Lightning,1424.898122716695,743.542545416858,386.217955686152,196.94730079034343,9.308123486116529,0.8009429839183577,9,197.66951807311983,60,25,1.231882478523407,52.181866914010214,1424.898122716695,1.2354159062397156,51.17278614404293,1438.3043053980566,0.0035334277163086014,-1.0090807699672837,13.406182681361543
50,Train,Lightning,1410.8754671760835,697.116353851743,566.824156884104,157.60293898172677,16.010248572099954,0.822448086612858,9,190.60648732609235,55,25,1.2408012291774302,52.19665416239721,1410.8754671760835,1.250791627411377,51.471937735110245,1423.032603785044,0.009990398233946873,-0.724716427286964,12.157136608960627
51,Train,Lightning,1429.5092044165358,1006.8637307384051,352.98555456101894,95.39554324699566,14.656337481923401,0.8069927989388817,9,196.82251967444287,50,25,1.1596141910194189,52.2019090498911,1429.5092044165358,1.1670108060474988,53.258610738044325,1441.6988276306245,0.007396615028079978,1.0567016881532254,12.18962321408867
52,Train,Lightning,1392.1426073997281,1072.2996565047652,681.8078625015914,190.47353164758533,9.256876736413687,0.8470919185318053,9,182.60416437616544,40,25,1.2215804230976188,52.27820880032321,1392.1426073997281,1.245507244250722,52.265302924449024,1384.64041292828,0.023926821153103184,-0.012905875874189121,-7.502194471448092
53,Train,Lightning,1365.121315838769,1222.5124664488249,729.4830230996013,250.907533087302,23.0065638422966,0.8086871177540161,9,187.56345052901565,30,25,1.1575772902025177,52.318487653804475,1365.121315838769,1.1756482212687398,52.021414441078576,1348.5307700931053,0.01807093106622215,-0.2970732127258984,-16.590545745663803
54,Train,Lightning,1370.167954370845,1031.8570831557736,420.6363362260163,106.2398743070662,28.75022070715204,0.8355511243408547,9,182.20415170775075,45,25,1.1932708854223535,52.21804548881843,1370.167954370845,1.1779327669847415,53.40815237850536,1354.3887241818566,-0.015338118437612014,1.1901068896869305,-15.77923018898855
55,Validation,Lightning,1496.9960996182635,895.2182395500131,499.9268725514412,281.22554799309,9.257536838762462,0.8431364797404968,9,197.27873713728923,45,25,1.180565702564142,52.236388095175236,1496.9960996182635,1.1958282941748746,53.220651464800184,1501.3928549420152,0.015262591610732512,0.9842633696249479,4.396755323751677
56,Validation,Lightning,1491.1471567000262,1061.1373308114707,454.0080896578729,179.91560003254563,14.438182627316564,0.8317811847943813,9,199.19062902591546,45,25,1.2186033115213322,52.239302389621756,1491.1471567000262,1.213680443198787,51.71368965063031,1500.130699973921,-0.004922868322545071,-0.5256127389914482,8.983543273894838
57,Validation,Lightning,1487.94977478683,1181.9113908684812,510.8181791380048,313.7855478399433,25.427104188129306,0.8529753133398481,9,193.82478035237256,35,25,1.2123782888983161,52.287865869750206,1487.94977478683,1.2218023564133467,53.14715595043833,1465.3330760359145,0.009424067515030554,0.8592900806881261,-22.616698750915475
58,Hidden Test,Lightning,1379.514576739166,973.7801430979744,470.698054227978,219.46313387714326,24.01017836900428,0.8579100617067889,9,178.66604467899313,45,25,1.2430174279456838,52.23445005206784,1379.514576739166,1.2461764896274734,52.12982596126389,1368.5992668130461,0.003159061681789588,-0.10462409080395219,-10.91530992611979
59,Hidden Test,Lightning,1409.6952807856724,1131.5265246317722,529.60423566401,226.74739091424271,8.869310029782355,0.8201344236987643,9,190.98431238842514,40,25,1.1853067989090618,52.269367400727425,1409.6952807856724,1.1994113287495587,51.78037946440232,1405.868699080779,0.014104529840496927,-0.4889879363251026,-3.8265817048934423
60,Hidden Test,Lightning,1446.3500250480138,863.6973779182881,553.952997457236,178.4498093603179,28.058937917929143,0.7926451613008977,10,182.4713119643913,40,25,1.203753698371362,52.25152435700548,1446.3500250480138,1.1935998324126398,52.21818539169023,1428.4303968401045,-0.010153865958722141,-0.03333896531525227,-17.919628207909227
61,Train,Lightning,1361.2942542415112,1050.456705398392,442.9215019568801,240.91997810872272,19.930900510400534,0.8516177222528495,8,199.81005248463703,45,25,1.1524511624659826,52.215373728505305,1361.2942542415112,1.1585936030326702,51.53425601653446,1356.6152804953238,0.006142440566687668,-0.6811177119708489,-4.6789737461874665
62,Train,Lightning,1462.3568754759617,1092.1012247679755,685.1391364820302,308.4874627366662,21.457729341927916,0.7967657162575051,10,183.53662132261545,30,25,1.1848893116526913,52.33635234550569,1462.3568754759617,1.1986633821185972,53.51080506043715,1438.4099095765982,0.013774070465905952,1.174452714931462,-23.946965899363477
63,Train,Lightning,1389.1219146782532,991.9067333568819,355.4061822593212,92.47024111216888,15.66517189797014,0.8518767041130924,9,181.18452900926403,50,25,1.152377051152042,52.199498188712866,1389.1219146782532,1.1629498522762853,53.466270555211196,1391.8501697294025,0.010572801124243414,1.26677236649833,2.72825505114929
64,Train,Lightning,1447.4562385934405,1167.4714174121618,512.7767144702375,83.17547575104982,27.165652827825397,0.8519396001379937,9,188.77919388742626,40,25,1.2074616063436412,52.24996182602025,1447.4562385934405,1.207278651948416,51.931441755739705,1432.3914383336569,-0.00018295439522519885,-0.31852007028054174,-15.064800259783624
65,Train,Lightning,1376.1366072110832,1126.6223046346568,623.886882700026,116.15840623388067,19.45350302197039,0.8514445384894498,9,179.5819463933208,40,25,1.2298815967787537,52.266060144527174,1376.1366072110832,1.2365201313953365,53.10231477649947,1361.8185910803822,0.006638534616582703,0.8362546319722952,-14.318016130700926
66,Train,Lightning,1437.7821055823006,1010.3864907519892,397.36193055287004,87.4254407081753,20.382635646034032,0.8084297597268597,9,197.60970618016023,50,25,1.2145008812544025,52.20813498443437,1437.7821055823006,1.2022139090304624,51.71128002215678,1442.3113905389494,-0.01228697222394004,-0.4968549622775953,4.52928495664878
67,Train,Lightning,1392.8062971448526,977.716003882233,463.72692696750164,209.711106128525,24.539210711605847,0.837419371760916,9,184.80137963956727,45,25,1.2367903003005827,52.23245619321583,1392.8062971448526,1.2229807054219703,52.84699828665618,1385.0264278162492,-0.01380959487861233,0.6145420934403489,-7.779869328603354
68,Train,Lightning,1452.3369840695523,1049.8804588336498,580.2672388963401,123.9069498097524,10.169118277262896,0.8052534977160395,10,180.35773681068778,40,25,1.2236282776561755,52.27888996768626,1452.3369840695523,1.2226988841364104,53.62787464446491,1455.5116326027787,-0.0009293935197651759,1.3489846767786489,3.1746485332264456
69,Train,Lightning,1399.6517332736403,759.1958420234732,419.1620333120227,97.45367731200531,20.429538778960705,0.8575485521764494,9,181.35050063104472,60,25,1.226963104502302,52.17393091634656,1399.6517332736403,1.2159483788296976,50.817261437520685,1407.2693521499284,-0.011014725672604309,-1.3566694788258786,7.617618876288134
70,Train,Lightning,1430.1515317638405,876.5507440781221,553.5266575403512,145.04346383735538,10.698156310711056,0.8149027600279078,9,194.99961657522894,50,25,1.2323320115897436,52.220600720946194,1430.1515317638405,1.2297579891803148,53.16879843942819,1444.7465579712218,-0.0025740224094288333,0.9481977184819925,14.595026207381352
71,Train,Lightning,1358.8952935533598,1136.9524426874705,422.68218100070953,206.09837198397145,25.744637968949974,0.8304369695461356,9,181.8179723295484,40,25,1.2016041186367243,52.25032191735018,1358.8952935533598,1.188977129965093,53.54963472528607,1351.331892537328,-0.012626988671631256,1.299312807935891,-7.563401016031776
72,Train,Lightning,1453.8600531290285,1208.1607659347355,351.4533526264131,102.62979338411242,22.594772098120302,0.7907003789488226,10,183.86990721590743,40,25,1.222622303355126,52.26298375774452,1453.8600531290285,1.2206385769241959,52.558935613630005,1445.3365025500225,-0.001983726430930144,0.2959518558854839,-8.523550579006042
73,Train,Lightning,1372.0306986942887,748.001996462699,704.8346193507314,323.25122829759493,13.26231617294252,0.8091585626569577,9,188.4029440532618,40,25,1.1421008333254792,52.251936497093006,1372.0306986942887,1.1470751738886709,52.05881840524189,1367.0368510170806,0.0049743405631916815,-0.19311809185111883,-4.993847677208123
74,Train,Lightning,1401.5314587042667,759.0763002866879,369.80238864198327,120.86342896334827,8.713874523062259,0.8001308951200917,9,194.62530266430284,60,25,1.1602141122340828,52.169866039732305,1401.5314587042667,1.1470360548077676,51.716884600805315,1427.9706437526452,-0.01317805742631517,-0.45298143892699017,26.439185048378476
75,Validation,Lightning,1408.1268260953948,1209.3387427390553,580.2780974656343,170.38198384223506,19.499135077930987,0.8186652815225535,9,191.11417054579388,35,25,1.1530597292233933,52.28061281663951,1408.1268260953948,1.1713772097199413,52.45321754645057,1396.096463422567,0.018317480496548022,0.1726047298110558,-12.030362672827778
76,Validation,Lightning,1384.7573960549198,773.6735490616411,668.5821603052318,120.5057844473049,25.58892461983487,0.8089201283082367,9,190.20658222063977,45,25,1.1815284492130445,52.218673585922964,1384.7573960549198,1.178054571672492,51.49834763060636,1380.4985205500911,-0.0034738775405525057,-0.7203259553166035,-4.258875504828666
77,Validation,Lightning,1496.223778417334,687.4480045284145,653.4965177997947,102.32368272962049,20.057101298123598,0.8082374009513297,10,185.12181899231774,45,25,1.173977480395637,52.225046216526266,1496.223778417334,1.1585793027145217,51.4457209405526,1503.9249996466529,-0.0153981776811154,-0.7793252759736689,7.7012212293188895
78,Hidden Test,Lightning,1471.7707457137294,1188.98381262552,555.6336467154324,105.14137141406536,8.023759151343256,0.8501200887514279,9,192.36115581888888,40,25,1.1576670916713747,52.26342364568548,1471.7707457137294,1.1704721999135872,54.06062688148506,1468.8211750610722,0.012805108242212482,1.7972032357995786,-2.9495706526572576
79,Hidden Test,Lightning,1471.1461579659954,1223.9936922793277,383.2833416759968,235.45651729917154,14.025746910832822,0.8331780662923121,9,196.1893751546448,40,25,1.1863968691838083,52.26232822897935,1471.1461579659954,1.1939777092063242,53.76684496518875,1476.4682215260634,0.007580840022515911,1.5045167362094034,5.322063560068045
80,Hidden Test,Lightning,1469.1235348465852,761.4197356626391,404.7372533939779,93.2080001058057,17.27459363033995,0.7968601177539677,10,184.36404358991655,55,25,1.2205319267022898,52.19318498437239,1469.1235348465852,1.213614589096726,52.26039799021371,1479.9013543817127,-0.006917337605563789,0.0672130058413245,10.777819535127492
81,Train,Lightning,1357.322169933468,688.047708326485,543.9361998811364,172.20896108308807,23.836816193535924,0.8143983115931042,9,185.18404604994151,50,25,1.1605714655121355,52.19394877314415,1357.322169933468,1.1623488761220877,51.45523911986082,1350.1400320525563,0.0017774106099521791,-0.7387096532833297,-7.182137880911796
82,Train,Lightning,1378.568555752281,1079.5863003702834,559.2726328410208,94.75430582650006,27.353210643399507,0.8286263180756942,9,184.8532693581226,40,25,1.1903380992558217,52.24531364429697,1378.568555752281,1.1926674881368933,53.11994756505095,1361.0435555347362,0.0023293888810715924,0.874633920753979,-17.525000217544857
83,Train,Lightning,1496.6327244183049,691.097824240569,448.0542864650488,271.003390296828,27.998072233982384,0.854841524779331,9,194.5302376113444,50,25,1.1825005059816565,52.19487849649381,1496.6327244183049,1.1647978727801989,51.78425947380203,1486.981754776819,-0.017702633201457596,-0.4106190226917761,-9.650969641485972
84,Train,Lightning,1466.63858568063,718.0410689208657,635.3474992327392,167.8672277322039,8.550698712002486,0.8058043815381826,10,182.00925923001253,45,25,1.1822242306762087,52.23855756663721,1466.63858568063,1.1860388228973497,51.68873523162473,1485.2248056297162,0.003814592221141,-0.5498223350124789,18.58621994908617
85,Train,Lightning,1395.7971290219575,823.5803689691238,575.9092388674617,123.90815674560145,10.958908960223198,0.8572334438399412,9,180.917544696595,50,25,1.1945893526868427,52.21253579644248,1395.7971290219575,1.1983010698932033,51.917228612528525,1408.8910297272196,0.003711717206360543,-0.2953071839139554,13.093900705262058
86,Train,Lightning,1367.376088828314,1118.5576302697882,591.827077884227,149.5265200920403,24.708841300103813,0.857640843144618,8,199.29322684404605,45,25,1.2532924332145754,52.2327836962349,1367.376088828314,1.2425562301088382,52.315098833178,1350.1419492876305,-0.010736203105737196,0.08231513694310166,-17.2341395406836
87,Train,Lightning,1483.2062606932595,1191.4594562840648,414.5633324980736,189.65846566250548,13.858501012437046,0.8427902523777449,9,195.54176756035795,40,25,1.1571365883814342,52.25499159959928,1483.2062606932595,1.175891985733105,52.36656268838776,1477.526708033469,0.018755397351670755,0.11157108878848021,-5.679552659790488
88,Train,Lightning,1493.109640746843,644.0887845121324,403.83645510300994,217.41095422301441,10.428364952560514,0.851619587885216,9,194.80654690677966,60,25,1.180705516882262,52.17229754602422,1493.109640746843,1.1664917204449876,52.11471055435151,1509.429502391404,-0.014213796437274384,-0.0575869916727072,16.319861644560888
89,Train,Lightning,1496.3152773678303,914.0404956764542,571.2369428947568,152.99942761892453,23.95214575342834,0.8046482022595592,10,185.9589412075958,40,25,1.2129452578187827,52.25883146706744,1496.3152773678303,1.216701595746342,51.90642416216968,1493.521452528501,0.003756337927559361,-0.35240730489775984,-2.793824839329318
90,Train,Lightning,1438.476049771998,739.3467011163011,486.0737190581858,206.02657242678106,24.674739923793823,0.8493891082750634,9,188.17132294228765,50,25,1.1846789262051654,52.19819837232135,1438.476049771998,1.1779658692399675,52.56243771311394,1428.8458294684144,-0.006713056965197861,0.3642393407925866,-9.630220303583656
91,Train,Lightning,1365.5809768242761,1080.3873714641668,714.8803535848856,183.1112942728214,19.97824858967215,0.8072684254753404,9,187.95634123531903,35,25,1.1656269665421122,52.28347874858776,1365.5809768242761,1.1831857561808359,51.91106933892937,1358.2785409704256,0.017558789638723704,-0.3724094096583883,-7.302435853850511
92,Train,Lightning,1438.4242594591342,928.8411154877394,387.66240729019046,150.5761833814904,19.498086031060666,0.792686557546258,10,181.46192158370158,45,25,1.1895260018123697,52.229171559092116,1438.4242594591342,1.1904028662896466,51.846609193977194,1440.8339184142621,0.0008768644772769729,-0.3825623651149215,2.409658955127952
93,Train,Lightning,1391.3488320540637,817.034940503072,742.4831127747893,109.82415334554389,17.49207464978099,0.8432952066906728,9,183.32170448275787,45,25,1.2158811972855885,52.23529218356775,1391.3488320540637,1.2102335278712064,51.15335641250886,1393.3067769640904,-0.005647669414382106,-1.0819357710588875,1.9579449100267539
94,Train,Lightning,1466.0836003837176,991.4685814408585,746.2874014861882,318.36624156683683,19.198970841709524,0.8540620652912185,9,190.7334190810453,35,25,1.2021402137303676,52.29560085785421,1466.0836003837176,1.2123696155942427,51.659163255776576,1458.856170251183,0.01022940186387511,-0.6364376020776348,-7.227430132534664
95,Validation,Lightning,1422.9365293169394,1084.7763895173557,487.35726699233055,267.0422488427721,13.127936742268503,0.7966799723519944,9,198.45366307656934,40,25,1.1793821836467615,52.26177350304208,1422.9365293169394,1.1982339226768628,53.482005967512784,1423.6127721620117,0.01885173903010129,1.2202324644707048,0.6762428450722382
96,Validation,Lightning,1440.509819041472,998.4508752822876,470.9990351460874,88.37733142543584,15.621496678795666,0.8184860792290419,9,195.55206939002065,50,25,1.2410596770704203,52.21790421268605,1440.509819041472,1.2475344984324859,51.43293269502895,1454.8208902840101,0.006474821362065564,-0.7849715176570982,14.311071242538219
97,Validation,Lightning,1466.2995069287717,912.7835086896084,610.4589248076081,133.90160816023126,19.733911389485,0.8347016115789302,9,195.1861182205518,45,25,1.2182855604234215,52.23339018469543,1466.2995069287717,1.2229913437050415,51.65091630547744,1471.685039880748,0.0047057832816199685,-0.5824738792179929,5.385532951976302
98,Hidden Test,Lightning,1441.8125459575094,1091.7038503335789,445.3358047641814,158.03268008865416,21.714057304430753,0.8549986686417833,9,187.37034321909337,45,25,1.253396349733938,52.23930415386395,1441.8125459575094,1.2639426985895938,52.52092259172136,1438.437758075136,0.010546348855655863,0.2816184378574107,-3.374787882373539
99,Hidden Test,Lightning,1364.9745397036895,734.8120787763037,367.7657287567854,326.3037983397953,20.22747160959989,0.8261914784531109,9,183.5698402854706,50,25,1.1638611376557306,52.19779836439573,1364.9745397036895,1.1661081905044501,52.34828653968699,1362.8013867854454,0.0022470528487195107,0.15048817529125813,-2.1731529182441136
100,Hidden Test,Lightning,1411.3924744888209,790.704368846491,530.3067001514137,270.31045062001795,13.441504515241832,0.8393077719025315,9,186.84610259098739,50,25,1.2566858018960454,52.22312680794642,1411.3924744888209,1.2542214784474068,50.94056005673911,1417.809791936997,-0.0024643234486385612,-1.2825667512073124,6.4173174481761635
101,Train,Lightning,1390.3548358473927,680.3793346392922,451.80593859404325,220.22839936660603,28.721596993505955,0.8581835346878507,9,180.01262481212845,55,25,1.2331624200882958,52.18587510190014,1390.3548358473927,1.2244943632306824,51.56688814086495,1386.2220125427743,-0.008668056857613404,-0.6189869610351906,-4.132823304618341
102,Train,Lightning,1432.3505061795004,650.7373913889751,725.2897945232689,167.2850208543241,21.935199259314686,0.830538292392157,9,191.62277970805528,45,25,1.1513423269760747,52.21564095584007,1432.3505061795004,1.1443181213915161,52.60480585259406,1436.897129478469,-0.007024205584558629,0.38916489675398935,4.546623298968598
103,Train,Lightning,1388.6294099735096,834.2008587089367,588.6379539966583,164.25217302283272,21.843968498520553,0.7927315760380589,9,194.63354473004586,45,25,1.180663501610758,52.2224671619497,1388.6294099735096,1.1696490545951252,52.85112783381891,1382.231581357155,-0.011014447015632811,0.6286606718692056,-6.397828616354673
104,Train,Lightning,1398.9494779030792,882.1728819049895,639.0443599782884,116.07503103557974,16.804531258996576,0.7950507439766079,9,195.50806292018672,45,25,1.1908527529761175,52.23029479765487,1398.9494779030792,1.1942244574592062,51.724602668926266,1401.1103592064276,0.0033717044830887666,-0.5056921287286045,2.160881303348333
105,Train,Lightning,1384.7956677898765,1225.4652735195123,557.907229848206,127.61892143869773,25.091777255758643,0.859141345184762,9,179.09298181534575,35,25,1.1596993171128702,52.27297133791294,1384.7956677898765,1.1581467383860347,53.11914750285037,1373.8176658317795,-0.0015525787268355629,0.8461761649374253,-10.978001958096911
106,Train,Lightning,1478.6868204013444,882.2678897762671,357.7993989922106,323.14668658189476,12.179975498933345,0.7992618190916255,10,185.00656294102686,45,25,1.2299597630352634,52.24582682122945,1478.6868204013444,1.231160382540904,52.692379498804186,1497.1154789397942,0.0012006195056406543,0.4465526775747364,18.42865853844978
107,Train,Lightning,1485.9021848766133,685.3317430824973,518.0606622248888,122.63567010639235,25.406473563052714,0.8587305682036095,9,192.26081949015003,55,25,1.1985249965987335,52.18176092765889,1485.9021848766133,1.1866927959660742,52.68561361162065,1480.0307782823654,-0.011832200632659218,0.5038526839617603,-5.871406594247901
108,Train,Lightning,1455.4486072040163,1156.0379983391613,597.772107552737,181.09463043045253,16.688613313715905,0.8385847993567587,9,192.84455434394107,40,25,1.256314010492792,52.27670002101107,1455.4486072040163,1.2716790898533383,52.54076992351537,1454.0649087089184,0.01536507936054643,0.2640699025043034,-1.3836984950978604
109,Train,Lightning,1377.9735838528723,881.9825584883802,486.37664820998907,101.74307574750856,25.79145411029458,0.8388295611017385,9,182.52596604077306,50,25,1.2185660948805592,52.20422569839037,1377.9735838528723,1.2193121333980588,51.78241897675342,1364.991204670864,0.0007460385174995476,-0.42180672163694766,-12.982379182008344
110,Train,Lightning,1401.7369372886606,864.1192824346945,720.4854105599225,281.52465254068375,19.553280184511095,0.7928401505155489,9,196.4438209724275,40,25,1.2300844491907537,52.26597621820258,1401.7369372886606,1.2477216928469206,51.94560878693663,1396.5672321968582,0.017637243656166923,-0.32036743126595013,-5.169705091802371
111,Train,Lightning,1470.7862111041322,1048.2759737526067,669.1721476614475,150.94585004961118,25.606232359074056,0.8444440372823738,9,193.5245947719743,35,25,1.140000377878693,52.26632933000047,1470.7862111041322,1.1314096689632873,53.22298301647632,1460.938369514283,-0.008590708915405587,0.9566536864758532,-9.847841589849168
112,Train,Lightning,1371.46845421521,661.3719956949353,395.8943351171911,306.6175822587684,24.731111729051918,0.8566409403737635,9,177.88711304785676,55,25,1.2273265654840972,52.18766359914557,1371.46845421521,1.213920121182598,52.40920939998258,1374.468634003945,-0.013406444301499176,0.22154580083700637,3.0001797887350676
113,Train,Lightning,1433.676986116916,1123.1479735462926,586.3762000575662,198.01750591257587,21.0280588734895,0.7991951061715372,9,199.32234528434205,40,25,1.2628747637789821,52.2724334363786,1433.676986116916,1.2559028314765095,52.95905181828026,1419.152623387497,-0.0069719323024726165,0.6866183819016598,-14.524362729418954
114,Train,Lightning,1416.70703884447,683.3854113938287,445.5966123379767,233.48691237159073,17.841243744362146,0.858208890282549,9,183.4190894400036,55,25,1.1991664652748915,52.18744296886192,1416.70703884447,1.1959370403920992,51.6240660973785,1421.4208019317907,-0.003229424882792209,-0.5633768714834204,4.713763087320785
115,Validation,Lightning,1380.7533433428034,1225.0307950773276,711.6124745458364,266.6378734703176,26.951255274005234,0.8262041876162403,9,185.68901059656739,30,25,1.1836309530469677,52.31854661223685,1380.7533433428034,1.1785103595735,53.87080972089647,1349.4120437439146,-0.005120593473467716,1.5522631086596164,-31.34129959888878
116,Validation,Lightning,1421.2933221249841,827.1545688156039,511.29352329298854,327.67903180327266,29.949781536590308,0.838699917588383,9,188.29318678151344,40,25,1.162441540961069,52.23479087179596,1421.2933221249841,1.148315238203035,52.43863689639909,1405.303671905711,-0.01412630275803406,0.20384602460313062,-15.989650219273017
117,Validation,Lightning,1477.1046083886176,1179.315792012494,579.0115563198924,302.0065987785347,16.17069736123085,0.7938776760385372,10,186.0619907791581,30,25,1.1392049524284842,52.33195285633697,1477.1046083886176,1.14511797137865,54.139127334545314,1472.0145314051733,0.005913018950165716,1.8071744782083456,-5.090076983444305
118,Hidden Test,Lightning,1496.0426488076337,710.1391302188858,497.18262972310185,118.2293970324099,16.45788814732805,0.8582879483466969,9,193.6727193930961,55,25,1.163103624395982,52.18168656415123,1496.0426488076337,1.1582682172636198,52.52210161595355,1518.4867328745413,-0.0048354071323621906,0.34041505180232434,22.444084066907635
119,Hidden Test,Lightning,1495.769447204657,922.9136189562269,716.1767974495888,160.1262286840938,22.94392983149737,0.8154426727048122,10,183.4303620931696,35,25,1.1805817719505949,52.286714283761825,1495.769447204657,1.1876111447608493,53.43589585103982,1491.44074510225,0.007029372810254397,1.1491815672779921,-4.328702102406851
120,Hidden Test,Lightning,1403.3764823223464,706.8071315996349,654.1046551428735,264.7055504331365,13.750950460787863,0.8218475764710457,9,189.73192197949135,45,25,1.1682149887370392,52.22847438329911,1403.3764823223464,1.1729338401752483,51.56490522504999,1414.0805003345479,0.0047188514382090485,-0.6635691582491177,10.704018012201459
121,Train,Lightning,1380.1651988178492,872.880730626639,474.0556852892041,257.48950101668015,9.821316881105304,0.8239659638446756,9,186.1141060268927,50,25,1.2504563672571112,52.225170111097704,1380.1651988178492,1.2556618321745479,52.13392974946395,1389.5173755758358,0.005205464917436675,-0.09124036163375138,9.352176757986626
122,Train,Lightning,1358.3049754262902,706.737113581039,533.0324069596827,149.76359686814249,13.288266551215202,0.8379648173647002,9,180.10633849998592,55,25,1.2033923658782542,52.19166295133198,1358.3049754262902,1.1954893845482732,50.59622212923178,1375.964969959217,-0.007902981329980907,-1.5954408221001941,17.659994532926703
123,Train,Lightning,1405.3079490317032,813.5128304944374,563.921806588769,260.96209986833856,29.85042987111956,0.8408286567288451,9,185.70409847549217,45,25,1.25257416822151,52.23046701120917,1405.3079490317032,1.241111463854926,51.421899375660544,1395.600861766272,-0.011462704366583809,-0.8085676355486271,-9.707087265431255
124,Train,Lightning,1446.9655406079255,1041.5259468834847,460.8802552334964,237.04357798676938,9.818557004909962,0.8370657509565353,9,192.06848299875594,45,25,1.2260408100391007,52.246223706962674,1446.9655406079255,1.232222650993831,52.325518693807815,1445.9648246290105,0.006181840954730289,0.07929498684514158,-1.0007159789149682
125,Train,Lightning,1455.3221243899316,792.8781692753546,404.2506104335189,324.8494013515301,8.774545099586248,0.8246034951903858,9,196.09722637449386,50,25,1.1837711407347724,52.21231444788184,1455.3221243899316,1.1821509815664653,52.790190821158035,1472.4462738891054,-0.001620159168307156,0.5778763732761973,17.124149499173882
126,Train,Lightning,1497.8187386062928,692.2516199527308,707.6283087022603,176.85613680630922,9.771837326232344,0.8495602709380911,9,195.89464100742504,50,25,1.229412199861799,52.22085257100705,1497.8187386062928,1.2389141641129957,51.15415770069829,1501.0646839903236,0.009501964251196648,-1.0666948703087584,3.245945384030847
127,Train,Lightning,1491.3301825756207,1066.1014842917211,550.9752981364727,144.09862585132942,14.530671603046358,0.8133658604486845,10,183.35293563378042,40,25,1.2499990324569814,52.28012363948443,1491.3301825756207,1.254594472069583,51.99228996460013,1500.477957888355,0.0045954396126015595,-0.2878336748842969,9.147775312734211
128,Train,Lightning,1493.4836627799086,943.1953344494104,545.3960536979139,149.19294327963144,24.977797911968082,0.809927453873679,10,184.39721429826247,40,25,1.2174341437660647,52.25874613541972,1493.4836627799086,1.2192463570742573,52.73987675552991,1484.0611700536317,0.0018122133081925895,0.4811306201101928,-9.422492726276914
129,Train,Lightning,1494.7016472928226,794.4378863438033,458.43729320913553,254.94132841238752,10.084950784221292,0.7960378224705347,10,187.7676669500398,45,25,1.1789792416905738,52.23622921000499,1494.7016472928226,1.1747191798188878,52.988028183591155,1514.4912585687423,-0.004260061871685927,0.7517989735861619,19.789611275919697
130,Train,Lightning,1357.435231434647,1094.060457427986,372.3658465780318,208.2515546772629,28.06982245342806,0.8294952337304131,9,181.8288167224003,40,25,1.1582012006682862,52.236124145115184,1357.435231434647,1.1560641050071059,53.626302005509956,1348.547654151344,-0.002137095661180366,1.3901778603947719,-8.887577283303017
131,Train,Lightning,1382.7012825524434,1196.9201413565315,720.298869535327,217.65029952628538,23.297566537745297,0.8317923414777033,9,184.7017196217821,35,25,1.2680762680851214,52.30787949722695,1382.7012825524434,1.271579834829452,52.27503811756103,1371.1748902249901,0.0035035667443306107,-0.032841379665917714,-11.526392327453323
132,Train,Lightning,1498.7604095949791,1060.1622071582824,412.3472752980888,263.0267127370462,16.62713500065729,0.8061651142500341,10,185.91233769638595,40,25,1.2430861565403488,52.27568164581726,1498.7604095949791,1.2445296252569598,52.8406716223758,1502.1626984952147,0.0014434687166109406,0.5649899765585431,3.4022889002355896
133,Train,Lightning,1478.6836231593043,1220.747559692245,494.76364087313414,326.09471420990303,17.96047642081976,0.8002068285853602,10,184.78767867719705,30,25,1.1409956012029692,52.32870822473482,1478.6836231593043,1.1565355955504635,53.293346639735695,1477.3202716425885,0.015539994347494313,0.9646384150008771,-1.3633515167157384
134,Train,Lightning,1434.2543660779484,1181.1264026677236,429.2890307493508,247.70953265950084,9.660300298128277,0.8553775734594092,9,186.30555812490616,40,25,1.1717829062157117,52.26472813533549,1434.2543660779484,1.1937687597818079,52.685871115867855,1432.1551129748188,0.02198585356609617,0.4211429805323661,-2.099253103129513
135,Validation,Lightning,1374.0103750722483,838.2350966450758,551.6537398099899,196.05275789042935,10.274321290664375,0.8531267589307391,9,178.95092124858124,50,25,1.2385798592746766,52.222287943098316,1374.0103750722483,1.254849057930719,52.95391132221115,1377.791736704917,0.016269198656042372,0.7316233791128326,3.781361632668677
136,Validation,Lightning,1439.705931104254,601.6531852073967,640.1855534873903,81.77861715201288,17.83241137629375,0.8400806114915759,9,190.41901871086637,55,25,1.1669499877125915,52.18138503621041,1439.705931104254,1.1616914220042844,52.359722230901234,1453.6348047796353,-0.0052585657083070725,0.1783371946908261,13.928873675381283
137,Validation,Lightning,1415.6933711841702,1007.6822832575999,415.220639295876,254.40697323763743,14.700792705640197,0.8414558900264092,9,186.93702822612715,45,25,1.207846741160848,52.23653454550123,1415.6933711841702,1.2053922749681352,51.672336420303054,1418.3449156255076,-0.002454466192712834,-0.5641981251981747,2.6515444413373643
138,Hidden Test,Lightning,1445.6494540558197,785.99732297007,594.591346476227,145.88783184997737,8.204782758373767,0.8002275647642091,10,180.65479342514118,45,25,1.1845968731956795,52.23946205384958,1445.6494540558197,1.1952909792150421,51.37759097367868,1452.5589298722489,0.010694106019362604,-0.8618710801709,6.909475816429222
139,Hidden Test,Lightning,1439.2638149438426,1193.5782472253777,741.0196948796511,175.02921270905063,13.218534261919558,0.8407048724475317,9,190.21919213440438,35,25,1.1941597268976902,52.30394361411439,1439.2638149438426,1.2170988580501358,53.85841423567635,1441.014209774406,0.022939131152445613,1.5544706215619613,1.7503948305634367
140,Hidden Test,Lightning,1446.5222703642212,1109.115538513288,439.34646947309375,284.0793065680191,22.676827016752213,0.8112658564373851,9,198.11593872931675,40,25,1.2261875009425796,52.260739004471894,1446.5222703642212,1.2288160780339852,53.23499826738671,1431.1639317805284,0.002628577091405626,0.9742592629148135,-15.358338583692785
141,Train,Lightning,1412.4134661164135,643.7563492800109,682.7566107735038,199.98434719862416,8.399324912577868,0.8074796493374743,9,194.35143622164745,50,25,1.1854861243171628,52.21301909263329,1412.4134661164135,1.1912434894867607,51.25076503095715,1426.6786743854182,0.0057573651695979056,-0.9622540616761412,14.265208269004688
142,Train,Lightning,1420.4384708893485,735.0582514656708,528.1323556788266,238.6021799594164,17.030026788357645,0.7980607749475167,9,197.76250345828913,50,25,1.2050108285706718,52.209167040329184,1420.4384708893485,1.2124880914726526,52.79660269087786,1435.5604498658918,0.007477262901980808,0.5874356505486773,15.121978976543232
143,Train,Lightning,1358.4202198544517,608.0748510663398,500.7171578705311,187.26977180456743,10.281839190982282,0.8395500255911611,9,179.78152031803955,60,25,1.2078816532039511,52.177088433162105,1358.4202198544517,1.212844542945246,50.397728029340215,1378.6383321025157,0.004962889741294774,-1.7793604038218902,20.218112248064017
144,Train,Lightning,1369.0455265226774,775.2632072195411,592.1177162788808,258.82268328685313,19.960523733403534,0.8026026692893357,9,189.5286116458123,45,25,1.1983574436668052,52.228565797387986,1369.0455265226774,1.1906490161778296,51.941646470650866,1362.1447926729445,-0.0077084274889756,-0.2869193267371202,-6.900733849732887
145,Train,Lightning,1461.1342021264136,1220.553546154406,562.2195968404412,154.28626535693184,21.627701135352254,0.8040821469505318,10,181.7145434291435,35,25,1.2545910439183268,52.31059554249694,1461.1342021264136,1.2625287215140568,52.40432347506856,1449.318768198016,0.007937677595730053,0.0937279325716176,-11.815433928397624
146,Train,Lightning,1367.545555124525,819.0666654380038,685.2199234999716,103.49436213262379,9.06883029686287,0.8025471215927974,9,189.33406156061767,50,25,1.2496087294368114,52.22569324479568,1367.545555124525,1.251903250909896,53.00690597430333,1371.9317145198888,0.00229452147308451,0.7812127295076507,4.386159395363848
147,Train,Lightning,1462.2360514244065,1245.265426451806,711.4823844283819,180.22990097058937,28.67384558636695,0.7964213636214845,10,183.6008070872599,30,25,1.2543790761493967,52.34523138857814,1462.2360514244065,1.2570806681036149,53.06405605241355,1437.6420698757493,0.002701591954218152,0.7188246638354059,-24.59398154865721
148,Train,Lightning,1373.3126272796653,974.1091503296047,680.3978878073394,104.14356300141662,18.843529507052153,0.8000107044167817,9,190.73531276210005,40,25,1.1614385635368478,52.24921759498249,1373.3126272796653,1.1544893380195085,52.17196733343357,1369.7400069437726,-0.006949225517339341,-0.07725026154891879,-3.5726203358926796
149,Train,Lightning,1368.4614785481244,721.2922219070606,466.37786608189344,306.2294705142267,22.821372404694557,0.8348490623966791,9,182.13025832205915,50,25,1.2239614604426905,52.20793628865961,1368.4614785481244,1.2272481913111846,51.78755786767005,1369.3037490063837,0.00328673086849407,-0.42037842098955736,0.842270458259236
150,Train,Lightning,1361.9964917306788,798.5022177686915,446.90806986764073,329.6397648938,24.603562420699745,0.8279648520564661,9,182.77701420507918,45,25,1.1853353462601577,52.22058967944075,1361.9964917306788,1.1858159264637607,51.01327574469204,1353.111278424193,0.00048058020360297604,-1.2073139347487114,-8.885213306485866
151,Train,Lightning,1438.3904931368306,1124.3280420196243,557.7457830309868,169.95427651097998,25.69912603031844,0.7993835356435739,9,199.93051992923802,40,25,1.2536326466799126,52.26377748173599,1438.3904931368306,1.2583884445531908,53.07363454628962,1423.5340380547154,0.004755797873278178,0.8098570645536256,-14.85645508211519
152,Train,Lightning,1451.9464607234113,677.7652724646032,407.5958929024637,266.28791405353695,25.52581219887361,0.8019121720362455,10,181.06053397800088,50,25,1.230591328599743,52.20917320300962,1451.9464607234113,1.2296800849643332,52.58563645349883,1454.215170930292,-0.0009112436354097309,0.37646325048920914,2.268710206880769
153,Train,Lightning,1437.1008574962616,1207.6813632971607,488.26854694634676,297.2081606113352,27.585154680535197,0.8243258148920722,9,193.7072334390578,35,25,1.2176613697559833,52.28578317219804,1437.1008574962616,1.2167801428490168,53.86648080721784,1411.3920871098294,-0.0008812269069664591,1.5806976350198028,-25.708770386432207
154,Train,Lightning,1375.5919298739173,1000.762171507813,385.06044605746865,257.12562321685255,15.656178173143417,0.8191681948350743,9,186.58384044627252,45,25,1.1891701111308801,52.23117670444395,1375.5919298739173,1.1972580635641843,52.251275030340096,1378.7598563609406,0.00808795243330418,0.02009832589614291,3.167926487023351
155,Validation,Lightning,1429.3583751423284,1184.107247425709,577.3633603006601,137.3322784039192,14.136000358499587,0.8192416311311536,9,193.8592854696018,40,25,1.2207806536699277,52.27107084001986,1429.3583751423284,1.2421238205762453,51.98445602383034,1432.2501482679156,0.021343166906317546,-0.28661481618951967,2.8917731255871786
156,Validation,Lightning,1369.4531165412627,748.291178746149,520.920994412154,306.6569248167798,23.558192636352032,0.8338821067661047,9,182.4735848854871,45,25,1.1810398372923356,52.220717389101765,1369.4531165412627,1.1816401619309023,51.24749271567049,1360.2117283893156,0.0006003246385666294,-0.9732246734312753,-9.241388151947149
157,Validation,Lightning,1399.9365433584899,1077.7239405433647,501.12438555806875,87.68639595480636,8.637442719191313,0.8107952732988634,9,191.8468322894058,45,25,1.1708347938675183,52.234854426536614,1399.9365433584899,1.1798505934674914,51.736116625859474,1410.3704785249595,0.009015799599973118,-0.4987378006771408,10.43393516646961
158,Hidden Test,Lightning,1417.1020850655623,1178.7337875692174,418.4294362552464,206.13122072070837,19.368467467371374,0.7947874328074978,9,198.1105648252539,40,25,1.1911679171790421,52.256178686265706,1417.1020850655623,1.189705996168949,52.9968921529823,1410.7598472307557,-0.0014619210100932367,0.740713466716592,-6.34223783480661
159,Hidden Test,Lightning,1439.9998959386721,652.8558946331032,357.05129131674767,295.69137409096584,29.425866714678705,0.8026851008250379,9,199.33095590434488,55,25,1.1969514570133528,52.17857545547436,1439.9998959386721,1.179970876325293,50.93464286178085,1432.1532207619553,-0.016980580688059854,-1.2439325936935077,-7.846675176716872
160,Hidden Test,Lightning,1401.0249866056256,605.3730078041553,540.3134732507169,97.8061492042616,15.877867074217647,0.8214529330562801,9,189.5050059374677,60,25,1.1811676394127109,52.16889158837316,1401.0249866056256,1.17018455452821,51.95011439400295,1411.8780311311727,-0.010983084884500949,-0.2187771943702046,10.853044525547148
161,Train,Lightning,1443.1240341626108,679.6237676753663,507.12862852960825,220.51902206847444,28.61184581555426,0.8022488254611381,9,199.87204694851144,50,25,1.18286841883949,52.19442879589429,1443.1240341626108,1.1640883803523268,50.54562194860887,1432.3449998909027,-0.018780038487163253,-1.648806847285421,-10.779034271708042
162,Train,Lightning,1384.3266756855883,1012.7749155508354,516.0008841194212,277.5412929896265,28.216288514900953,0.8053801483521238,9,190.98319643325345,40,25,1.2388151684356041,52.25664999267299,1384.3266756855883,1.2426010549629625,52.28094514634387,1374.5275677520406,0.0037858865273583397,0.024295153670877312,-9.799107933547702
163,Train,Lightning,1410.3358909254894,965.0960998260416,404.77361492812634,171.13464289112017,25.641829480417073,0.7944844120065682,9,197.23985205050747,45,25,1.1669640254968512,52.215281104465845,1410.3358909254894,1.1662403032906459,52.30214419160681,1399.4113903642212,-0.0007237222062053128,0.08686308714096214,-10.924500561268133
164,Train,Lightning,1410.943474934902,1133.113592909649,600.2659174613655,311.6809803014621,16.162289030384272,0.8515420774929225,9,184.1030541632772,35,25,1.1780522882065965,52.293876057008106,1410.943474934902,1.2007899508487012,53.17036961970907,1402.7442219898633,0.02273766264210475,0.8764935627009649,-8.19925294503878
165,Train,Lightning,1392.41519481875,979.4521285104565,416.24803077429533,328.6573581700213,25.43499542027712,0.8566445569158532,9,180.6032597479082,40,25,1.1749507507496957,52.24387044590913,1392.41519481875,1.1701407834397801,53.4722182412472,1384.7271071334978,-0.004809967309915564,1.2283477953380668,-7.688087685252185
166,Train,Lightning,1417.8638438810594,600.6340376799926,703.8544443435967,119.62388401851058,8.401535599026829,0.8257523903390394,9,190.78410058639028,55,25,1.2121555048826504,52.19705472067512,1417.8638438810594,1.2204434246121878,52.13549135583544,1429.221101871016,0.008287919729537352,-0.06156336483967806,11.357257989956452
167,Train,Lightning,1496.4773978339508,929.5055959490128,630.3330540657043,249.52869103988633,12.705374079756439,0.8535841881460511,9,194.7965634030047,40,25,1.1591262011474899,52.25712560265394,1496.4773978339508,1.1595868288752624,51.81231418572116,1501.0439967797638,0.0004606277277725557,-0.4448114169327795,4.566598945812984
168,Train,Lightning,1404.1750670294277,1201.7152012325823,410.7851362787187,125.86970212403685,14.59516049688682,0.8304713779781014,9,187.8685479468417,45,25,1.2487107241685853,52.24605534843014,1404.1750670294277,1.2496848449746085,52.82445998514844,1399.2397129067608,0.0009741208060232154,0.5784046367182967,-4.935354122666922
169,Train,Lightning,1374.434502236545,1142.730418255087,536.3939883187413,297.39590127253905,27.49927463196218,0.8450462889787741,9,180.71784550110644,35,25,1.2083206490092053,52.28318892900094,1374.434502236545,1.1989610021694883,53.96078086778554,1360.3520916327882,-0.009359646839717017,1.6775919387845946,-14.082410603756898
170,Train,Lightning,1483.9318108395673,742.3410158837214,431.7895592190325,117.80390578322113,17.265591223258525,0.8581685129972175,9,192.13162661916738,60,25,1.2300012522935992,52.17644488393214,1483.9318108395673,1.222556118755163,51.84695061708109,1505.6281190415066,-0.007445133538436233,-0.3294942668510501,21.696308201939246
171,Train,Lightning,1390.1782690314576,1114.2357258708216,365.41496105492115,256.5482073533349,26.81983865890652,0.8254365829261952,9,187.13036871594232,40,25,1.1891947217489538,52.24571681259046,1390.1782690314576,1.1795860142004895,53.1654373178204,1375.5011762088245,-0.009608707548464324,0.9197205052299395,-14.677092822633085
172,Train,Lightning,1472.2545085824095,692.336101224646,443.74469919130206,136.1553695006296,14.638282525818795,0.8040470397844911,10,183.10551942048292,55,25,1.222846373302495,52.19541491643805,1472.2545085824095,1.2261519956799016,52.571342829138814,1490.2052819044518,0.003305622377406614,0.3759279127007673,17.950773322042323
173,Train,Lightning,1452.1252123173326,1052.5850507314317,556.1617961153388,303.8162959110923,19.34921956434846,0.8437372262054124,9,191.2292604875017,40,25,1.257034261734767,52.273216408034514,1452.1252123173326,1.2740686029795945,51.89756691707897,1444.1639448192702,0.0170343412448275,-0.3756494909555457,-7.961267498062398
174,Train,Lightning,1351.0870164376684,1039.5997919840738,655.9670601971447,277.0636509358883,24.068012634757906,0.8406684366567061,9,178.5731128448307,35,25,1.1865283772865116,52.28258241119853,1351.0870164376684,1.1875161152033178,52.527332858048524,1334.9721576460772,0.000987737916806175,0.24475044684999148,-16.114858791591132
175,Validation,Lightning,1444.9795807013288,1128.567326173652,554.3343879282475,199.68340951716527,15.5894326409325,0.8204186386405491,9,195.6967811099858,40,25,1.21885966952991,52.268542085400306,1444.9795807013288,1.238146149763156,52.11938559662232,1443.6900716943971,0.019286480233245973,-0.14915648877798304,-1.2895090069316666
176,Validation,Lightning,1492.0488435658626,975.9022081270814,550.8781000040472,276.14776608068496,22.903015190269798,0.8426688884850592,9,196.73587942554116,40,25,1.209456448111365,52.25612155997147,1492.0488435658626,1.2226133567136672,53.5450951992504,1475.780939395524,0.01315690860230223,1.2889736392789288,-16.267904170338625
177,Validation,Lightning,1371.084198821336,649.6308812289499,501.3980308547616,268.58481949428096,26.10034258849919,0.8089019632269628,9,188.33269751279082,50,25,1.1817299249686721,52.1963532710963,1371.084198821336,1.1758185460304489,51.63495634981787,1371.9007861651585,-0.005911378938223244,-0.5613969212784298,0.816587343822448
178,Hidden Test,Lightning,1413.1824932643212,1141.7142910184339,493.8163944520056,129.00150862522423,11.974202722776681,0.8122110803658144,9,193.32447047958047,45,25,1.2536418914603054,52.25013468236436,1413.1824932643212,1.2740024832475398,53.832295858868726,1423.414511335135,0.020360591787234483,1.5821611765043642,10.232018070813865
179,Hidden Test,Lightning,1364.414588897489,942.310751567129,446.7362817376852,113.6166310007684,10.792552155442536,0.8156773789669387,9,185.85978341168962,50,25,1.17825400264884,52.209302831856846,1364.414588897489,1.1890224574940276,52.13336294380838,1367.6306096967141,0.010768454845187625,-0.07593988804846674,3.2160207992251344
180,Hidden Test,Lightning,1423.4960616915487,1109.1550576034933,519.6625459007919,107.27669046726078,11.715096920263022,0.8119376697577536,9,194.80094959016813,45,25,1.233113197519164,52.24570050278751,1423.4960616915487,1.24259400966151,53.755314310136455,1420.786711261948,0.009480812142345973,1.5096138073489485,-2.7093504296005904
181,Train,Lightning,1441.004214109853,1141.2393949809484,446.8460587784648,317.7596332808025,22.30912744998932,0.794970600961242,10,181.26509488117634,35,25,1.239905471622991,52.30518766132971,1441.004214109853,1.2515661057105274,53.70721161542622,1424.6055649371651,0.011660634087536481,1.4020239540965065,-16.398649172687783
182,Train,Lightning,1398.4102250193246,882.5787776848301,407.4584764428437,308.08013344183564,20.595815292093903,0.8238627163833008,9,188.59806470322934,45,25,1.1822877750745506,52.22418645365678,1398.4102250193246,1.1767721803567897,51.74928087300036,1402.399073804527,-0.005515594717760974,-0.47490558065641864,3.9888487852024355
183,Train,Lightning,1395.2429824741557,646.856289927382,423.4988048672676,262.874298596289,21.27814234327525,0.825246386115905,9,187.85540980352818,55,25,1.1884648605645778,52.182883793164486,1395.2429824741557,1.1804040877046575,52.345809739237254,1405.7442523021891,-0.00806077285992024,0.1629259460727681,10.5012698280334
184,Train,Lightning,1439.9121052469127,1173.7173574976623,373.3433715067804,154.9278204748407,11.466573213692755,0.8567291460651905,9,186.74540798702978,45,25,1.2087983549164765,52.24038256457756,1439.9121052469127,1.2254080597413308,52.68754758597262,1442.0840164994415,0.016609704824854354,0.4471650213950582,2.1719112525288438
185,Train,Lightning,1413.9423217624426,940.3479112661444,664.1196684911847,164.76404898101464,24.51294626109302,0.8252187221986242,9,190.37946933568867,40,25,1.1973959389325877,52.25086744171102,1413.9423217624426,1.2021958080441593,52.10885745300867,1396.774821275458,0.0047998691115715975,-0.14200998870235537,-17.167500486984636
186,Train,Lightning,1391.7712392867543,1065.7639159122482,371.89416447654366,254.09531748853624,13.927644711453468,0.8027489965455606,9,192.63960400461562,45,25,1.2138841029140115,52.23878664856402,1391.7712392867543,1.2259752909555266,53.56034375491039,1395.0165951263887,0.0120911880415151,1.3215571063463685,3.245355839634385
187,Train,Lightning,1406.183182890527,1024.2812179611064,687.0897803455591,118.1605505826883,29.95385653618723,0.7907776123541408,9,197.5809297529199,35,25,1.14383213555442,52.260269706760575,1406.183182890527,1.1318824268197025,53.541186364685615,1388.7874085864175,-0.011949708734717568,1.2809166579250402,-17.39577430410941
188,Train,Lightning,1461.9599853060208,946.4573677163571,721.349077951163,279.00240551214665,11.348584722261876,0.8542037402093411,9,190.1654028435022,40,25,1.2344747972043033,52.27855617012018,1461.9599853060208,1.2456355609618015,53.28038506181244,1463.8210060583397,0.011160763757498193,1.0018288916922558,1.8610207523188365
189,Train,Lightning,1458.6332510691136,806.4660531352274,387.25482877343893,135.18206098349765,28.158648367971182,0.8007169765629806,10,182.1658955365466,50,25,1.2215522444592397,52.205232434856065,1458.6332510691136,1.207817621722877,52.34335385023819,1457.2926514942374,-0.013734622736362612,0.1381214153821233,-1.3405995748762507
190,Train,Lightning,1385.8171846834011,967.2297815559432,384.2083622701466,310.3968155756593,14.024749937001616,0.8029894005088136,9,191.7580569425642,45,25,1.194084033223672,52.23412161604471,1385.8171846834011,1.194065152524874,52.69922543016742,1384.6158206341836,-1.8880698797962836e-05,0.4651038141227062,-1.2013640492175455
191,Train,Lightning,1370.1114408904687,953.4197474946268,447.62626215815544,235.27874551480636,22.334762311540544,0.8327321759029291,9,182.81340501622608,45,25,1.216413461539298,52.230143937449505,1370.1114408904687,1.216418327976515,51.90809825131487,1371.4996333545996,4.866437216977104e-06,-0.32204568613463636,1.3881924641309524
192,Train,Lightning,1353.8747573154978,1101.9333582371473,366.3469969294965,129.68203708995134,12.55876471241936,0.8187204757612199,9,183.73856895510696,45,25,1.1436833366135468,52.22416228601261,1353.8747573154978,1.1457741789690998,53.2088167902875,1367.369616272431,0.002090842355553013,0.9846545042748929,13.494858956933058
193,Train,Lightning,1417.5664233975112,974.0357327624224,677.0895713940263,119.53239420661703,27.13857109285891,0.8512240248476155,9,185.03634270155604,40,25,1.2117095094432555,52.25108980161726,1417.5664233975112,1.2213644712905671,51.617680013316495,1394.3297313068165,0.009654961847311627,-0.6334097883007672,-23.23669209069476
194,Train,Lightning,1462.0071423822083,1137.6970782177523,370.03974551334977,299.89237354137003,22.26356291072443,0.8353328558662907,9,194.4676746540779,40,25,1.2089712230753469,52.25685458258471,1462.0071423822083,1.2228675442171295,52.597902267063375,1458.9532831959566,0.01389632114178263,0.3410476844786672,-3.053859186251657
195,Validation,Lightning,1405.1964800572023,844.3021123879589,735.8872305601835,228.04711163742468,23.621344421990216,0.8393738912115806,9,186.01119699257083,40,25,1.216395297038877,52.256949269181256,1405.1964800572023,1.216525000609017,52.36869148677231,1396.8434715623507,0.0001297035701399718,0.11174221759105762,-8.353008494851565
196,Validation,Lightning,1428.0381060554646,660.1993952412158,474.1895797662437,301.67974745389074,11.576995901297778,0.8291239643655718,9,191.37174595386475,55,25,1.2349837307868095,52.19891901554979,1428.0381060554646,1.2287155817804658,51.28629874699014,1438.2026224567817,-0.0062681490063436485,-0.9126202685596496,10.164516401317087
197,Validation,Lightning,1471.045400435105,1165.8009024220519,565.7219989225268,301.6773175750859,29.652722351253033,0.7991165927262046,10,184.08395143149258,30,25,1.2074643784792463,52.327251937927834,1471.045400435105,1.2001109692240304,52.17414310394316,1448.2516795297474,-0.007353409255215881,-0.15310883398467467,-22.79372090535753
198,Hidden Test,Lightning,1442.5234220107086,749.2078061914071,643.5661134310067,223.36620969697833,25.530731333885342,0.8147132801404223,9,196.73225431625033,45,25,1.2175794189574363,52.22699664966412,1442.5234220107086,1.214093122269354,50.82355821880692,1425.3760838308585,-0.003486296688082202,-1.4034384308572,-17.147338179850067
199,Hidden Test,Lightning,1367.9384372429922,654.8690460738726,474.5294123888016,89.11478692432866,16.775554600171745,0.8384092836058699,9,181.28754376378862,60,25,1.161896833996603,52.16499667778697,1367.9384372429922,1.1458164432336122,52.09765168785765,1378.508334910973,-0.016080390762990726,-0.06734498992931748,10.56989766798074
200,Hidden Test,Lightning,1441.4962899754755,805.7537053711712,713.0013114772737,112.75868634227663,26.60327666765079,0.8163731899205595,9,196.19244779131603,45,25,1.2329948655576055,52.22939377417001,1441.4962899754755,1.2264206152357202,51.39536091988563,1432.0078395142502,-0.0065742503218853,-0.8340328542843807,-9.488450461225284
201,Train,Lightning,1369.948504306376,901.3433210900985,562.2964175418019,323.0224731215276,11.615885144099593,0.8549503838387318,9,178.04132655632404,40,25,1.1395083615965391,52.25358530536765,1369.948504306376,1.1566533712265126,53.080498493707736,1369.6458611106937,0.01714500962997345,0.826913188340086,-0.3026431956823217
202,Train,Lightning,1439.8900919244625,992.9066345328465,577.2553653456271,287.143199397251,16.18344581546262,0.8324437946500257,9,192.190498649664,40,25,1.2068103378579356,52.264600313197064,1439.8900919244625,1.208157055119503,52.37692395558013,1445.439904512023,0.0013467172615675427,0.11232364238306758,5.549812587560609
203,Train,Lightning,1378.5808498738334,706.367899721954,738.756226375699,175.0844997423701,15.563658238388598,0.8136178383114748,9,188.26486192076544,45,25,1.1733090354374225,52.2276310299841,1378.5808498738334,1.1676098356633866,52.59853108231106,1384.9368599723007,-0.005699199774035879,0.37090005232695944,6.356010098467323
204,Train,Lightning,1405.5151949054562,665.9108681138605,467.65624983236194,244.79962586890906,21.75144663779065,0.8469808396324516,9,184.38239412507204,55,25,1.2277344575283593,52.18992183452937,1405.5151949054562,1.220719047617076,52.54544084844309,1409.581445187387,-0.0070154099112833546,0.355519013913721,4.066250281930934
205,Train,Lightning,1436.4093595650047,923.4405866707675,501.36759486049414,105.163970713038,18.328393924981356,0.8507456022524276,9,187.60136935073035,50,25,1.2318667866586424,52.21356090783869,1436.4093595650047,1.2324189821094036,52.71993837824932,1447.5000227428059,0.0005521954507612392,0.5063774704106265,11.090663177801162
206,Train,Lightning,1469.237993855495,847.5742262555286,437.632102239877,279.63001273572445,26.125001395586878,0.8572683602524922,9,190.42889432646516,45,25,1.1854100571234443,52.21899710650646,1469.237993855495,1.1856282063038501,51.25235323415302,1466.7206618669447,0.00021814918040585773,-0.966643872353437,-2.517331988550268
207,Train,Lightning,1396.8644401291385,676.3366510276683,637.6898534595966,234.84814014052972,22.03462794329971,0.8163162338524126,9,190.13116924293544,45,25,1.155587200310332,52.216508278963595,1396.8644401291385,1.1407651433133787,52.04048844626265,1388.7353159738732,-0.01482205699695327,-0.1760198327009448,-8.129124155265345
208,Train,Lightning,1416.7662471416406,699.3790863081813,735.89618941769,298.19854353088886,29.09252164652571,0.8052319319453091,9,195.49457201023978,40,25,1.1990517797567952,52.24529190526761,1416.7662471416406,1.19044367240666,51.36659602379857,1404.2604435425842,-0.008608107350135175,-0.8786958814690351,-12.505803599056435
209,Train,Lightning,1369.1361070610583,877.4026838480495,415.0931427255273,116.13899840274826,14.629332842305303,0.7945908342977055,9,191.45228909209763,55,25,1.2245892995488619,52.19464138508444,1369.1361070610583,1.220091172067767,52.05474743456571,1376.4227378878281,-0.004498127481094905,-0.13989395051872577,7.286630826769851
210,Train,Lightning,1475.5599919357337,950.9437666507438,643.3098533190787,128.76445536501706,26.839343443978578,0.8069895849609748,10,182.8474641351276,35,25,1.1561522500496215,52.27351288155175,1475.5599919357337,1.1500370169825718,51.655691305431816,1465.4540944871328,-0.006115233067049752,-0.6178215761199368,-10.1058974486009
211,Train,Lightning,1453.591445996426,760.5820536264218,747.6964320987463,172.54147176397964,21.402833965606987,0.8390003098244779,9,192.5031001479107,45,25,1.2422509652367988,52.237081851871494,1453.591445996426,1.231927149004281,50.842327786127704,1455.500310377694,-0.01032381623251788,-1.3947540657437898,1.9088643812679038
212,Train,Lightning,1356.2369359075092,908.3237847778946,412.3394506983459,122.87553334143013,26.141388073097914,0.8446504913456738,9,178.40869616796437,50,25,1.1999744458408963,52.20008378252789,1356.2369359075092,1.1870462463670048,52.73061012913767,1359.7056273702956,-0.012928199473891455,0.5305263466097827,3.46869146278641
213,Train,Lightning,1477.588039683178,891.0432975622825,410.50402503460646,177.93619840638712,13.250905856490135,0.8576590397791006,9,191.42391234630009,50,25,1.1716900407156283,52.20568846801243,1477.588039683178,1.178696818463618,52.552323022193285,1495.6920723325125,0.007006777747989634,0.3466345541808522,18.104032649334385
214,Train,Lightning,1365.800206095446,918.3319447329268,401.5389275737107,284.90426244214177,14.728347933385521,0.8298914534365759,9,182.86196083431216,45,25,1.158820363426449,52.2252245628857,1365.800206095446,1.1566965312797135,51.39048937750241,1373.8933183463223,-0.0021238321467353938,-0.8347351853832876,8.093112250876402
215,Validation,Lightning,1480.9692492010072,708.0581771326251,528.9143785834312,299.0242343931459,18.8037815047428,0.8460085190436804,9,194.50411561590423,50,25,1.2384621516405114,52.21450029949777,1480.9692492010072,1.2446116783797696,50.94246331749347,1486.2324297914258,0.006149526739258171,-1.2720369820043018,5.263180590418642
216,Validation,Lightning,1489.4596951897256,749.6987870894372,366.63029408082366,101.67629508767277,11.880606552120298,0.8466830200422556,9,195.46337622252997,65,25,1.231595380654994,52.16491748829302,1489.4596951897256,1.233670088730247,50.84080185246711,1512.067575381717,0.0020747080752530067,-1.3241156358259119,22.6078801919914
217,Validation,Lightning,1406.7284099757671,1215.442142111715,433.103190548718,225.4220587038435,26.592728732153773,0.8122294025612065,9,192.4372057587459,35,25,1.1485892091939696,52.26719836549847,1406.7284099757671,1.1523231494111046,52.18802645347527,1387.6241818559527,0.0037339402171350233,-0.07917191202320595,-19.10422811981448
218,Hidden Test,Lightning,1423.1209798366763,965.6156378099695,579.5198903419077,136.18659569881856,12.595586088020355,0.8126757283555344,9,194.57275244968181,45,25,1.2003294987768827,52.237160152161415,1423.1209798366763,1.214116248620668,53.06806160848354,1425.8258403351947,0.013786749843785362,0.830901456322124,2.7048604985184284
219,Hidden Test,Lightning,1372.2020500106737,1045.051587803755,656.2358323484659,138.2918871077709,17.891644888557494,0.8135506140696817,9,187.40923036482573,40,25,1.2052447873267875,52.261836403484516,1372.2020500106737,1.214775561420359,51.72021064595949,1368.2820342234224,0.009530774093571504,-0.5416257575250256,-3.920015787251259
220,Hidden Test,Lightning,1439.1528949490748,634.1263204347342,421.9789589755237,124.44745171349496,25.915075059514493,0.8520675165206194,9,187.66808277063836,60,25,1.1604872981308054,52.15907768460046,1439.1528949490748,1.1397388637312447,51.96544741724012,1449.1985267505788,-0.020748434399560756,-0.19363026736034072,10.045631801503987
221,Train,Lightning,1351.5721596311778,749.1545558790676,498.0423307046294,239.33957026572898,8.634792905300856,0.8468087905296124,8,199.5096435503869,60,25,1.2285862090630066,52.18103395291933,1351.5721596311778,1.2293494520606056,51.22189844716311,1366.8793867267366,0.0007632429975990007,-0.9591355057562154,15.307227095558801
222,Train,Lightning,1418.1913323816843,656.0855491785333,566.7326648719609,225.88949363678694,9.620323406998068,0.8091307736514136,9,194.74826547255094,55,25,1.2374799117737556,52.20088974932113,1418.1913323816843,1.2405518460302796,52.582628027057986,1429.0017277688569,0.003071934256523967,0.38173827773685787,10.810395387172548
223,Train,Lightning,1488.2993389153853,1217.579419829417,495.99122628569603,167.72524207597598,22.747348628006876,0.8589453181042337,9,192.52284135828216,40,25,1.2560311608944488,52.268341061366186,1488.2993389153853,1.247534447571276,53.35305403674019,1469.0478711738474,-0.008496713323172811,1.0847129753740035,-19.25146774153791
224,Train,Lightning,1488.8676917064004,1163.1070986390114,440.3423278592527,303.56694482732564,14.851301373448223,0.8078567909728736,10,184.29846828587145,35,25,1.1999636674570444,52.30539058633216,1488.8676917064004,1.213425308188467,53.48525303095831,1489.8630397292206,0.01346164073142253,1.1798624446261528,0.9953480228202807
225,Train,Lightning,1498.247320856899,631.0246116830967,470.1267624273896,138.53539990494028,25.20785122551024,0.8019465749268421,10,186.8263258052542,55,25,1.2306139768438782,52.18977573359817,1498.247320856899,1.2290535944305707,51.957792481508626,1493.8627645895308,-0.0015603824133074706,-0.23198325208954174,-4.384556267368225
226,Train,Lightning,1419.840645196382,753.2080489443615,584.5312588848174,103.82652484811842,21.665503062773496,0.8112515496322885,9,194.46504818387578,50,25,1.1795666593244665,52.1997761524602,1419.840645196382,1.1682672629767386,51.345816797830665,1414.1243605185152,-0.011299396347727919,-0.8539593546295379,-5.7162846778667245
227,Train,Lightning,1467.5699151819572,1243.4065872454084,659.5869820564985,183.58423896832392,18.065945346839726,0.8564107302646153,9,190.40317705818885,35,25,1.2114655807425416,52.30034964475453,1467.5699151819572,1.216754730612727,53.84243759644536,1454.146050771649,0.005289149870185472,1.5420879516908244,-13.42386441030817
228,Train,Lightning,1363.7344885035418,967.8417332936078,420.4952153377235,294.21075833495706,27.495034910272807,0.7905648276023567,9,191.6680947440111,40,25,1.1600762496473773,52.237351251208715,1363.7344885035418,1.1495216473016017,53.27238500020543,1348.2501862376312,-0.010554602345775654,1.0350337489967174,-15.484302265910628
229,Train,Lightning,1465.788839617744,1049.257992755156,573.8984359428287,229.07182875322178,16.3399755731225,0.8378365590632894,9,194.38806395161265,40,25,1.2045882007851751,52.26380869104307,1465.788839617744,1.2096726891161622,52.57547039186726,1471.1344160067658,0.005084488330987069,0.311661700824196,5.345576389021744
230,Train,Lightning,1494.9213328887708,673.8264679675922,599.2541161365807,206.3058944605291,19.263463674578816,0.8220295299729332,10,181.85737596774578,45,25,1.1977912459999203,52.231303707411335,1494.9213328887708,1.185343278708248,52.49732777695454,1497.607785995331,-0.01244796729167219,0.26602406954320656,2.686453106560066
231,Train,Lightning,1380.7702022837475,627.5883864727803,665.3463304042816,295.65210999688134,20.092040586285293,0.8442512152320706,9,181.7218721120686,45,25,1.1734405619563217,52.22270040098032,1380.7702022837475,1.159613097205788,52.10409799211161,1374.7521377640342,-0.013827464750533647,-0.11860240886871054,-6.0180645197133344
232,Train,Lightning,1421.9027542392723,675.4447230137885,615.2422822080553,145.13722019735724,15.961007935460657,0.8534049438033253,9,185.12805211951607,50,25,1.1506835937728075,52.19888089234849,1421.9027542392723,1.158461994074148,50.58790243534975,1435.7984565870474,0.007778400301340582,-1.610978456998744,13.895702347775114
233,Train,Lightning,1410.383570753038,1026.9108843407594,715.0470675900578,120.37970636272803,15.898036351427436,0.8222997664031573,9,190.57440126085964,40,25,1.2083124107323242,52.265384999369424,1410.383570753038,1.2069491813467212,53.04533098317887,1407.2616612167296,-0.0013632293856029598,0.7799459838094478,-3.1219095363082943
234,Train,Lightning,1424.72424848238,1098.8330949330702,695.1000929810107,221.68525370769203,26.12314145686105,0.8066312905820087,9,196.2516159788444,35,25,1.2212244000881989,52.28928530550987,1424.72424848238,1.2253640785949613,51.885052377908686,1410.8437872633779,0.004139678506762445,-0.40423292760118557,-13.8804612190022
235,Validation,Lightning,1362.3756102053449,807.9447394818999,639.8032564669847,117.4361855792813,10.272014484740794,0.8157845272752456,9,185.55765982249372,50,25,1.2229586789833464,52.21905134350477,1362.3756102053449,1.2322142866863777,52.865591093089755,1379.0761649607816,0.009255607703031243,0.6465397495849814,16.70055475543677
236,Validation,Lightning,1477.7679523802362,1190.8322708215564,374.0205745212734,168.27013231348246,21.28853614954278,0.8530884962156415,9,192.47292617559154,40,25,1.1588411759915147,52.24523720029106,1477.7679523802362,1.149382758597119,52.165313493550535,1464.3713232130913,-0.00945841739439568,-0.07992370674052296,-13.396629167144965
237,Validation,Lightning,1391.2851949688047,706.4511309261434,394.3993976339698,81.10867043258622,27.242853853851557,0.8552418380253949,9,180.7526678563082,60,25,1.1664601378639365,52.15929698810293,1391.2851949688047,1.144476156555697,51.57094445465647,1394.2707073478873,-0.021983981308239642,-0.5883525334464608,2.985512379082593
238,Hidden Test,Lightning,1452.7905730647035,660.8431265456602,663.0200599320233,211.05346262454987,14.50250674271956,0.8161845203442499,9,197.77534462045776,50,25,1.2189102164594567,52.21433187851127,1452.7905730647035,1.210593329128852,52.55243086487159,1455.8061602149662,-0.00831688733060476,0.3380989863603219,3.015587150262718
239,Hidden Test,Lightning,1435.9436946222559,659.3723275815137,489.69957008957863,280.8315906277858,9.091790332458913,0.8138529186486267,9,196.0419330650048,55,25,1.219768901889851,52.197957701413,1435.9436946222559,1.2110907002830016,50.812312361154056,1443.271249779904,-0.0086782016068494,-1.3856453402589466,7.3275551576482485
240,Hidden Test,Lightning,1365.5793290468864,895.0651796534657,517.1426876448095,127.86197852808982,9.656728649046272,0.8391528836544604,9,180.81453274638778,50,25,1.201324056389975,52.21513539071048,1365.5793290468864,1.196921444741645,51.876570335260965,1377.6280451847417,-0.0044026116483300015,-0.3385650554495143,12.048716137855308
241,Train,Lightning,1485.1178077049553,618.5479090898298,695.7365730777383,119.83088216045871,13.116771506145597,0.8131787894596346,10,182.63115405307494,50,25,1.2510508579778647,52.223460486869826,1485.1178077049553,1.2396378596838495,51.400745454828645,1496.4543665043955,-0.011412998294015209,-0.8227150320411809,11.336558799440127
242,Train,Lightning,1366.4639398106374,1140.9018208505586,661.8741282261908,316.07055586762726,21.28998488234356,0.8258902037376539,9,183.837180727543,35,25,1.2477562389502985,52.30538114128345,1366.4639398106374,1.264899290379765,52.20826013626437,1350.637465395534,0.01714305142946637,-0.09712100501907628,-15.826474415103348
243,Train,Lightning,1489.0378629555926,748.4008658328094,475.9351011365652,216.65408146334812,25.068900001235306,0.796261982365977,10,187.00351089614156,45,25,1.1935438515461663,52.22465152589097,1489.0378629555926,1.1835465944857257,52.67790319445614,1481.1247951381263,-0.009997257060440523,0.45325166856517285,-7.913067817466299
244,Train,Lightning,1389.5223104744218,1073.4280759934336,547.9305553250015,112.51846076454967,16.79305726243183,0.8562875969149173,9,180.30316962051242,45,25,1.256286272434626,52.24535478558304,1389.5223104744218,1.2559109129387456,51.76332131284702,1382.1530564756522,-0.00037535949588041184,-0.4820334727360205,-7.369253998769636
245,Train,Lightning,1422.786929877475,1032.746165979188,728.6896554753184,138.2545272191055,23.482400983572006,0.8049248768971302,9,196.40023707859189,35,25,1.1444176631338983,52.271209217616935,1422.786929877475,1.1554428126389005,52.77507904840088,1402.1428057590722,0.011025149505002219,0.5038698307839482,-20.644124118402715
246,Train,Lightning,1402.0265423809178,668.7561036786065,508.10450138524175,198.4971616603434,12.1386115164496,0.8266797253256664,9,188.44145097406863,55,25,1.187026820580141,52.18945265977647,1402.0265423809178,1.1944525841421718,50.61337386376447,1411.068606146269,0.007425763562030729,-1.5760787960119984,9.042063765351259
247,Train,Lightning,1390.68037730176,991.8997680884786,420.7210198044777,204.94827335467562,15.367596249096096,0.8069909793487751,9,191.4767895511202,45,25,1.1705754772499337,52.22721945587504,1390.68037730176,1.1748259686958145,52.075090035541564,1404.0440534980044,0.004250491445880744,-0.15212942033347332,13.363676196244342
248,Train,Lightning,1443.869259848725,1099.026211630553,508.9898637495935,265.86561328265816,9.66903526103124,0.8476270654518158,9,189.2694609456041,40,25,1.1813148836059895,52.26718500230475,1443.869259848725,1.1842446262316852,52.87784025549662,1452.405615438829,0.002929742625695786,0.6106552531918723,8.536355590103994
249,Train,Lightning,1410.7166904956102,750.1820734119974,607.9632537439466,317.1033323579468,28.531289203092456,0.8070363227766939,9,194.22459004652288,40,25,1.160871615483936,52.23621314723471,1410.7166904956102,1.1627670326915256,51.291447701312606,1403.3925010920539,0.001895417207589567,-0.9447654459221013,-7.324189403556375
250,Train,Lightning,1450.7629776955582,733.7218782166019,450.1739517785609,168.44462386332452,16.496672224719077,0.8171356461243704,9,197.26943399808934,55,25,1.1854419050413332,52.185863685267876,1450.7629776955582,1.1897945876015756,52.05588034393976,1472.3558468173048,0.00435268256024246,-0.1299833413281135,21.592869121746617
251,Train,Lightning,1431.8034042371437,1236.3414526567794,479.18628193438053,261.47750868229195,22.005761899985373,0.8155183999496513,9,195.07747114875926,35,25,1.1768342168371264,52.28326454255741,1431.8034042371437,1.1813191742617013,52.94621903695388,1413.3736629271275,0.004484957424574887,0.662954494396466,-18.429741310016198
252,Train,Lightning,1374.2923435172997,810.1810935419053,588.8750906102359,114.1407450614497,24.076755444984883,0.8044790509343147,9,189.81121895263345,50,25,1.2438524832861853,52.21094523118762,1374.2923435172997,1.23839159055362,52.14002906122395,1376.3357451062054,-0.005460892732565226,-0.07091616996367378,2.043401588905681
253,Train,Lightning,1485.6319311540574,710.9957476030104,350.1372819766402,207.31834762962535,19.581257190555334,0.845104650745634,9,195.32517591405033,60,25,1.2172341335634604,52.17278328099136,1485.6319311540574,1.2158163376480815,51.969266778627436,1502.8125398782863,-0.0014177959153789388,-0.20351650236392516,17.180608724228932
254,Train,Lightning,1380.7955730822869,975.6782877026126,384.0199221856892,270.87707716971636,27.87857654923573,0.8498949018446729,9,180.51847353064338,45,25,1.2382247518642002,52.22924745163452,1380.7955730822869,1.2412441505249328,52.34943264287872,1374.5373661254068,0.0030193986607325307,0.12018519124419669,-6.258206956880031
255,Validation,Lightning,1356.666861497797,786.5275385905989,506.68719932436943,239.3016157275997,15.1223658984527,0.7941065098508262,9,189.82436300259135,50,25,1.2198215163181012,52.21395761244171,1356.666861497797,1.2250958546975625,52.079641241044115,1369.5832826979142,0.005274338379461341,-0.13431637139759545,12.916421200117156
256,Validation,Lightning,1438.9322565752082,1032.4061919003725,485.3951691649854,291.4884603070095,20.180037604179233,0.8354573376756161,9,191.36986968898594,40,25,1.1990649834988722,52.25711351539748,1438.9322565752082,1.1910148827668086,53.02405934218273,1439.1936762255284,-0.008050100732063692,0.7669458267852534,0.2614196503202493
257,Validation,Lightning,1439.603982400149,1051.5974845155142,569.2968422546983,311.7382442415692,22.08116082288325,0.7944933799956926,10,181.19773161709088,35,25,1.2544277413636062,52.309828592927786,1439.603982400149,1.2717637632270582,53.472097868005854,1422.372260236149,0.017336021863451956,1.1622692750780672,-17.231722164000075
258,Hidden Test,Lightning,1427.0349477999844,738.2201812462881,565.774252358824,162.3967254254967,27.219716392923146,0.8142531730094925,9,194.72989961881822,50,25,1.221754517501368,52.20364704147184,1427.0349477999844,1.2175697104955494,51.423944356142194,1421.5268611469203,-0.0041848070058185804,-0.7797026853296458,-5.508086653064083
259,Hidden Test,Lightning,1390.711811534129,875.1841826015152,353.07013504207134,86.84880808694288,14.274216239340603,0.8503886303375475,9,181.70931395633514,60,25,1.2399131657615372,52.18005745487953,1390.711811534129,1.2286960369802113,52.124839581020666,1408.2203991571357,-0.011217128781325858,-0.05521787385886512,17.508587623006633
260,Hidden Test,Lightning,1465.3165578260086,1158.24397620745,631.8097773008049,276.2430070852861,25.63393535418436,0.8454874699376524,9,192.5669588948049,35,25,1.2453180011329756,52.297187322395544,1465.3165578260086,1.258381588154893,52.31182342833344,1451.7215789873264,0.013063587021917344,0.014636105937896104,-13.59497883868221
261,Train,Lightning,1439.5788619760424,1209.443760837894,552.7402324602008,254.91437803255394,22.441823445260525,0.8516118289739826,9,187.8240783467483,35,25,1.2006403023660173,52.289516063549726,1439.5788619760424,1.2072823974973892,52.50700856549825,1422.59765670916,0.006642095131371928,0.2174925019485272,-16.981205266882398
262,Train,Lightning,1489.0895589371212,1178.5000327741727,577.9985305853188,172.84357307478786,8.65905879298225,0.8441891769459472,9,195.99208323900584,40,25,1.2090888959129253,52.27583267262351,1489.0895589371212,1.2305350501292476,52.40324047228369,1485.7529426862488,0.021446154216322233,0.12740779966018323,-3.336616250872339
263,Train,Lightning,1357.8181519405916,1227.3328065988608,715.1373237371445,266.38797471066937,8.230759772472084,0.8301029029465281,9,181.7469653622847,35,25,1.2152914804106967,52.319416200029394,1357.8181519405916,1.2288144555180938,52.339124495192245,1350.542922935311,0.013522975107397084,0.01970829516285022,-7.2752290052806075
264,Train,Lightning,1386.7213641176932,660.745529551059,692.1662515960634,313.97820407990366,19.366352347191423,0.7926542861107737,9,194.38506076165947,45,25,1.2231550784868976,52.23490982094652,1386.7213641176932,1.2197513376662907,51.9782794707301,1384.0883869944614,-0.003403740820606904,-0.2566303502164189,-2.63297712323174
265,Train,Lightning,1403.106644935906,1135.4792505851947,598.0150790885091,201.2168685742654,13.911890363320708,0.8043197784689256,9,193.8292983705795,40,25,1.2411992837007317,52.27666984358682,1403.106644935906,1.2467399942731312,52.83794063316826,1407.038441963428,0.005540710572399465,0.5612707895814424,3.9317970275221796
266,Train,Lightning,1364.4779816851951,1240.7905631000176,605.6850702501833,258.7408597301692,24.593223069328815,0.8085276316525415,9,187.51203879305513,35,25,1.2599306611354772,52.30325588168355,1364.4779816851951,1.2652919075290432,54.13001544175491,1344.9659090628827,0.005361246393565944,1.826759560071359,-19.512072622312417
267,Train,Lightning,1367.435352760367,885.8424658537842,678.5658169537783,149.30761056719348,13.235678882338107,0.8523162884893828,9,178.26394200104653,45,25,1.2253951325266963,52.24221115067446,1367.435352760367,1.2408460354631852,52.76840188710792,1369.317096103789,0.015450902936488875,0.5261907364334633,1.881743343421931
268,Train,Lightning,1379.0701540536247,1178.8739909883589,432.0271263830364,265.6061954749748,26.61551785795018,0.828359999768436,9,184.97998111920435,35,25,1.1500705866983727,52.26759440275556,1379.0701540536247,1.1618245658162922,52.60208605568166,1355.9027367061067,0.011753979117919533,0.33449165292609706,-23.16741734751804
269,Train,Lightning,1429.4907556381077,1186.9011073256843,392.53259506076574,243.887943897862,20.217355210334063,0.7975567440711894,9,199.14859646379554,40,25,1.207737130268382,52.259301427696876,1429.4907556381077,1.212275728570669,52.45272732267175,1420.9762664200807,0.004538598302286978,0.1934258949748724,-8.514489218026938
270,Train,Lightning,1431.9876739871688,1113.2993151200935,378.27351139858365,118.11744786798954,8.345792348030955,0.8574596415413545,9,185.55945241704552,50,25,1.2477969837656737,52.22599095603374,1431.9876739871688,1.2472927403552931,52.4491108722277,1431.5919501053427,-0.0005042434103805782,0.22311991619395855,-0.39572388182614304
271,Train,Lightning,1439.5549906650558,627.0701077883132,580.5295534431934,267.1076379320584,21.204035042785108,0.8269825504510664,9,193.41466688879552,50,25,1.2025897049327277,52.204943735622074,1439.5549906650558,1.2011481759980605,50.68731545130807,1445.169845116486,-0.0014415289346672022,-1.517628284314,5.614854451430119
272,Train,Lightning,1356.963431078475,775.6130760535598,570.8382978104055,181.30628396291286,21.31707174470648,0.853761577596888,8,198.67423568327567,55,25,1.2195450001591728,52.1867472113748,1356.963431078475,1.2086790095050217,51.822027285583204,1365.0326194758188,-0.010865990654151059,-0.3647199257915972,8.06918839734385
273,Train,Lightning,1423.0759316124022,1035.4017620324157,517.0099625363946,300.19880084553733,27.18350818939507,0.8477896080096252,9,186.50800441887276,35,25,1.1405718325235294,52.26386829617523,1423.0759316124022,1.1333258875364214,52.912918801733795,1399.7583575955912,-0.007245944987108066,0.6490505055585629,-23.317574016811022
274,Train,Lightning,1387.5239755609073,950.2664321335033,433.933047298342,298.73841364867985,18.29560945974663,0.8171392550552264,9,188.66959292937045,45,25,1.2289437470138223,52.23741209097858,1387.5239755609073,1.235207371159651,52.07232538283286,1384.46393839177,0.006263624145828706,-0.16508670814572213,-3.060037169137331
275,Validation,Lightning,1372.9938300093636,1207.9949713894166,524.2745544761419,109.51036830199882,12.823709246702492,0.8021779727633112,9,190.17584025091762,40,25,1.1792957502637957,52.262179529998065,1372.9938300093636,1.1873534958602179,53.702438819185296,1374.612675882066,0.008057745596422139,1.4402592891872317,1.6188458727024226
276,Validation,Lightning,1424.9329959391616,732.0619253907353,522.1878129057586,213.5650918772444,29.43450878513977,0.7929561641998589,9,199.66537317664347,50,25,1.2320631384002483,52.20386902739484,1424.9329959391616,1.2266512892240773,51.114770591423095,1418.0105132493727,-0.005411849176170991,-1.0890984359717422,-6.922482689788922
277,Validation,Lightning,1382.8936093021184,688.5464865597896,653.9908407256007,110.36623104708269,22.058056190609932,0.8573723603622057,9,179.2160006337271,50,25,1.189789906250808,52.20154398733299,1382.8936093021184,1.190024614819716,50.57252006385835,1384.103405631635,0.0002347085689080597,-1.6290239234746409,1.209796329516621
278,Hidden Test,Lightning,1422.2930912976153,1003.8768892874941,462.3602760024369,194.27509086206555,12.80780721316114,0.7915749441599473,9,199.6432136535674,45,25,1.1872691038937653,52.233915373540505,1422.2930912976153,1.1994113130166555,53.34665775775232,1432.1820658423744,0.012142209122890213,1.1127423842118134,9.888974544759094
279,Hidden Test,Lightning,1449.9562007607892,948.7533772480674,576.897244155407,223.5968549340032,18.029889310710132,0.8558585619530641,9,188.23933263147254,40,25,1.151459337967476,52.247751412747924,1449.9562007607892,1.1504713063791001,52.89545783132755,1450.1069975157257,-0.0009880315883759039,0.6477064185796237,0.15079675493643663
280,Hidden Test,Lightning,1467.514578520786,1203.2975315116346,428.2052836380899,295.10930045042187,18.32673238730058,0.8008833037782461,10,183.2370048916791,35,25,1.2305656019342794,52.308785549027725,1467.514578520786,1.239906466518385,52.96714511721693,1463.7148690053828,0.009340864584105546,0.6583595681892049,-3.799709515403265
281,Train,Lightning,1470.383481681347,1034.4419727451168,582.6939987018704,250.38526252144948,15.754164783284068,0.7974116996419617,10,184.39452071515254,35,25,1.1817990124617985,52.298548053785034,1470.383481681347,1.1916327676341107,51.96113989669812,1467.9097336406753,0.00983375517231222,-0.3374081570869123,-2.4737480406715804
282,Train,Lightning,1420.6628090352751,1023.0184281477705,382.3426769115031,135.44581799767911,8.811323043424636,0.7985347557114437,9,197.67633418223116,50,25,1.1980941028236973,52.215250319477654,1420.6628090352751,1.2046069041659024,52.21518061469574,1430.2892108308183,0.00651280134220511,-6.970478191448137e-05,9.626401795543188
283,Train,Lightning,1457.344423304312,866.9801582233049,381.57589472830296,180.3748860093765,13.82135405484587,0.8044824836659246,10,181.1530335208019,50,25,1.2495297879180873,52.22256228517499,1457.344423304312,1.241693796866231,52.56713629676843,1475.3810841399784,-0.007835991051856395,0.34457401159344414,18.036660835666453
284,Train,Lightning,1399.2325790575705,1224.2859936784953,594.3519259802997,320.0122171966359,20.746467675548047,0.8514127086848021,9,182.60273187853986,35,25,1.2550150740762545,52.30846902258918,1399.2325790575705,1.2685206477352617,53.738827276667784,1386.8672430555669,0.013505573659007286,1.4303582540786053,-12.365336002003687
285,Train,Lightning,1454.4099777471274,832.3521771351807,541.4400732144713,131.43406690331176,16.732172083109617,0.8152322427579202,9,198.22708200533782,50,25,1.2063016822764465,52.20970241351766,1454.4099777471274,1.2168107728755861,51.14743973541152,1458.5793605824865,0.010509090599139626,-1.0622626781061442,4.169382835359102
286,Train,Lightning,1442.5447017070837,838.4164443938062,710.3377123363316,95.65863844007254,8.366648035589606,0.8536838846979663,9,187.75421149109368,45,25,1.154517857554247,52.23140506508691,1442.5447017070837,1.1686016093622247,52.35967958556211,1452.3275274383504,0.014083751807977718,0.12827452047520183,9.782825731266712
287,Train,Lightning,1392.786030122079,1042.8629807312973,415.50519689917564,287.68486842280254,26.887304357253015,0.8583414835645817,9,180.2942142610004,40,25,1.1955127829046492,52.24725332120586,1392.786030122079,1.1931798649330134,52.511520855676316,1380.793812429308,-0.0023329179716358173,0.2642675344704557,-11.992217692770964
288,Train,Lightning,1383.0906687187962,1166.6238509118557,730.8512239716947,128.75542141962796,23.563283951487392,0.8485863248538226,9,181.09735741408215,35,25,1.212034373380464,52.290939990136074,1383.0906687187962,1.211821874916825,52.18312274613043,1372.3467800588692,-0.00021249846363891045,-0.10781724400564485,-10.743888659927052
289,Train,Lightning,1420.2924138866365,884.4176813377999,438.90645150095224,271.00738229462877,18.738724494352937,0.8300350943510421,9,190.12481434054217,45,25,1.1709348158550767,52.223596141497175,1420.2924138866365,1.1805246782644983,51.566566533686625,1428.999141268411,0.009589862409421501,-0.65702960781055,8.706727381774499
290,Train,Lightning,1392.6415638648905,966.1770786391571,476.31755406036973,93.18720378912985,29.067560323048383,0.8346734193572775,9,185.38741974040107,45,25,1.1790005278929034,52.214451190354495,1392.6415638648905,1.1660037823216307,52.55127557505476,1382.5133182561094,-0.012996745571272728,0.33682438470026455,-10.128245608781071
291,Train,Lightning,1410.846534348093,656.3158066594042,424.78395514190197,240.84985219640657,22.013491083867848,0.8009450426022523,9,195.719703226285,55,25,1.1819842438943435,52.18112499356259,1410.846534348093,1.175226729522427,51.305254273976594,1417.3433650548448,-0.006757514371916518,-0.8758707195859969,6.49683070675178
292,Train,Lightning,1363.6619995697401,709.3907431233674,707.0102187804878,160.5267378455028,14.804976529907435,0.8114834441058338,9,186.7173028023383,50,25,1.2518573197970715,52.220882451583414,1363.6619995697401,1.2554826190991863,51.309115931692496,1377.728590628359,0.0036252993021148594,-0.911766519890918,14.06659105861877
293,Train,Lightning,1467.0675671193749,936.1348179983906,695.4602790996432,183.4347017412074,26.122084327042103,0.807843525505159,10,181.60293680660385,35,25,1.2066679929506532,52.289453912648895,1467.0675671193749,1.197774566211097,52.75831041936339,1450.8297650350244,-0.008893426739556176,0.46885650671449497,-16.237802084350506
294,Train,Lightning,1416.4038325776346,924.2697603767738,643.129434902221,184.41113030537963,29.620592860970646,0.8043990081688389,9,195.64693892151638,40,25,1.21284517677869,52.24815102501674,1416.4038325776346,1.2039095564988187,51.34575407120994,1395.7828883093246,-0.008935620279871381,-0.9023969538068002,-20.62094426831004
295,Validation,Lightning,1452.3964951978996,650.1777459052391,667.5059080123901,214.97594551881775,20.736389893107116,0.8173010166711174,9,197.45159379908193,50,25,1.2442747065890858,52.21397994804212,1452.3964951978996,1.2322279763766586,51.10436928899538,1445.5635476979978,-0.012046730212427192,-1.1096106590467443,-6.83294749990182
296,Validation,Lightning,1398.372773907613,1149.8946503736079,624.681422766298,198.5357883805409,16.111057949718088,0.8406776133272797,9,184.82085188571963,35,25,1.1397332597436656,52.282657467007574,1398.372773907613,1.1532446700437962,52.254055469247795,1393.162275626853,0.013511410300130589,-0.028601997759778897,-5.210498280760021
297,Validation,Lightning,1454.703420214355,1015.7508124015294,395.8195926621556,299.93947733426467,13.94235928915441,0.8243295118329116,9,196.07900849959267,45,25,1.2273410278192913,52.241867178412896,1454.703420214355,1.2282084136839295,52.31016214019047,1450.823524719712,0.0008673858646381927,0.06829496177757477,-3.8798954946430513
298,Hidden Test,Lightning,1450.0387427047826,918.9804550493136,685.6216252781451,255.15205848030746,11.445985574740916,0.8101481987209991,9,198.87153499871238,40,25,1.1825940042471927,52.2649821640936,1450.0387427047826,1.202503016915262,53.15160855530838,1454.9065221514868,0.019909012668069215,0.8866263912147758,4.867779446704162
299,Hidden Test,Lightning,1487.601630273275,985.843549540732,496.3036734610796,215.30937040923163,20.214172915555537,0.8134365106257611,10,182.8786402922696,40,25,1.2348959788365643,52.26908435480847,1487.601630273275,1.2322380924619407,52.0421818215011,1482.3659242479819,-0.002657886374623608,-0.2269025333073671,-5.2357060252932115
300,Hidden Test,Lightning,1458.0729229724966,892.5909602548927,517.1153585426509,196.6283719940111,21.192108559887856,0.80175409052521,10,181.86036594055267,40,25,1.1784495902421384,52.25329748517964,1458.0729229724966,1.1867062127141705,52.95380800467365,1453.976241140132,0.008256622472032182,0.70051051949401,-4.096681832364538
301,Train,Lightning,1450.4828286822885,885.2311896975152,534.292577765882,140.8955899369903,11.595403853803873,0.811614880936686,9,198.57294700717662,50,25,1.2252648050238641,52.218308388302646,1450.4828286822885,1.2410082633140007,51.69342511054103,1456.2894180426704,0.01574345829013657,-0.5248832777616173,5.8065893603818495
302,Train,Lightning,1389.415966544766,1020.8668642444536,485.7850347645581,129.63666573166847,10.64387188339606,0.8028551984531805,9,192.28816371338493,45,25,1.160269387159258,52.230138294457184,1389.415966544766,1.156624705246622,52.3616620325129,1400.356898992275,-0.0036446819126358942,0.13152373805571926,10.940932447509113
303,Train,Lightning,1390.5047247419134,870.2319936011918,511.59581914544106,314.5564090064727,13.783227308653295,0.8270027366816066,9,186.8198472852284,45,25,1.2163196566477925,52.23950870977685,1390.5047247419134,1.2274821338736894,51.45684060517722,1402.7541178908757,0.011162477225896916,-0.7826681045996295,12.249393148962326
304,Train,Lightning,1355.4876450332813,1066.9566133990884,479.45372303947806,237.98092272598296,8.38873648038134,0.7988565977569669,9,188.53163228533623,45,25,1.2493632932541259,52.25323120708523,1355.4876450332813,1.2634467685713504,53.64646127238147,1364.4917343294787,0.014083475317224536,1.393230065296244,9.004089296197435
305,Train,Lightning,1461.2758596427739,1187.9556977539323,633.8449517264962,275.4373345361091,20.169142501428723,0.8126408192445524,9,199.79796800718125,35,25,1.229669751792326,52.302011832657776,1461.2758596427739,1.2433488673865718,53.612834620199585,1454.6790277917744,0.013679115594245728,1.3108227875418095,-6.596831850999479
306,Train,Lightning,1430.2134878584184,1212.2468290152028,600.1604386605322,329.1178822237998,8.169449598062783,0.8481818072730676,9,187.35677704872705,35,25,1.1794462347805974,52.30891730899808,1430.2134878584184,1.1913820631580856,54.035123169170966,1423.8602562640165,0.011935828377488189,1.7262058601728825,-6.353231594401905
307,Train,Lightning,1450.668087392114,745.4984034993686,616.7870577424765,218.57249048305675,24.168970686383545,0.8063076071883553,9,199.90552192063714,45,25,1.1872702857175832,52.22149527612271,1450.668087392114,1.1861930074438338,52.62316467292102,1450.011189068829,-0.0010772782737493714,0.4016693967983116,-0.6568983232850769
308,Train,Lightning,1497.6435528486036,687.6005771104246,537.1131765656173,239.15629582013935,24.923896938096732,0.7987321209348739,10,187.50260739429018,45,25,1.210207138408879,52.22861548607521,1497.6435528486036,1.207062906240754,51.38826614416716,1493.4429343220827,-0.003144232168124983,-0.8403493419080519,-4.200618526520884
309,Train,Lightning,1475.9195525664836,940.7989956322126,720.2454714104533,166.07917121844366,29.251064836978912,0.834199488221202,9,196.58494606123634,40,25,1.2566874060282287,52.25989425329586,1475.9195525664836,1.261644723406152,52.121957809761895,1462.761418425304,0.004957317377923376,-0.13793644353396672,-13.158134141179517
310,Train,Lightning,1419.1474602674134,650.7511863252148,455.76132955029607,124.6855598129332,11.560886195395142,0.8386432720487937,9,188.02160155128442,65,25,1.2433883746407828,52.166974559951726,1419.1474602674134,1.2310084595179487,51.10627453173442,1442.6185439162648,-0.012379915122834095,-1.0607000282173047,23.47108364885139
311,Train,Lightning,1414.8453035624698,1095.3975690645166,406.671567261219,164.32666858425364,21.81971342395991,0.8526198117784225,9,184.37881873898738,45,25,1.2344199173279602,52.23483276588059,1414.8453035624698,1.227459392316161,52.32120404675629,1414.5962908036454,-0.0069605250117992234,0.0863712808757029,-0.24901275882439222
312,Train,Lightning,1445.8631805027835,1232.391897123307,458.30975687131286,325.3021319815889,15.94232097780332,0.7932425065059215,10,182.27252935190384,35,25,1.2698839428570903,52.324272655920375,1445.8631805027835,1.2839389098942005,53.68754916838036,1439.362057503673,0.014054967037110178,1.3632765124599828,-6.501122999110521
313,Train,Lightning,1379.423851892352,1130.752357689198,732.5395660474896,308.5014917724766,8.40564258210361,0.8072214999538847,9,189.87268907689406,35,25,1.196880424939297,52.31363688831327,1379.423851892352,1.203748495257394,52.64064879265522,1376.3165988966598,0.006868070318096997,0.32701190434195126,-3.1072529956923063
314,Train,Lightning,1393.629800027702,1155.9723286191002,530.7623938657343,91.29784411750734,17.06370846601203,0.8234978129761293,9,188.03663242166024,40,25,1.163700036192693,52.25223972794746,1393.629800027702,1.1658945531126361,52.08745730773052,1388.3679465682458,0.0021945169199431014,-0.16478242021694456,-5.261853459456233
315,Validation,Lightning,1389.1510349465534,1084.7033002064563,420.2894363552332,216.5477397921495,24.332317837513983,0.7980881288903766,9,193.39983819664437,40,25,1.1675896740139222,52.24343119877547,1389.1510349465534,1.1603137284438911,52.43424175102511,1370.9384184028675,-0.007275945570031084,0.19081055224964416,-18.212616543685954
316,Validation,Lightning,1404.4215996167623,1026.8865774851292,616.973918210715,114.77304975967854,22.930803548078984,0.8058116050064564,9,193.65177100001205,40,25,1.1828069438816602,52.24921493557515,1404.4215996167623,1.177096842790765,51.73093510316774,1389.1781604759963,-0.005710101090895092,-0.5182798324074085,-15.243439140765986
317,Validation,Lightning,1388.2224615197629,938.7426433037035,351.10109504312277,139.1586519149132,18.040418442338705,0.830413002113346,9,185.7472604310317,50,25,1.154553734316458,52.19781719770157,1388.2224615197629,1.1417157206964443,51.86483121664107,1402.8896150704081,-0.012838013620013689,-0.3329859810604958,14.667153550645253
318,Hidden Test,Lightning,1474.69726317795,1238.739716517739,676.2036134488881,182.56449971348047,28.49542653793469,0.8506185718206689,9,192.63070063647908,30,25,1.1450768178415074,52.30205390834286,1474.69726317795,1.1607186006412304,53.322708345563974,1450.4703294681697,0.01564178279972306,1.0206544372211113,-24.22693370978027
319,Hidden Test,Lightning,1369.697616272606,860.5908732046373,489.48623463511467,91.95825211470947,18.438404238782823,0.8091197216673754,9,188.09160122394525,50,25,1.1660905054232988,52.199849363500896,1369.697616272606,1.1683045139870116,52.219884759782204,1381.8139764320647,0.002214008563712788,0.020035396281308238,12.116360159458736
320,Hidden Test,Lightning,1446.4588949340396,935.834538564086,712.3061954043806,213.95791605580598,17.6131009622477,0.8347767114918679,9,192.52771762816087,40,25,1.2173484948267974,52.26534773200504,1446.4588949340396,1.224025067233942,52.09072581152333,1435.6728564327132,0.006676572407144699,-0.17462192048171232,-10.786038501326402
321,Train,Lightning,1443.1873711757362,1225.8047822280787,724.5122307911515,245.865519142244,17.879516849294305,0.8408361222897657,9,190.70797281660904,35,25,1.268266306963984,52.31743976132728,1443.1873711757362,1.2881083613857895,52.4362750976961,1433.4898803387218,0.019842054421805644,0.11883533636881793,-9.697490837014357
322,Train,Lightning,1415.5557570629753,955.0535946385935,434.9599921144545,158.3134384546429,28.694142275024205,0.8420667320350186,9,186.78326434638956,45,25,1.1859230080156247,52.21642289140551,1415.5557570629753,1.174563272970935,53.11468103787983,1407.3601814203737,-0.011359735044689678,0.8982581464743262,-8.195575642601625
323,Train,Lightning,1457.1671988582239,1107.3886176222004,714.4257079809904,202.50265449984,11.51985386479646,0.8025611682306044,10,181.56462791126816,35,25,1.2500341510909696,52.32571291680285,1457.1671988582239,1.2618726255572146,52.76686476457199,1455.0076499705208,0.011838474466244975,0.4411518477691416,-2.1595488877030675
324,Train,Lightning,1423.2422492816113,775.047903181985,451.22349290177226,285.5934447562322,28.913187734317034,0.8441130528412759,9,187.34223711582922,45,25,1.1620606075975637,52.21073752530797,1423.2422492816113,1.15769921967754,51.130190501020934,1412.1192186617975,-0.004361387920023718,-1.0805470242870356,-11.12303061981379
325,Train,Lightning,1484.6258046571165,829.2640255647711,476.521466486156,229.01878620730713,12.763326577842236,0.832526521703694,9,198.14194315648513,50,25,1.211166755130901,52.21431435708741,1484.6258046571165,1.2110413027399392,52.62362861632167,1490.246509458535,-0.00012545239096195537,0.40931425923425735,5.620704801418469
326,Train,Lightning,1495.583636232186,979.2081605410203,514.2269072122872,259.4717009179294,24.894892050419003,0.8325845607509836,9,199.5904889606226,40,25,1.1894757939506773,52.248321987905065,1495.583636232186,1.1873834213118355,52.27388118301606,1477.5663795973744,-0.0020923726388417663,0.02555919511099347,-18.0172566348117
327,Train,Lightning,1398.2881910400465,758.6048938450404,697.3055988550186,171.4758368744515,19.12235868256539,0.8195259763277136,9,189.57953627802686,45,25,1.1951883506645198,52.22875021343891,1398.2881910400465,1.1910736618310558,50.973254792472886,1393.7320533116904,-0.0041146888334639975,-1.255495420966021,-4.556137728356134
328,Train,Lightning,1390.3713879059069,1119.41186087206,399.9459988437593,116.34537348989397,16.08062278991565,0.8595000719372183,9,179.73903064269587,45,25,1.1863005961163438,52.2300470266376,1390.3713879059069,1.1894488800612353,53.642545229277964,1391.3381815992102,0.003148283944891528,1.4124982026403643,0.9667936933033161
329,Train,Lightning,1420.97833994776,629.0842123678885,474.3297489359975,123.60930022085086,14.993105238303542,0.8017418082919904,9,196.92933633182358,60,25,1.1630457488319637,52.16632360205325,1420.97833994776,1.1667850070934915,52.00776098686089,1435.3352188273038,0.003739258261527878,-0.15856261519235915,14.356878879543729
330,Train,Lightning,1387.1377327130176,903.1354367965832,667.7710861898959,87.29214097373188,8.877473894972354,0.7977271226467565,9,193.2069380247711,45,25,1.1663828280493516,52.233554626678,1387.1377327130176,1.1846896784682246,53.326475534440156,1399.2778203972382,0.018306850418873033,1.0929209077621564,12.140087684220589
331,Train,Lightning,1434.6847454784438,1082.6367112458684,365.52659161388874,138.95831080852076,20.435768068768084,0.8092123323562556,9,196.99331039617866,45,25,1.174066678358236,52.22247193761122,1434.6847454784438,1.1825392055027135,51.86017420537494,1437.2576513331978,0.008472527144477437,-0.3622977322362786,2.5729058547540262
332,Train,Lightning,1372.0211321837269,645.319360261783,510.97472412511706,171.93846851121634,24.571775052230805,0.8251982587203384,9,184.7395954291793,55,25,1.1971303926956542,52.18210466081064,1372.0211321837269,1.175980304763721,51.23245337246947,1370.9762766760916,-0.021150087931933292,-0.9496512883411654,-1.0448555076352477
333,Train,Lightning,1440.4369512107223,607.0383018697612,739.4547363743186,104.68165737809613,11.939255643635988,0.8049345591687598,9,198.8342385246867,55,25,1.2489489674084309,52.20127441441489,1440.4369512107223,1.2394541440848938,50.65199996687123,1447.1669927985313,-0.009494823323537016,-1.5492744475436595,6.730041587808955
334,Train,Lightning,1460.00587065937,631.5010961843655,544.1972081549466,206.45706348121166,8.229509020689875,0.8558514156891034,9,189.54560516452645,55,25,1.1767523281019725,52.19051257572741,1460.00587065937,1.1733577116636513,52.07979092380448,1481.3415884554468,-0.003394616438321174,-0.11072165192292971,21.33571779607678
335,Validation,Lightning,1377.0680433372036,1121.0662369732745,615.5643828213215,235.46428080415353,29.209982364438474,0.8125548347621225,9,188.30428892296695,35,25,1.215679565718026,52.28249889737586,1377.0680433372036,1.207031157409372,53.778754506490365,1352.924476760803,-0.008648408308653988,1.496255609114506,-24.143566576400644
336,Validation,Lightning,1421.8148127081804,758.3108795806766,731.7096664570272,190.61660770792514,22.780658402945846,0.8047052781190723,9,196.31960660616673,45,25,1.2486089007328949,52.23705334819778,1421.8148127081804,1.259369583902922,51.954001719873645,1421.4134405829977,0.010760683170027097,-0.283051628324138,-0.40137212518266097
337,Validation,Lightning,1402.2017226554453,633.8574213325046,582.4231812730432,261.39731331029907,23.132024051621556,0.8330437024612911,9,187.02523162450788,50,25,1.213044866866566,52.20540692903918,1402.2017226554453,1.2025616787215507,51.03479908479014,1392.8330251810735,-0.010483188145015365,-1.1706078442490409,-9.368697474371857
338,Hidden Test,Lightning,1425.8496153750457,1104.5834900112823,557.4801304377615,304.0900651086122,14.568487719167024,0.8256816787505523,9,191.8750762175196,40,25,1.2637081577464875,52.28157251342057,1425.8496153750457,1.2719360440940732,53.74395216792297,1429.5589969181685,0.008227886347585756,1.4623796545023993,3.709381543122845
339,Hidden Test,Lightning,1460.238125338219,820.9514453657903,508.7948765605688,165.2088562096469,15.075143304653466,0.8030539618129843,10,181.83561687953917,45,25,1.1913399869371393,52.23400098461207,1460.238125338219,1.191229108593159,51.922254374518374,1468.5060492402356,-0.00011087834398026963,-0.3117466100936923,8.267923902016491
340,Hidden Test,Lightning,1476.4222917496227,819.2005252931267,600.9585994295776,178.21419173385948,11.213126018177718,0.795660144854337,10,185.55941268365453,45,25,1.2521140017985328,52.2519181770761,1476.4222917496227,1.255714204146757,52.519831738663285,1488.8663252367162,0.003600202348224224,0.2679135615871857,12.44403348709352
341,Train,Lightning,1381.5949842799455,932.0146795245819,742.5414381548762,287.3574590613134,28.553370282053947,0.8531980085209944,9,179.9237132245433,35,25,1.2065395122914688,52.280911374453304,1381.5949842799455,1.2007667637518713,53.332488074459185,1366.8475616512872,-0.0057727485395975275,1.0515767000058815,-14.747422628658342
342,Train,Lightning,1462.481006712187,743.4671295573935,736.0127401538193,299.20732827857137,20.066549635026604,0.7986696211015806,10,183.1146406564246,35,25,1.153131052365959,52.28315755705173,1462.481006712187,1.1573445279047285,51.21449080519065,1457.0471192122966,0.0042134755387694955,-1.0686667518610804,-5.4338874998904885
343,Train,Lightning,1371.8650196911767,1065.017157990951,650.5225047469139,152.90065375855193,9.734871323220432,0.8596270237467252,8,199.48550094898104,45,25,1.1784038024390828,52.2339658278664,1371.8650196911767,1.184988514913051,52.53974790739649,1372.531290331419,0.006584712473968191,0.30578207953008985,0.6662706402423737
344,Train,Lightning,1435.4763450915925,1244.4697088561952,439.5864865742624,230.62013326678425,11.198174079414457,0.8469641951192171,9,188.31654584216878,40,25,1.214302361536924,52.273545906552116,1435.4763450915925,1.2342029442188127,53.193224959024136,1439.8026609956928,0.019900582681888768,0.91967905247202,4.326315904100284
345,Train,Lightning,1430.7516194880009,924.2999958223663,413.99409640580416,247.3419126891531,17.34875970892608,0.826425440509338,9,192.3614573957893,45,25,1.1584198054509667,52.22224029406673,1430.7516194880009,1.151638751120762,52.23420569541543,1427.6431303121499,-0.0067810543302047055,0.011965401348703608,-3.108489175850991
346,Train,Lightning,1395.3170268447138,1074.581870646216,406.41943076625466,109.6396182384342,25.12174841435626,0.8328683237778023,9,186.14614192762775,45,25,1.1983401206039146,52.22302068539657,1395.3170268447138,1.1815377557413722,52.77030407364513,1394.0968753172237,-0.016802364862542385,0.5472833882485588,-1.2201515274900885
347,Train,Lightning,1385.5179168982431,1016.1527243093587,483.46167244017124,320.466040733736,12.001299732364714,0.8238243492948824,9,186.86803241817248,40,25,1.1617407710649499,52.25879604221458,1385.5179168982431,1.16072399892019,52.92790599023586,1391.8835017268227,-0.0010167721447598144,0.6691099480212799,6.3655848285795855
348,Train,Lightning,1488.9011532417499,719.2096516024321,441.55552042648196,171.91567439120263,29.730104859452695,0.8535876051336527,9,193.80958729526347,55,25,1.2206153525889718,52.18279826097805,1488.9011532417499,1.2046471534872625,52.265566746478605,1477.939000494885,-0.015968199101709324,0.08276848550055149,-10.962152746864831
349,Train,Lightning,1354.1042945813388,1190.842194936704,539.5207380875945,143.1202764925547,15.677627127617598,0.8074621143587866,9,186.33200252464903,40,25,1.2138471319363318,52.26712286944392,1354.1042945813388,1.2262213503770287,52.49545954705616,1349.6489196075577,0.012374218440696971,0.22833667761224063,-4.45537497378109
350,Train,Lightning,1350.8555524167605,703.1190513400361,468.3852036483586,95.95623325556517,17.519550728145987,0.8325385628221557,9,180.28601686730866,60,25,1.2088261765228376,52.17262877662943,1350.8555524167605,1.2067580337525512,52.72464511005445,1368.4038367418225,-0.0020681427702864408,0.5520163334250228,17.548284325062014
351,Train,Lightning,1465.911141433753,1155.122592963744,526.9213281571865,122.6112687564455,15.140655777417123,0.8512544565810822,9,191.33998589450812,40,25,1.1694626076021009,52.25639086048163,1465.911141433753,1.1801521331743483,52.434578736896185,1466.2148122900285,0.01068952557224745,0.17818787641455458,0.3036708562754029
352,Train,Lightning,1400.2466520178132,1223.3939677476883,471.605786588043,308.96728210616857,14.535299183335155,0.8220302065741271,9,189.26672048186197,35,25,1.1464726113413608,52.287468560157194,1400.2466520178132,1.1530525804489595,52.79159004935934,1393.2443812277206,0.0065799691075987266,0.5041214892021486,-7.0022707900925525
353,Train,Lightning,1485.3823601268232,1069.7346172644757,452.9208207502961,313.4916098625399,23.921262497082353,0.8302546181087382,9,198.78538566216122,40,25,1.234835415182287,52.26130122844026,1485.3823601268232,1.246817119560592,53.22222997400751,1470.0326844711071,0.011981704378305036,0.9609287455672515,-15.349675655716055
354,Train,Lightning,1484.5165410661139,1167.3558327602223,516.7503946460783,264.4221579376608,16.928319670725614,0.8552063044020907,9,192.87308979322825,40,25,1.2658156563642542,52.278824288484756,1484.5165410661139,1.2707638515839592,53.73534728374689,1478.3180652832561,0.0049481952197050205,1.4565229952621337,-6.198475782857713
355,Validation,Lightning,1451.8356702988967,1052.8960236930288,692.9426591843367,282.62874820036814,23.49813856650144,0.854561958394479,9,188.76931379057442,35,25,1.2128410575660369,52.29128878419079,1451.8356702988967,1.2167936389974,53.66382195896482,1434.941823729831,0.003952581431363011,1.372533174774027,-16.893846569065772
356,Validation,Lightning,1392.122492508497,934.7625755239278,675.8265527896583,165.7558719580993,16.957348264288157,0.8069053488783539,9,191.69568916652156,40,25,1.1621151840388497,52.25197659416735,1392.122492508497,1.1639052491749915,52.66224883190563,1383.3009386680874,0.0017900651361417719,0.41027223773827615,-8.821553840409706
357,Validation,Lightning,1440.3431741986424,848.9204948651604,651.636685244739,266.20886775897816,18.966868557035923,0.7902494406164624,10,182.26437124397722,35,25,1.14020058864221,52.28109221779328,1440.3431741986424,1.14845896518255,52.19733497375055,1431.079607180711,0.008258376540340118,-0.08375724404272944,-9.263567017931337
358,Hidden Test,Lightning,1422.6922023226507,918.4189930325374,367.1210256405175,123.5196696780622,20.07253253320232,0.8453901218017563,9,186.98693927518164,55,25,1.2465777420712183,52.19470763190614,1422.6922023226507,1.2527204436641186,52.080439177606756,1423.880955439759,0.006142701592900313,-0.11426845429938481,1.1887531171082628
359,Hidden Test,Lightning,1409.7449484514073,1231.5021898713894,710.6399118900299,232.35371323069558,18.870843875221908,0.8428019518381916,9,185.8542534981987,35,25,1.2627730124332928,52.314058259952645,1409.7449484514073,1.2643414268361424,52.04316167035199,1390.1574435465761,0.001568414402849605,-0.2708965896006532,-19.58750490483112
360,Hidden Test,Lightning,1467.3253604094498,734.0981864370406,711.3681829534471,123.22360979858786,15.754294914659113,0.8566155584249646,9,190.32592807020177,50,25,1.2498180390855398,52.21959798500505,1467.3253604094498,1.260513273115996,51.09642203776518,1480.9976503437547,0.010695234030456247,-1.1231759472398721,13.6722899343049
361,Train,Lightning,1356.9545974954963,759.4943430623971,580.6646885350347,101.94435481214896,28.786540320143104,0.832063259643037,9,181.2034497470037,50,25,1.2099314337236635,52.199859970525914,1356.9545974954963,1.1995256029469186,52.915727385323954,1352.4691251227016,-0.010405830776744951,0.7158674147980406,-4.485472372794675
362,Train,Lightning,1446.349902881775,632.5194243574515,441.2447811104357,151.06564822606742,17.427482951898128,0.8417172842891887,9,190.9257986787736,60,25,1.1699836408248434,52.16598159493723,1446.349902881775,1.171201067144839,52.06069614368379,1461.1547042455686,0.0012174263199955515,-0.10528545125343669,14.804801363793558
363,Train,Lightning,1438.4637511102483,1079.8169216723181,389.9943370372057,122.67752746818587,18.59748582635075,0.8195546423527412,9,195.019706337195,45,25,1.169013702484343,52.22330881398476,1438.4637511102483,1.1807107584449361,52.93362378136117,1444.539005767834,0.011697055960593117,0.7103149673764122,6.075254657585674
364,Train,Lightning,1436.7534047341906,801.1766226496547,701.5446762554348,202.91954166721553,26.401734131854028,0.8335887445881963,9,191.50842454279024,40,25,1.1685387429563807,52.240952048066234,1436.7534047341906,1.1750283630732958,51.18345195869391,1424.6139673461755,0.006489620116915118,-1.0575000893723256,-12.13943738801504
365,Train,Lightning,1472.247410332784,843.0756176705472,409.0444615110755,252.95244504930452,28.029916439205408,0.8086278393142857,10,182.06736631541725,45,25,1.2543683514289017,52.23575381482301,1472.247410332784,1.2408612515784274,52.73558457353765,1454.529895358815,-0.013507099850474269,0.4998307587146371,-17.717514973968946
366,Train,Lightning,1481.0315562528558,975.188583205454,368.4026096947491,141.4558383822441,15.779217431787401,0.8316472678584979,9,197.87122277166196,50,25,1.1869560082807145,52.206555958352716,1481.0315562528558,1.1905562034767334,52.672931817454604,1493.9366425163048,0.0036001951960189515,0.4663758591018876,12.905086263448993
367,Train,Lightning,1442.9888429353014,1203.1873398576863,356.35126009583473,283.523880278226,20.833665444515646,0.809623952114489,9,198.03279441120753,40,25,1.2229029561432019,52.26237951723013,1442.9888429353014,1.2342575332164476,53.9846573369434,1436.158320726362,0.01135457707324572,1.7222778197132698,-6.830522208939328
368,Train,Lightning,1412.7015259000473,1002.1722124889493,722.5768311880529,295.2253017993644,25.995523059275,0.8320437026675791,9,188.65215337592463,35,25,1.2228039808930569,52.2899644998184,1412.7015259000473,1.2253649427784659,53.50920975316114,1388.4918365464857,0.0025609618854089966,1.2192452533427343,-24.209689353561544
369,Train,Lightning,1472.5564015097916,728.4108878462575,680.1762918010354,321.5858172462322,24.84925244934857,0.8254032869567164,9,198.22719454970184,40,25,1.1754726341397883,52.24477722454062,1472.5564015097916,1.1729283570679059,51.16187818100913,1458.7614755586358,-0.002544277071882428,-1.0828990435314907,-13.794925951155847
370,Train,Lightning,1495.5932467826642,749.5481436373666,459.0659507550299,265.0673158187419,28.49345624493435,0.8455214378470556,9,196.53792320562712,50,25,1.2325826573871186,52.20478377388717,1495.5932467826642,1.2243936735788665,51.09659489516818,1481.4358012812097,-0.00818898380825206,-1.108188878718991,-14.157445501454504
371,Train,Lightning,1432.8501840820536,1198.3006301918067,386.87027655541897,324.6941236848943,11.981436085887253,0.8316638628090732,9,191.43019569393775,40,25,1.215702944755939,52.27279570487013,1432.8501840820536,1.2224971049339142,52.335840865833404,1426.458219756549,0.006794160177975073,0.06304516096327717,-6.391964325504659
372,Train,Lightning,1363.631273189094,731.7995140794665,528.2260346226394,195.4421487590298,21.347850322257727,0.8337536636926234,9,181.72584122611735,50,25,1.1886963051414074,52.20194380072663,1363.631273189094,1.1820987908971998,51.49353906813343,1372.3216700704475,-0.006597514244207625,-0.7084047325932019,8.690396881353536
373,Train,Lightning,1391.368879051879,1114.8607745650224,617.2166315838695,116.32145590381697,10.675665885210037,0.8407534193084576,9,183.87857672233469,40,25,1.1715270517250214,52.26321159256556,1391.368879051879,1.175243261657524,53.5292059881244,1394.8908282141053,0.0037162099325025455,1.2659943955588417,3.521949162226292
374,Train,Lightning,1399.5288380538113,923.1441037496552,407.06958593800664,234.35040602460504,22.837248703930527,0.8491576534276829,9,183.1264236982402,45,25,1.1699970630620613,52.21895465662393,1399.5288380538113,1.1741705469646464,52.24644759524939,1395.734795468264,0.004173483902585096,0.02749293862546409,-3.7940425855472313
375,Validation,Lightning,1438.001433131285,907.203208480496,580.1785722374916,131.48799991002306,18.741915742866695,0.7915762427798473,10,181.66303577799783,40,25,1.1751510095801658,52.2554691894938,1438.001433131285,1.1782572791733001,51.30930722808064,1441.100160498132,0.0031062695931343143,-0.9461619614131607,3.098727366847015
376,Validation,Lightning,1364.009101584088,1185.9726171009243,518.5686758719385,123.52057969663292,21.370414739008993,0.8497766411025077,9,178.34870895726863,40,25,1.2166551210644097,52.26004054749599,1364.009101584088,1.2252502816237976,52.18822543726484,1359.5751200757672,0.008595160559387915,-0.0718151102311495,-4.433981508320812
377,Validation,Lightning,1366.4993528276682,1122.9279047227465,364.801730401814,295.45266784960404,22.165303273126483,0.8110769881051966,9,187.1995675527706,40,25,1.1936775576359466,52.253042700591244,1366.4993528276682,1.1934018207714832,52.30242540794874,1362.8290841023334,-0.0002757368644634717,0.04938270735749484,-3.670268725334836
378,Hidden Test,Lightning,1416.2213156581856,690.3765952447429,476.55011573806405,283.6413063760847,17.197112810332328,0.8517085439758376,9,184.75560105040435,50,25,1.1671541925188047,52.20117981810668,1416.2213156581856,1.1598885204516804,51.55667610922567,1421.6373594597646,-0.007265672067124251,-0.644503708881011,5.416043801579008
379,Hidden Test,Lightning,1372.708496893756,1016.8765262351371,690.4773686081171,321.506009537261,16.759696223773062,0.8490239085513167,9,179.64531361876206,35,25,1.1731019921733359,52.29134998059053,1372.708496893756,1.18601566231151,52.82595475267806,1371.6064246102665,0.012913670138174016,0.5346047720875262,-1.1020722834896333
380,Hidden Test,Lightning,1360.3067379794084,853.263272671029,659.1611857526004,215.71377273183316,10.338463406544179,0.853621324300766,8,199.19645562593107,50,25,1.20714505074316,52.21451995883815,1360.3067379794084,1.2078901720918689,51.89730161730612,1362.3643283015533,0.0007451213487088548,-0.3172183415320333,2.0575903221449607
381,Train,Lightning,1355.80913904123,784.4821308623068,548.3493929728866,91.10336446436122,20.034178998321295,0.8567885150411166,8,197.8039380838581,60,25,1.2254606135719994,52.17235737551831,1355.80913904123,1.2214649615995492,51.74314505486754,1361.3601136505422,-0.00399565197245022,-0.42921232065076964,5.550974609312107
382,Train,Lightning,1396.9656143453903,1140.0566461263224,529.9000610597432,232.22666133195162,20.537409278098494,0.8230022073118016,9,188.60022514511485,40,25,1.2570526950743028,52.27159794173617,1396.9656143453903,1.2593690810999756,51.99468855233996,1393.609779546044,0.0023163860256727453,-0.27690938939620935,-3.3558347993464395
383,Train,Lightning,1365.4048770898953,983.2757669617422,657.3514930903912,291.53967030113563,19.327799207530916,0.7969026707275771,9,190.37664018803537,35,25,1.1373116356080828,52.27627312861533,1365.4048770898953,1.1410434318063034,53.5618676521688,1353.2113929716381,0.003731796198220616,1.2855945235534705,-12.193484118257174
384,Train,Lightning,1411.757406766992,1175.9391013532877,556.845700647682,288.9361074613407,24.12943916162476,0.8088172690849752,9,193.93989233523803,35,25,1.212936672479288,52.290236832807906,1411.757406766992,1.2238493766166958,53.647875979262786,1390.6008208297155,0.010912704137407747,1.3576391464548792,-21.15658593727653
385,Train,Lightning,1498.1896365992725,1207.8392665251158,632.188862003386,148.7208595336415,21.00043604709208,0.8027424861048349,10,186.63390346622504,30,25,1.1331076365751693,52.31955076218176,1498.1896365992725,1.1501583820944887,53.00289225732451,1486.2015613875067,0.0170507455193194,0.6833414951427486,-11.988075211765818
386,Train,Lightning,1478.106679546181,1060.1211465196684,352.98758978024125,212.69134075380862,17.942699932027608,0.8020840798178688,10,184.2832586680711,40,25,1.1759506912778133,52.25666986334955,1478.106679546181,1.1826899416891257,51.88393199169695,1476.426292134315,0.006739250411312403,-0.3727378716526033,-1.6803874118661497
387,Train,Lightning,1459.9825639044866,871.2376830750145,662.5320743769407,295.955916501116,15.121929173357785,0.7911161142657511,10,184.54719068129742,35,25,1.1561535801190526,52.291999973012366,1459.9825639044866,1.1587866791058148,51.88955681772109,1464.424497374363,0.002633098986762228,-0.40244315529127306,4.441933469876403
388,Train,Lightning,1451.9616647972725,1143.8631292898208,398.4463515691459,241.1080135917291,19.029987416695803,0.8313581349514425,9,194.05484481821594,40,25,1.1773783479065185,52.25307937282222,1451.9616647972725,1.1786324840576317,53.10278618582802,1451.4656703669232,0.0012541361511131388,0.8497068130058025,-0.49599443034935575
389,Train,Lightning,1444.0280253533274,965.3495872276835,457.76882600039244,329.7034327243455,22.552778623998165,0.8441946552903392,9,190.05990782707585,40,25,1.1773304915764065,52.24830874633013,1444.0280253533274,1.1670556418947,53.012743385007205,1434.5410252677443,-0.010274849681706444,0.7644346386770735,-9.487000085583077
390,Train,Lightning,1421.1365132709034,774.03726761695,433.8918683119118,209.080671351403,13.587840481195599,0.826178728430532,9,191.12578379991237,55,25,1.2273364693837598,52.19594725420018,1421.1365132709034,1.230728672191736,51.424894884298276,1433.8911512738255,0.0033922028079762523,-0.7710523699019021,12.754638002922093
391,Train,Lightning,1431.4872264163569,864.1638234374113,744.862362742424,310.481889040675,23.432773205451667,0.8154968631244265,9,195.03954394023955,35,25,1.154650272944436,52.274299296628755,1431.4872264163569,1.1537666371078552,53.12666270141238,1417.5641421034152,-0.0008836358365806873,0.8523634047836239,-13.923084312941683
392,Train,Lightning,1454.9365957151167,697.0359024591744,558.6061782203615,263.26839769724756,20.205072370823473,0.8449867192748934,9,191.3161687142831,50,25,1.2316289867294967,52.2118361163409,1454.9365957151167,1.2283611614421575,52.3434363340069,1463.6890726642891,-0.0032678252873392655,0.13160021766600494,8.752476949172433
393,Train,Lightning,1366.8741362169385,1063.65234706318,643.1935520842671,137.31890868628398,13.763826644048095,0.8368942076829262,9,181.47443563338064,40,25,1.1858402167387425,52.262551397661476,1366.8741362169385,1.190148524103056,53.26281778384269,1360.8303759243183,0.004308307364313535,1.0002663861812167,-6.0437602926201635
394,Train,Lightning,1413.09395438293,815.9275837475434,451.40403816476464,111.9083712529391,15.979557667393237,0.8167903145076707,9,192.22857640093451,55,25,1.2056554503789845,52.19005799593429,1413.09395438293,1.1957003656418745,53.02888310074024,1421.0156054080262,-0.009955084737109932,0.8388251048059487,7.921651025096253
395,Validation,Lightning,1496.6864499030635,809.8854015232064,504.71667535603046,247.79636609135196,12.86509767267853,0.8342180792870931,9,199.34654805825983,50,25,1.2323779936946861,52.21861697722018,1496.6864499030635,1.2435774753017916,52.850223994342265,1498.1045474626073,0.011199481607105488,0.6316070171220858,1.4180975595438667
396,Validation,Lightning,1426.7021136707626,1125.061429059133,583.014668058604,101.73589810263366,8.422952595632523,0.8547905383631588,9,185.45181533956185,40,25,1.1358507957080797,52.257194935354725,1426.7021136707626,1.1550043026914518,53.52140242271657,1425.8667396355129,0.01915350698337215,1.264207487361844,-0.8353740352497425
397,Validation,Lightning,1405.5272431578487,1119.2525609279983,425.3371438011527,238.57050177874044,18.867142099887133,0.8374005319201387,9,186.4934254652456,40,25,1.176362770360627,52.25303925519974,1405.5272431578487,1.1709215134524684,53.190929673686014,1393.7626735178808,-0.005441256908158554,0.9378904184862762,-11.764569639967931
398,Hidden Test,Lightning,1442.1109432470985,613.9471475733444,429.54381750896573,309.5414377003908,9.813260788563639,0.857160479570739,9,186.93646413787314,55,25,1.159129910472255,52.18597157740388,1442.1109432470985,1.1585828369929054,52.04470850488786,1464.3162615002825,-0.0005470734793495691,-0.14126307251602555,22.205318253184032
399,Hidden Test,Lightning,1437.4797700205818,1031.6160542075522,729.1224665939808,153.83408438181505,28.97239178325981,0.801538946160581,9,199.26664226585552,35,25,1.183690020436715,52.27352973346321,1437.4797700205818,1.173130977260179,53.45996950429638,1413.7124816826142,-0.010559043176535887,1.186439770833175,-23.767288337967557
400,Hidden Test,Lightning,1430.998126405757,1214.3182000145316,353.27592035755515,171.1002178909257,21.129765996243805,0.8120767053868622,9,195.79405586707054,40,25,1.1613812396381655,52.24610591469366,1430.998126405757,1.1660898654546539,52.69391018628747,1429.8953637226066,0.004708625816488343,0.4478042715938102,-1.1027626831503312
401,Train,Lightning,1423.2615270651877,724.5763023733161,425.78592393547297,117.16617642203346,15.816677303984761,0.8472183520277031,9,186.65810212375894,60,25,1.2026470157594427,52.172639366195796,1423.2615270651877,1.1936405599701165,51.21408850711343,1435.6768669117985,-0.009006455789326129,-0.958550859082365,12.415339846610777
402,Train,Lightning,1350.449020753149,1213.9437684090808,414.34172773733735,147.99323786981404,8.288837597239763,0.8428024029219523,9,178.03685736369417,45,25,1.2433756648851717,52.25196626160149,1350.449020753149,1.2612966087289836,52.845639391016825,1356.5394665851795,0.01792094384381193,0.5936731294153361,6.090445832030582
403,Train,Lightning,1392.6192538579926,1245.3987411805429,468.83552335202694,326.2092011119239,23.795808014459908,0.8362278863484972,9,185.03983803573158,35,25,1.2209279814760847,52.29315614738062,1392.6192538579926,1.2351472452604508,54.13856094353722,1373.9027980577862,0.01421926378436611,1.8454047961566005,-18.716455800206404
404,Train,Lightning,1445.2263077138923,1056.116537610069,739.6674352698028,131.32478603627533,25.46747414721176,0.8109948551841081,9,198.00458638007623,35,25,1.1704223841387535,52.275484433234006,1445.2263077138923,1.1703617428117135,52.54463576702762,1433.6188072149218,-6.064132704008962e-05,0.2691513337936158,-11.607500498970467
405,Train,Lightning,1358.4089614916593,652.1607670816593,721.858942322433,205.2477730740793,17.54739500582218,0.8118449686304666,9,185.91521150798766,45,25,1.1550467758386298,52.221247282205404,1358.4089614916593,1.1479251960577896,50.62377363399181,1367.3569818293101,-0.007121579780840159,-1.5974736482135938,8.94802033765086
406,Train,Lightning,1454.8698117141612,637.9327436676249,629.136945027858,153.6560528166592,21.22918457398191,0.8143297811364756,9,198.50950443685392,50,25,1.1619895558722464,52.19652666124527,1454.8698117141612,1.1517568934251083,50.723462643152445,1450.4414862746266,-0.010232662447138052,-1.4730640180928276,-4.428325439534547
407,Train,Lightning,1460.7093778671697,1087.9530349862762,398.6182853579521,108.66414649179205,29.7761494172737,0.8355072637996637,9,194.2544954631984,45,25,1.2228196143807673,52.2237370901664,1460.7093778671697,1.2096701079006307,52.987142876765596,1445.9345521361397,-0.013149506480136575,0.7634057865991934,-14.774825731029978
408,Train,Lightning,1480.2102292771451,891.6235222481191,748.0395278893411,104.74199666175991,28.328916003461927,0.8348768659401685,9,196.99647931651123,40,25,1.2018303791621958,52.24699635692217,1480.2102292771451,1.187636326965651,51.284951303218726,1455.1105789222881,-0.014194052196544904,-0.9620450537034415,-25.099650354856976
409,Train,Lightning,1428.018370270729,657.1353519684635,703.9566086605191,154.0361498319544,15.155810384079814,0.8233233595383354,9,192.71736428908028,50,25,1.2068788059135798,52.21124635062362,1428.018370270729,1.1962290793647736,51.87734700313895,1428.7537226557472,-0.010649726548806138,-0.33389934748466743,0.7353523850181318
410,Train,Lightning,1411.6832426399924,1184.417293430306,564.6407769061625,226.0043245460838,21.84522157581523,0.8492994794296101,9,184.68596463995107,35,25,1.1748638838916148,52.28296160392206,1411.6832426399924,1.1763513097912601,52.140439721561975,1401.5914529949039,0.0014874258996453449,-0.14252188236008578,-10.091789645088511
411,Train,Lightning,1494.9549526674673,721.3290516869165,591.9712904840708,177.95011690584943,28.007653796114028,0.8508633203315549,9,195.2206680941593,50,25,1.243831900125122,52.20752322783156,1494.9549526674673,1.2421349913794397,52.713859125019646,1493.8827278861513,-0.0016969087456821796,0.5063358971880874,-1.072224781315981
412,Train,Lightning,1384.8676018766128,731.8367473315448,667.1053673140705,271.22227642219514,14.043720986228436,0.8277621277421713,9,185.89178319380486,45,25,1.199819974657978,52.23542038267725,1384.8676018766128,1.19778523904747,51.127509899361826,1387.0519341593408,-0.0020347356105081538,-1.1079104833154219,2.1843322827280645
413,Train,Lightning,1483.8094070088118,1200.6499999086373,500.4874503239989,216.0485896584578,15.719204913824797,0.7923948897072114,10,187.25630696041932,35,25,1.2107245278701408,52.30715248141113,1483.8094070088118,1.2125389199690841,53.413748149022815,1476.216499978652,0.001814392098943296,1.1065956676116855,-7.592907030159722
414,Train,Lightning,1491.3172438857146,690.0859481422231,360.0157638080418,319.7998562082648,22.49114085966721,0.8072866048989817,10,184.73206849162668,50,25,1.2342014073196226,52.21233544668347,1491.3172438857146,1.2170468624443944,52.14233029804958,1488.211384341225,-0.01715454487522816,-0.07000514863388929,-3.1058595444894763
415,Validation,Lightning,1457.6258447254077,793.274272151757,541.5677450597286,202.04545870190486,10.3023247634992,0.835565096528735,9,193.831010731002,50,25,1.2018124168398763,52.21463917968179,1457.6258447254077,1.2039242221397572,50.89869453697583,1471.5044064656718,0.0021118052998809755,-1.3159446427059578,13.878561740264104
416,Validation,Lightning,1444.3883759784512,803.3881522715092,422.3716407082975,142.29823001194745,9.788831443991512,0.8340771080087871,9,192.4133821560875,55,25,1.1714592173554426,52.18831444723499,1444.3883759784512,1.175169148284939,50.938535039003625,1468.5934534064668,0.003709930929496341,-1.2497794082313618,24.205077428015557
417,Validation,Lightning,1407.140206452459,979.4070600881241,651.6229951754212,274.0447232336737,16.972262108698487,0.8338453805749305,9,187.5034814251169,40,25,1.239846662849865,52.272048784837175,1407.140206452459,1.24680027781984,52.828448808252084,1405.4203860919024,0.0069536149699749306,0.5564000234149091,-1.719820360556696
418,Hidden Test,Lightning,1464.752686175052,1034.918139432557,731.2204056419432,198.8302154187113,23.25364048080519,0.799910751641728,10,183.1145141090815,30,25,1.1347780790790267,52.31543083775544,1464.752686175052,1.1341629050005613,51.67530694672903,1442.0067229640842,-0.0006151740784654525,-0.6401238910264127,-22.74596321096783
419,Hidden Test,Lightning,1389.7072449093685,1194.7195039712824,556.6412191838026,311.1181926052086,14.033559669740498,0.8412360870162957,9,183.55360461141248,35,25,1.1742903034572505,52.296592024939926,1389.7072449093685,1.188762002289224,52.99992477909814,1377.7634352716152,0.014471698831973523,0.7033327541582111,-11.943809637753247
420,Hidden Test,Lightning,1468.0124516948126,1083.459183620289,442.9598423652351,127.5251137977466,12.317384488414973,0.8269379637949169,9,197.24876807471057,45,25,1.1804268012035664,52.23289123999571,1468.0124516948126,1.1855953660552605,53.4596944745603,1480.0557984778225,0.005168564851694146,1.226803234564592,12.043346783009838
421,Train,Lightning,1467.2074577305466,1158.9529139804654,413.13077937811613,114.35721743153408,8.559875138103962,0.8261382887721993,9,197.33143115934413,45,25,1.1839228398130084,52.23795829901495,1467.2074577305466,1.1801590400067432,52.29759313814181,1478.597717898191,-0.003763799806265178,0.05963483912686485,11.390260167644328
422,Train,Lightning,1491.6673014988191,1035.229244059883,602.8695133514702,155.7115907035768,20.71889206627384,0.8250321677466855,10,180.80110810380117,35,25,1.165522975609518,52.285777642810906,1491.6673014988191,1.1723093378573255,52.312452242005726,1478.0276520072277,0.006786362247807487,0.026674599194819848,-13.639649491591399
423,Train,Lightning,1438.7042339192703,818.2902339962311,568.5764670372009,135.1389287575148,24.22782440762967,0.7983223801082932,10,180.21594656085037,45,25,1.2511395394889555,52.23868747536128,1438.7042339192703,1.2449109900704691,51.64059651742541,1427.917804997512,-0.006228549418486384,-0.5980909579358737,-10.786428921758443
424,Train,Lightning,1350.0007481197827,949.5885343290865,447.5681877695024,318.8588875764981,21.09970320528373,0.8430449509713799,9,177.9265541553698,40,25,1.1475135087796002,52.24256973393859,1350.0007481197827,1.1441792602281298,52.574551771818115,1345.8184854572282,-0.0033342485514704645,0.33198203787952707,-4.182262662554422
425,Train,Lightning,1454.1976494714618,720.8856169483624,371.53548020869493,104.76347942138091,29.084876319393516,0.8439287442085334,9,191.45871937265673,60,25,1.1867413860884395,52.16167100510299,1454.1976494714618,1.1837614717816949,52.20976584466767,1452.4612025958775,-0.002979914306744602,0.04809483956468341,-1.7364468755843063
426,Train,Lightning,1487.6323383883573,831.6863309824839,499.8601854778826,154.78735106997192,27.760992963332683,0.8218365941615775,10,181.0131538260367,45,25,1.2390858747955251,52.23250734254963,1487.6323383883573,1.226075241128489,52.67821552287856,1475.79643003591,-0.013010633667036142,0.44570818032892845,-11.835908352447404
427,Train,Lightning,1375.0693945912644,684.2496215016581,475.95337219536304,224.55042238114402,16.87312509212643,0.8528010318311863,9,179.1572507362567,55,25,1.2137793084278263,52.19091767640198,1375.0693945912644,1.2100082149053595,52.52278671842073,1380.002704397634,-0.0037710935224668507,0.3318690420187522,4.933309806369607
428,Train,Lightning,1474.893382040318,782.6537111308426,455.8241526596248,231.33309445809573,10.470147240441293,0.7996373802796006,10,184.44527712356418,45,25,1.1521094518893413,52.229644748516556,1474.893382040318,1.1625427773486758,51.812582480238035,1480.1381507471117,0.010433325459334508,-0.4170622682785208,5.244768706793593
429,Train,Lightning,1486.6082367952913,646.6348054702394,351.8581738695502,249.5546263945289,27.669438485056162,0.819552197533194,10,181.3927460959654,55,25,1.246935273522881,52.19122424769347,1486.6082367952913,1.2408666616836506,51.52454632639562,1483.7324072435297,-0.006068611839230353,-0.6666779212978469,-2.875829551761626
430,Train,Lightning,1485.205701563973,841.8258615536615,655.0134097225964,167.65355870127678,16.695652762893587,0.8110275254352018,10,183.12642357816443,40,25,1.1958416364691882,52.26337338279361,1485.205701563973,1.193638923699671,52.26374198282723,1490.287072451815,-0.0022027127695172233,0.00036860003361738336,5.081370887842013
431,Train,Lightning,1465.2222210774198,612.7793819759972,660.2940179407597,232.9000200680457,26.913026615045965,0.7989724243222737,10,183.38833437465516,45,25,1.2503681954571275,52.23590989501236,1465.2222210774198,1.2514470715059238,51.22267648217078,1463.0521653352134,0.0010788760487963067,-1.0132334128415792,-2.1700557422063866
432,Train,Lightning,1375.6487060221843,1023.8076800480485,431.277637090534,300.8158188732341,8.873572760727257,0.8564778702612966,9,178.46328729784378,45,25,1.2324926234674072,52.24878888463264,1375.6487060221843,1.2490260155317159,53.255489608095715,1372.6711491946294,0.016533392064308705,1.0067007234630765,-2.977556827554963
433,Train,Lightning,1429.4574801810086,1022.9701199918054,499.18371830135584,156.9579709158279,10.248898224905133,0.8170814269711264,9,194.3852884990538,45,25,1.1873187964106482,52.23681550885091,1429.4574801810086,1.1966286425509107,53.222423912674216,1429.8926449744781,0.009309846140262534,0.9856084038233064,0.4351647934695393
434,Train,Lightning,1491.265325958375,609.1045928420499,488.98128950968385,283.34268477745354,11.64286419795826,0.8018446423346177,10,185.97933405359777,50,25,1.2011186180398372,52.21433249925513,1491.265325958375,1.1922710941777879,50.68334957663065,1512.3107478134361,-0.008847523862049345,-1.5309829226244815,21.04542185506125
435,Validation,Lightning,1356.629074900411,1234.0048115351237,603.7628825753927,302.84124669386074,19.89496807474643,0.805680358603131,9,187.0922658945873,35,25,1.2509825202801719,52.30877444909492,1356.629074900411,1.2581927966845279,54.062974446584576,1350.694715721008,0.007210276404356009,1.754199997489657,-5.934359179403145
436,Validation,Lightning,1390.7569558708929,848.6518400255591,662.2847544960678,252.12797270622104,18.805151789914817,0.823334647063166,9,187.68619929153311,40,25,1.1639012856034257,52.24990584264499,1390.7569558708929,1.1662529619893487,52.96074788264623,1379.4152111720655,0.0023516763859230405,0.7108420400012392,-11.34174469882737
437,Validation,Lightning,1447.6017062086612,666.8943934026174,715.3062609955668,266.56927190022543,10.31675100326538,0.8000456545338966,10,180.93988736830624,40,25,1.1539635171394311,52.26064938973119,1447.6017062086612,1.1520914651248477,51.896659288927204,1456.590380769658,-0.001872052014583403,-0.3639901008039885,8.988674560996742
438,Hidden Test,Lightning,1480.4265351151116,1093.0149340769276,618.6698955483735,237.6967784203589,11.442308417055756,0.7951271663373336,10,186.18739212930362,35,25,1.2057289252624375,52.31273036359391,1480.4265351151116,1.2261529364489332,52.262771382949424,1480.2073389015304,0.020424011186495727,-0.04995898064448312,-0.21919621358119912
439,Hidden Test,Lightning,1467.9124378832057,1189.6702019614168,440.07015973329544,159.4107829569839,11.741625080816448,0.8208036317280494,9,198.70938149194495,40,25,1.1416944545539611,52.25397339222981,1467.9124378832057,1.154368279571267,52.03351837910629,1464.5198012946557,0.012673825017305962,-0.22045501312351945,-3.3926365885499763
440,Hidden Test,Lightning,1453.9222574676387,734.4265746884048,687.0322457514703,263.3041595527902,22.53730091964826,0.8409306411165745,9,192.10492470806494,45,25,1.250269007595993,52.23769666765536,1453.9222574676387,1.2443100285053939,50.83943656622114,1439.6409229816798,-0.00595897909059917,-1.398260101434218,-14.28133448595895
441,Train,Lightning,1455.8787401765585,1230.0778551376425,531.7028718069196,246.95100121432915,23.339568151161075,0.8214055216056295,9,196.93598376092703,35,25,1.20144925006992,52.28821149471317,1455.8787401765585,1.216602577108503,53.468164548668085,1441.4137531618592,0.015153327038582853,1.1799530539549181,-14.464987014699318
442,Train,Lightning,1451.887133962009,1107.2960062185302,650.42774239555,318.96133876405656,23.96524463267997,0.809140885998495,9,199.37293424911113,35,25,1.2411375277625214,52.298807122249436,1451.887133962009,1.2597038025703884,51.79123716457544,1432.17007190227,0.01856627480786699,-0.5075699576739936,-19.71706205973919
443,Train,Lightning,1364.4582119537517,992.8708963678218,369.82820369303226,226.98708354262635,28.61406893376261,0.8163628483074717,9,185.70966122378076,45,25,1.213742405645348,52.22287181817837,1364.4582119537517,1.2080595969082568,51.93314089674888,1356.4328422961587,-0.0056828087370912606,-0.28973092142948786,-8.025369657593046
444,Train,Lightning,1387.406742980238,1008.5006322246045,668.9525182358921,164.27736710291356,16.227469395380467,0.8208281306922436,9,187.80582561854285,40,25,1.1976543809730487,52.26217183095107,1387.406742980238,1.1975186198722103,53.000616119709896,1385.8426882071233,-0.0001357611008383497,0.7384442887588278,-1.5640547731147763
445,Train,Lightning,1465.296260593459,1005.4896009038202,400.0853007659316,286.0528759029694,27.560585733503103,0.8318776739039458,9,195.71470749712014,40,25,1.1659178633677179,52.23876706121803,1465.296260593459,1.1611172310840503,51.69213680648757,1452.6060571047565,-0.004800632283667561,-0.5466302547304593,-12.690203488702537
446,Train,Lightning,1364.543985959608,875.7716546533629,514.2498900182545,169.1311401501298,14.16663414472714,0.8023876051930711,9,188.95605746984901,50,25,1.235674377803778,52.218110882380834,1364.543985959608,1.2317250886753959,51.685836907447616,1369.6107343467404,-0.003949289128382105,-0.5322739749332186,5.066748387132293
447,Train,Lightning,1487.4898158246651,1124.7482354869135,571.6110996901989,148.8368859118782,10.335472679696977,0.8340862164064311,9,198.1529522389386,40,25,1.1677264327968355,52.2627122207733,1487.4898158246651,1.1728912117705108,53.623394278785675,1492.8123169717262,0.005164778973675288,1.3606820580123724,5.322501147061075
448,Train,Lightning,1407.6305264490657,978.9405833929777,428.7793098948896,220.76873764861375,20.500536577310413,0.8372176823299379,9,186.8132925625873,45,25,1.20246084038762,52.22892208977877,1407.6305264490657,1.1923502748157662,51.837080129279535,1405.5484432669389,-0.010110565571853858,-0.39184196049923514,-2.0820831821267802
449,Train,Lightning,1411.983825545758,871.3825780316256,681.7798608914018,309.6109060407616,21.410715291276574,0.7902027058159001,9,198.54031196377312,40,25,1.237841236532016,52.26545293381348,1411.983825545758,1.2383933399158866,51.538035653967555,1405.0734569693373,0.0005521033838706835,-0.7274172798459233,-6.910368576420751
450,Train,Lightning,1402.7248246246018,1137.8466650145128,395.24767035618424,313.0792604479939,13.721248738933355,0.8051157632330432,9,193.5849736953471,40,25,1.18681975665056,52.262864617928024,1402.7248246246018,1.2071848077239955,53.44993368299305,1407.8841418404645,0.020365051073435447,1.1870690650650246,5.159317215862757
451,Train,Lightning,1442.0778285479173,959.5536445849575,739.9673592299223,150.65585971577093,8.344114040024579,0.8587780778179877,9,186.5800653013611,40,25,1.1597017140185928,52.26348882744601,1442.0778285479173,1.165171730494313,52.13151763015353,1445.338036271596,0.0054700164757202074,-0.1319711972924793,3.2602077236786045
452,Train,Lightning,1439.1212887479924,810.4416076559573,639.4939783029258,116.66366671677679,21.099568776320666,0.8310801381431521,9,192.40306449111733,45,25,1.1632506348629383,52.21927198847345,1439.1212887479924,1.1703617226552092,51.10016542039791,1431.4401821664605,0.007111087792270876,-1.1191065680755443,-7.681106581531822
453,Train,Lightning,1493.127320939675,770.288336451631,717.1854360029101,225.18120820866898,13.245726458728313,0.7964502141089179,10,187.47277538373334,40,25,1.2112086813808278,52.2717174753999,1493.127320939675,1.2168205569898995,51.982385212988184,1500.6654730078037,0.005611875609071726,-0.28933226241171894,7.538152068128738
454,Train,Lightning,1412.379049428273,698.1924321269616,418.6340388841927,310.0005625002086,29.58751346031204,0.818750976859592,9,191.6712284044609,50,25,1.201700861522407,52.19747800520026,1412.379049428273,1.195508922234918,52.546024858227675,1403.3614881516107,-0.006191939287488957,0.3485468530274147,-9.017561276662263
455,Validation,Lightning,1437.0539299445227,721.9881110009737,481.63574039936066,252.00964683433995,22.644425216130912,0.8443339227116667,9,189.11079442351348,50,25,1.1943429826896867,52.20196965321224,1437.0539299445227,1.1922164365932182,50.993697646662525,1429.9321504500188,-0.0021265460964685623,-1.2082720065497128,-7.121779494503926
456,Validation,Lightning,1470.4072219203226,671.400857437402,390.4124147258699,310.65547982696444,18.698685464914888,0.804690399998799,10,182.72955933393976,50,25,1.2215864763943605,52.2127802112823,1470.4072219203226,1.2087923582169406,51.876725229291516,1486.5315247961191,-0.012794118177419822,-0.33605498199078454,16.124302875796502
457,Validation,Lightning,1371.604580618441,1033.1777952960692,456.55961353331804,101.96483459556475,14.628351455554366,0.8469547110167333,9,179.9393839779865,45,25,1.1494768029937266,52.223186172306036,1371.604580618441,1.1466734728138626,53.330753236738204,1372.6285602253122,-0.0028033301798640053,1.1075670644321676,1.0239796068710803
458,Hidden Test,Lightning,1385.0712560699321,677.6533320778981,544.4745511747897,234.20087869279087,10.342833761591464,0.8299652541102842,9,185.4256012138346,55,25,1.2467289190299111,52.20207806220635,1385.0712560699321,1.240487818997639,51.88446656075752,1405.1810268193904,-0.006241100032272184,-0.3176115014488303,20.10977074945822
459,Hidden Test,Lightning,1357.2978879092261,1043.2233023107983,701.2141931802034,142.08154204068705,15.724839569069445,0.8147456386568956,9,185.10179039800627,40,25,1.221960204796097,52.269155480927125,1357.2978879092261,1.2196811987652434,52.222801219570684,1352.9221976960337,-0.0022790060308535143,-0.046354261356441384,-4.375690213192456
460,Hidden Test,Lightning,1472.947082889732,940.4146505054086,626.6625831834972,255.43793737422675,20.471784863155335,0.8119317605718971,10,181.41266968694984,35,25,1.1810650833069616,52.29075075338669,1472.947082889732,1.172602944451122,52.73757068741333,1470.635661120749,-0.008462138855839685,0.44681993402664233,-2.311421768982882
461,Train,Lightning,1448.5409283544868,921.4442751253955,433.38294234126806,259.0798677247949,27.874061454087496,0.8069761467003264,9,199.44702541394503,45,25,1.2268541512058566,52.226648462258474,1448.5409283544868,1.2291218896259541,52.179249898691374,1432.830332988353,0.0022677384200975315,-0.04739856356709993,-15.71059536613393
462,Train,Lightning,1454.6212511253543,1134.9050474120304,428.45396446064115,254.763148650527,24.634157026652247,0.8136036300612614,9,198.65273148572723,40,25,1.2276163122008432,52.25849069787957,1454.6212511253543,1.2223542292633565,53.95272182297517,1445.0255148863587,-0.005262082937486756,1.6942311250955981,-9.595736238995642
463,Train,Lightning,1436.3663425901905,694.5105751161464,607.5319297611713,98.63306429004297,8.911185174249113,0.8399407440214418,9,190.00895173115308,55,25,1.1948576308037442,52.193400338122416,1436.3663425901905,1.198868301548328,50.71850692757416,1443.6834549581931,0.004010670744583722,-1.4748934105482547,7.317112368002654
464,Train,Lightning,1391.6911065462045,922.980740480125,670.3026845119894,280.22781763691455,9.510878899600357,0.8373895312752575,9,184.65999322479163,40,25,1.1802170112498434,52.26712724050693,1391.6911065462045,1.1932946027812388,53.3839711918875,1387.902275294169,0.013077591531395427,1.1168439513805666,-3.7888312520356067
465,Train,Lightning,1490.5033917166293,1221.8650457798503,361.551315523684,297.4370308057405,24.079264821484685,0.7946787910838612,10,187.56048461841218,35,25,1.2346497361566982,52.30085785018293,1490.5033917166293,1.2462916506510127,53.623142818612976,1483.6416838762068,0.01164191449431451,1.322284968430047,-6.8617078404224685
466,Train,Lightning,1408.734301070217,1240.8960954518989,704.9084641970694,146.12176005728543,19.587518468964845,0.8261869744444267,9,189.45594434904157,35,25,1.2233968703889115,52.3011836114002,1408.734301070217,1.2389857284723187,53.560175641624106,1392.3902783120766,0.015588858083407153,1.258992030223908,-16.344022758140454
467,Train,Lightning,1484.932137443684,1039.7841244586743,671.9746198505163,141.5836686338298,18.12437525112182,0.84379935574485,9,195.5351809558097,40,25,1.2147879892763083,52.263982415738134,1484.932137443684,1.2160934844150768,52.68354722236042,1487.1123166976658,0.001305495138768542,0.419564806622283,2.1801792539818052
468,Train,Lightning,1453.3665282069705,841.6869154665619,729.3299454264343,249.89882790949196,21.687787547241896,0.814692717064172,9,198.21604688293115,40,25,1.213997194147138,52.25892627877652,1453.3665282069705,1.21904723344198,52.62556911215022,1451.6854025138523,0.005050039294842046,0.36664283337369596,-1.681125693118247
469,Train,Lightning,1385.5523378122598,992.1976398560219,737.646478228271,172.87506371038035,23.350677236914635,0.8575222250656225,9,179.52917750340129,35,25,1.1452629617465366,52.27168148842133,1385.5523378122598,1.1460771837682793,52.03219460169741,1380.0829042208197,0.0008142220217426388,-0.23948688672391683,-5.469433591440065
470,Train,Lightning,1405.4653656785376,700.6038097431883,448.37351562455297,124.07634260132909,28.52032140502706,0.8192097211396322,9,190.62617835086562,55,25,1.166460449802214,52.17350089317808,1405.4653656785376,1.1428365929198252,52.64868518427974,1405.0307720404949,-0.023623856882388772,0.4751842911016624,-0.4345936380427702
471,Train,Lightning,1368.002947163768,1211.1645238590427,370.0127109885216,175.1158487587236,9.511145467869937,0.8491926414868795,9,178.99392910011386,45,25,1.235920433297996,52.2488499990613,1368.002947163768,1.2541217639551654,53.86228157422282,1373.4300517985907,0.018201330657169335,1.6134315751615205,5.427104634822626
472,Train,Lightning,1426.0814654524438,975.6671748124063,600.8300325833261,176.50809376034886,25.05294253444299,0.8420724881161005,9,188.1708503692807,40,25,1.1903471680324902,52.248337351582755,1426.0814654524438,1.181852244282559,51.46875778503699,1418.7406370437386,-0.008494923749931216,-0.7795795665457632,-7.3408284087051925
473,Train,Lightning,1489.8692809045315,817.5671818084083,729.5346604660153,220.71211457485333,20.454613683745265,0.7996581911039539,10,186.3132645271499,35,25,1.148824955898955,52.281273768024136,1489.8692809045315,1.1557848301416522,52.16883568144483,1482.5184975846944,0.006959874242697284,-0.11243808657930288,-7.350783319837092
474,Train,Lightning,1421.8610657961108,929.1360246250406,469.8973403312266,214.27626504562795,8.800101902801543,0.7989512695418671,9,197.73992343341,50,25,1.2525598237817699,52.226555304058046,1421.8610657961108,1.2672477320433113,51.34319706383747,1427.0763198972943,0.014687908261541427,-0.8833582402205735,5.215254101183518
475,Validation,Lightning,1411.3879524869844,673.7689059809782,437.18287386000156,184.71188015071675,16.91658812109381,0.8123865061509423,9,193.0372826509349,60,25,1.2320903777142518,52.1770263561842,1411.3879524869844,1.2232926169862632,52.265630209419086,1431.2163266254645,-0.008797760727988546,0.08860385323488629,19.828374138480058
476,Validation,Lightning,1401.3409093371592,1087.6067339908332,474.5170916430652,271.4964764146134,28.36505043087527,0.8306061983853579,9,187.45892552281174,40,25,1.2561277855885151,52.26090724559691,1401.3409093371592,1.246598082562262,53.72631155068735,1378.6881954174316,-0.009529703026253111,1.4654043050904377,-22.652713919727603
477,Validation,Lightning,1414.1796119045466,1050.3009826759808,532.5433349236846,104.36939702602103,10.604952316731215,0.826427053178195,9,190.13301583620026,45,25,1.1945583649959408,52.238078798453,1414.1796119045466,1.2034652744726175,52.494208295200465,1421.026782282342,0.008906909476676717,0.2561294967474623,6.8471703777954644
478,Hidden Test,Lightning,1499.623135488946,751.7097129253671,604.3700178153813,172.70708542317152,14.19352780515328,0.8570198078034446,9,194.42350260161092,50,25,1.2129397441128478,52.213376084310354,1499.623135488946,1.2142848640662227,52.42731539153834,1512.6444294911846,0.0013451199533749403,0.2139393072279887,13.02129400223862
479,Hidden Test,Lightning,1455.3813118720427,658.7340339203365,670.772572606802,118.02845388418064,18.667233190499246,0.8266542627825402,9,195.61870292440312,50,25,1.171220935712288,52.20070690429463,1455.3813118720427,1.1633588547834595,52.31755797975356,1461.8622439175356,-0.007862080928828563,0.11685107545893203,6.480932045492864
480,Hidden Test,Lightning,1457.0685749757104,839.0771076083183,642.9144113324583,239.34396826196462,14.845365108456463,0.7981157010328025,10,182.56357732220894,40,25,1.2248786558024105,52.27322137315787,1457.0685749757104,1.241962197044612,51.21457384020668,1468.3306762887692,0.01708354124220146,-1.0586475329511842,11.262101313058793
481,Train,Lightning,1386.6889997385442,1218.3666504337452,474.4660997763276,223.22336303303018,23.60852020420134,0.8195476161246188,9,188.00195680524843,35,25,1.1538358502582429,52.27376104945743,1386.6889997385442,1.1669106769997815,53.42672184178093,1378.3714074279187,0.013074826741538592,1.1529607923235048,-8.317592310625514
482,Train,Lightning,1440.1371085667051,1059.5378267811611,445.11821204796433,290.2102043572813,25.549382128287107,0.8233473079511896,9,194.34718828846357,40,25,1.2182492829887797,52.254864518968844,1440.1371085667051,1.2174900158446786,52.23407912423791,1432.8296559014027,-0.0007592671441010168,-0.02078539473093599,-7.307452665302435
483,Train,Lightning,1361.1311800545081,655.8585131191649,408.4577601402998,141.01545103592798,12.633426268585026,0.8124420378427022,9,186.15087691106817,65,25,1.2217982511206995,52.16294134911075,1361.1311800545081,1.2265393209560065,51.104032971664836,1376.5634328014653,0.004741069835306977,-1.058908377445917,15.432252746957147
484,Train,Lightning,1497.7283615036868,757.4825205374509,624.4257125072181,175.96141648944467,28.750319577287883,0.7991887107305229,10,187.40609588123965,40,25,1.181206454305075,52.24490091678178,1497.7283615036868,1.1849480938324766,51.01151297540804,1489.3137161170507,0.0037416395274014747,-1.233387941373742,-8.414645386636039
485,Train,Lightning,1366.7522145900875,1100.0699659693055,450.64568649977446,177.34264138387516,14.08665094524622,0.8340940543473698,9,182.0674255920684,45,25,1.2392541671641848,52.24444748946901,1366.7522145900875,1.2494095242273167,52.11209688112527,1374.7216400345633,0.010155357063131865,-0.13235060834374224,7.969425444475746
486,Train,Lightning,1488.70998948114,1166.1555915838107,682.0155230350792,225.56697150692344,23.1592808351852,0.8508544428786263,9,194.40718966435003,35,25,1.2348652022262239,52.298347611079166,1488.70998948114,1.246189412013367,52.81269527824117,1470.16306137452,0.011324209787143102,0.5143476671620064,-18.546928106619816
487,Train,Lightning,1462.663023476489,619.7703939047642,515.1436984539032,273.18510772427544,8.039753365330398,0.8589306608564221,9,189.2098176557889,55,25,1.1974303131942572,52.19455786777293,1462.663023476489,1.1983804401191362,52.419203148366236,1473.1140347337457,0.0009501269248790578,0.22464528059330746,10.451011257256823
488,Train,Lightning,1405.1391714136116,880.3988971747458,705.547062214464,247.5998248392716,21.856267196591944,0.8292919628415257,9,188.26490741156204,40,25,1.2225120097370485,52.26089562640582,1405.1391714136116,1.213269391649819,51.50027441705578,1393.8747825615922,-0.009242618087229593,-0.7606212093500417,-11.264388852019465
489,Train,Lightning,1370.9931230172515,875.1687746844254,570.3850926831365,199.2659917869605,10.991664161905646,0.8058536999044009,9,189.03253685155306,45,25,1.167754964026169,52.23146853653867,1370.9931230172515,1.1680446576727814,51.20077587493629,1381.3814104902667,0.00028969364661235453,-1.0306926616023802,10.388287473015225
490,Train,Lightning,1385.3606585995294,971.2175030494109,699.3584633804858,324.17849513702095,9.639874984044582,0.8285041752131657,9,185.7914138175707,40,25,1.253898943708418,52.28603208941982,1385.3606585995294,1.2632952196572016,51.96744635663354,1387.7993946460033,0.009396275948783561,-0.318585732786282,2.4387360464738776
491,Train,Lightning,1495.0259825913236,856.026414653752,609.2589039355516,218.43782077310607,9.992262587882578,0.8093377884360962,10,184.72212763970902,40,25,1.175718294253577,52.26670503389453,1495.0259825913236,1.1744846335189825,52.17224644339538,1494.541952255675,-0.0012336607345946327,-0.09445859049915128,-0.4840303356486402
492,Train,Lightning,1371.0768392658792,865.5866788234562,608.4694127552211,138.5584834916517,18.45008226064965,0.848444919474423,9,179.55422624713424,45,25,1.181970054341061,52.22644692761784,1371.0768392658792,1.190233901878193,51.90707915357123,1374.6433195388402,0.008263847537131941,-0.31936777404661143,3.5664802729609164
493,Train,Lightning,1411.0946049448103,1175.0591437215917,395.9368398413062,275.47752459766343,11.137016866356134,0.8351594399684109,9,187.73455933664908,40,25,1.172902603698466,52.26291138175994,1411.0946049448103,1.1805833459818267,52.05103781755343,1406.842162265684,0.007680742283360686,-0.21187356420651327,-4.252442679126261
494,Train,Lightning,1497.0067618531175,1101.296277414076,589.7580598481,191.87240481376648,27.680287251714617,0.8069627680582926,10,185.5112554269639,35,25,1.2548502565150037,52.30121705806465,1497.0067618531175,1.2604355090671422,52.92902975492868,1476.4965874020047,0.005585252552138487,0.6278126968640265,-20.51017445111279
495,Validation,Lightning,1366.5310310432687,816.0491355811246,559.7522176802158,270.35084400093183,12.191232695244253,0.8498040126799606,9,178.67270448417165,45,25,1.1745328619111133,52.23167628135811,1366.5310310432687,1.1831381014635707,52.377455377793325,1375.8440208223928,0.0086052395524574,0.1457790964352128,9.31298977912411
496,Validation,Lightning,1420.2569197746925,967.458719201386,490.3217657469213,318.4731770725921,18.919369959738106,0.8074227724131197,9,195.44448065017951,40,25,1.1724684413542876,52.25196235225061,1420.2569197746925,1.1667573498209989,51.92933578918955,1411.8201578392125,-0.005711091533288748,-0.32262656306105697,-8.436761935480035
497,Validation,Lightning,1429.9771425314248,767.1900348155759,655.3203562274575,242.73543616989627,8.959876703098416,0.8407904736627825,9,188.97258490333846,45,25,1.1715612172910363,52.234653455608175,1429.9771425314248,1.1737512307492408,52.37792339754674,1441.3167840245842,0.002190013458204465,0.1432699419385628,11.339641493159434
498,Hidden Test,Lightning,1383.3918347605504,1159.7150047542527,640.297079924494,105.8678172249347,24.498532832134515,0.8585869676107541,9,179.02694736914395,35,25,1.1535710165066402,52.27217432370433,1383.3918347605504,1.164616107852514,52.42068893525977,1373.7908913843773,0.011045091345873725,0.14851461155544143,-9.600943376173063
499,Hidden Test,Lightning,1480.5496817221865,792.3082131543197,585.0430008023977,233.3361251349561,18.798238527961075,0.8192067039455287,10,180.72968331331336,40,25,1.169936500455716,52.25405158149763,1480.5496817221865,1.1668375021935167,51.78680115887611,1490.5661232353953,-0.003098998262199393,-0.46725042262151817,10.016441513208747
500,Hidden Test,Lightning,1419.7920852690004,843.2845080737025,380.30496118590236,242.46572078671306,13.536035716068,0.8569574929215015,9,184.08693248388528,50,25,1.162838516686444,52.20359465550797,1419.7920852690004,1.1685206278414464,52.97162397827091,1436.44704322662,0.0056821111550025005,0.768029322762942,16.654957957619672
501,Train,Lightning,1360.58483091183,821.3627427699976,610.2174846455455,206.91050983266905,10.234867066144943,0.8450351782725193,9,178.8991703665894,45,25,1.1597478066573124,52.23048166820542,1360.58483091183,1.1744101192919232,52.60129968168181,1364.507090717988,0.014662312634610819,0.3708180134763879,3.9222598061578537
502,Train,Lightning,1386.5964108263142,929.943755432032,647.2028833813965,157.4297551251948,14.350674709770828,0.8409561076527462,9,183.20369692018295,45,25,1.2449532870066633,52.245463824224885,1386.5964108263142,1.261966339217021,52.352093797151035,1389.4415164488132,0.01701305221035776,0.10662997292615017,2.845105622498977
503,Train,Lightning,1399.8419896932319,917.652065132279,385.1744547486305,113.57353335013613,11.92626331280917,0.8047453379980288,9,193.27604834808562,55,25,1.2201260312711268,52.19585217830004,1399.8419896932319,1.222873426975708,51.25579395890547,1412.224694768251,0.002747395704581157,-0.9400582193945723,12.382705075019203
504,Train,Lightning,1408.7178825284354,1114.9119730107486,660.9660915099084,159.9360746750608,21.52696389472112,0.8179056784231216,9,191.37195559223463,35,25,1.1521958310488176,52.27684181965409,1408.7178825284354,1.1543856720931343,52.07785769226941,1403.953805987556,0.0021898410443166316,-0.1989841273846764,-4.764076540879387
505,Train,Lightning,1468.997560814023,818.0713495588861,360.1961152628064,194.49063249165192,14.957734091207385,0.8585098348301836,9,190.12240114155946,55,25,1.196207795391107,52.18904730632358,1468.997560814023,1.1993093882328147,52.2411729052044,1491.1208408725001,0.0031015928417077454,0.05212559888082069,22.12328005847712
506,Train,Lightning,1471.4768643141724,1089.591889665462,715.2858988381922,83.24426940642297,27.936463308054954,0.8306678859191016,9,196.82647197482282,35,25,1.1637470737910356,52.269405431879626,1471.4768643141724,1.177035808344048,52.61836022192649,1448.3935737768822,0.013288734553012382,0.3489547900468608,-23.083290537290168
507,Train,Lightning,1383.8826020015404,1135.1961762295105,638.4200666099787,146.12572743324563,28.721607842482626,0.8456420575338416,9,181.8319372668775,35,25,1.1850293655107111,52.27433576671477,1383.8826020015404,1.1929334685000892,53.31415892275204,1369.889460694282,0.007904102989378048,1.0398231560372722,-13.993141307258384
508,Train,Lightning,1368.6805989942513,1074.2881092708558,699.8635406605899,270.27828599791974,10.02555588958785,0.8078519460558892,9,188.24689703718485,35,25,1.1399771317089114,52.29377773775979,1368.6805989942513,1.1532073831048775,52.54822512333018,1370.403448676858,0.01323025139596612,0.25444738557038704,1.722849682606693
509,Train,Lightning,1381.0881230514497,1221.5404440532438,664.5119434222579,259.4075768557377,26.11768552288413,0.8208269630768337,9,186.95077378962927,30,25,1.1517489004286179,52.309530844938344,1381.0881230514497,1.1551017374397337,53.30407682722936,1355.628383091021,0.0033528370111157724,0.9945459822910152,-25.45973996042858
510,Train,Lightning,1481.8757373956032,804.5273202238604,498.3937253244221,305.045514293015,25.04521051282063,0.8416165623394772,9,195.6388064095721,45,25,1.209771272835938,52.22572218584325,1481.8757373956032,1.2119503099961215,52.533724772035534,1481.7954914080121,0.002179037160183528,0.3080025861922806,-0.08024598759106993
511,Train,Lightning,1467.1536043519154,767.6742944051512,693.5931794345379,287.1409145719372,11.506346530281007,0.8048012180789375,10,182.3001222406217,40,25,1.2265164726486668,52.277911753292315,1467.1536043519154,1.2320074783882577,51.76344822310487,1464.893036914315,0.005491005739590937,-0.5144635301874487,-2.260567437600457
512,Train,Lightning,1394.3809883552603,1033.559687808156,437.8726481460035,276.30150974262506,14.99787758430466,0.807116623101756,9,191.95642425621253,45,25,1.2570088775885486,52.24751539989026,1394.3809883552603,1.256699582973363,51.88516726956757,1402.6056285005286,-0.0003092946151856957,-0.36234813032269386,8.224640145268268
513,Train,Lightning,1479.4429848901927,902.616357372608,562.7383524551988,80.34229928860441,14.577151456847787,0.7907070157979615,10,187.10381409695427,45,25,1.2273516653579277,52.24279200682942,1479.4429848901927,1.225234162716785,51.63229130149584,1494.4229646712429,-0.0021175026411426323,-0.6105007053335783,14.979979781050133
514,Train,Lightning,1464.9473016732372,785.1539782481268,737.1308588422835,259.52602566219866,18.285648070741445,0.839472329155542,9,193.89790080618394,40,25,1.1724713915592904,52.2528288587747,1464.9473016732372,1.1705402350563823,51.91439170522624,1468.1028685846745,-0.0019311565029080935,-0.3384371535484618,3.1555669114372904
515,Validation,Lightning,1483.872914663516,1027.6587677770294,389.3096875399351,112.54974976880476,23.95008033979684,0.8557716682623141,9,192.66210183229418,45,25,1.1513369871902994,52.213490126128,1483.872914663516,1.1334652005218282,53.40587805404938,1488.019962955103,-0.017871786668471223,1.1923879279213807,4.147048291586998
516,Validation,Lightning,1459.8676055087708,1083.0352914053947,640.381998103112,198.63735725637525,21.737166188191622,0.8146364842914046,9,199.11643395678473,35,25,1.1461315750118863,52.27469637079681,1459.8676055087708,1.1495039230206672,52.83270024472971,1440.9500014594469,0.0033723480087808344,0.558003873932897,-18.917604049323927
517,Validation,Lightning,1394.7654882911593,859.1681638616137,375.4744214937091,146.16500328527763,17.77771695703268,0.8266271825344302,9,187.47743410555853,55,25,1.214103705838891,52.190302423258785,1394.7654882911593,1.2070439177115673,52.37224617434732,1408.1326343398794,-0.007059788127323774,0.18194375108853222,13.367146048720087
518,Hidden Test,Lightning,1353.442104079295,1049.3787321960554,650.0940439291298,163.06145248934627,23.243520362768322,0.8215806029131636,9,183.04041682043595,40,25,1.2472746978873803,52.26541564959672,1353.442104079295,1.240638853750172,52.51775410969237,1342.4822185014614,-0.006635844137208302,0.2523384600956504,-10.959885577833575
519,Hidden Test,Lightning,1432.126973499544,972.5562721607275,431.45385682582855,127.16262588044629,23.739736589603126,0.8098555144644343,9,196.48593660927065,45,25,1.151487788547193,52.21374811180263,1432.126973499544,1.135263817119896,52.63651495452687,1428.738494667094,-0.016223971427296924,0.42276684272423637,-3.3884788324498913
520,Hidden Test,Lightning,1364.2735008965246,1182.789928931743,417.63033336028457,126.91482300404459,26.020446447189897,0.811687285983935,9,186.75411967344587,40,25,1.1797469653253982,52.244334723174795,1364.2735008965246,1.1814137336451416,53.511655959382985,1349.5337101790053,0.001666768319743328,1.2673212362081898,-14.739790717519327
521,Train,Lightning,1453.480220027268,1244.154697691556,566.3810582831502,189.6662185736932,27.490976547822356,0.8566010526684114,9,188.53327546372685,35,25,1.2208704376631185,52.286881492881456,1453.480220027268,1.234476950219112,53.286658357002956,1429.1090671552915,0.013606512555993433,0.9997768641215004,-24.371152871976392
522,Train,Lightning,1433.2942471490242,999.2990099126473,434.87325021997094,168.28099141828716,27.910661552567035,0.8189999883295969,9,194.45045008450148,45,25,1.2192217846650724,52.22486252324808,1433.2942471490242,1.2229741290513805,53.2241746968965,1425.1246385648506,0.003752344386308115,0.9993121736484198,-8.169608584173602
523,Train,Lightning,1457.8764813719317,970.7851792336442,660.0972700864077,300.57360428152606,15.716165632940829,0.795707119840663,10,183.21772484125384,35,25,1.2190733629626787,52.30962476128647,1457.8764813719317,1.2282824864119166,53.04791041353398,1458.5877756587536,0.009209123449237966,0.7382856522475052,0.7112942868218397
524,Train,Lightning,1478.090024215635,1176.1934777256101,720.4340944997966,145.98403945099562,20.52100622979924,0.8189168472215533,10,180.49329785197912,30,25,1.1573650769698565,52.328882461722934,1478.090024215635,1.175305105408551,52.281921200644064,1463.5035434152508,0.017940028438694577,-0.04696126107887011,-14.586480800384152
525,Train,Lightning,1430.7573036756366,974.0138350869529,646.7952569946647,92.23514584125951,9.333060581237078,0.8531828878843226,9,186.3293743923419,45,25,1.205763822891125,52.24210642279812,1430.7573036756366,1.2174951112155235,52.09091961357158,1434.4933528027902,0.011731288324398514,-0.15118680922654448,3.736049127153592
526,Train,Lightning,1461.3551536691375,1131.1423738254234,635.0682740099728,182.01477445662022,25.7293071099557,0.8348976640356705,9,194.48227231498052,35,25,1.1831485983710956,52.27877704897089,1461.3551536691375,1.1880174013743101,52.50839728885808,1444.6962289085727,0.004868803003214461,0.22962023988718983,-16.658924760564787
527,Train,Lightning,1376.8039329210296,608.0408153240569,437.12089732289314,208.7772361538373,28.946284412406385,0.851266087719705,9,179.70669450581258,60,25,1.237652764241998,52.170520430591765,1376.8039329210296,1.2149472493792857,52.1881296509097,1369.981395753449,-0.02270551486271244,0.017609220317936547,-6.822537167580549
528,Train,Lightning,1498.5714875045232,776.1442041024566,617.5555839203298,237.97011007089168,8.570481488015503,0.8596574276592583,9,193.6910421508703,45,25,1.1469045249457843,52.22941812886025,1498.5714875045232,1.1469787958927917,52.47964056626722,1499.5565700174952,7.427094700740433e-05,0.25022243740696837,0.9850825129719851
529,Train,Lightning,1495.67536348477,902.5302921771072,404.17248103767633,294.6415170864202,28.261583479121327,0.8072902540047653,10,185.27107890440868,40,25,1.208219181224934,52.25243289829468,1495.67536348477,1.2135294907891,51.20701159757445,1478.6389742597926,0.005310309564166005,-1.0454213007202284,-17.036389224977484
530,Train,Lightning,1435.61756570125,660.4892992647365,629.5709648169577,176.64945979602635,8.095389709342271,0.8210209401929751,9,194.2862295548784,55,25,1.2461276745143521,52.203696713695635,1435.61756570125,1.2600227531024286,52.34375626084243,1440.1342110346718,0.013895078588076482,0.14005954714679802,4.51664533342182
531,Train,Lightning,1489.4716979702935,875.0548608251847,685.790291056037,222.9045244003646,26.6995168896392,0.8553679793770426,9,193.48030241974055,40,25,1.217405498804752,52.2531311682742,1489.4716979702935,1.2224436928364866,52.39894942634742,1469.2915716489022,0.005038194031734555,0.1458182580732199,-20.1801263213913
532,Train,Lightning,1360.3644376038574,1037.2886119876057,460.961754899472,273.43827047850937,20.864300593268126,0.7999861523695291,9,188.94277573493113,40,25,1.1799368898903626,52.25125055078122,1360.3644376038574,1.175787356753297,52.22343415830955,1346.1007227481343,-0.004149533137065564,-0.02781639247167078,-14.263714855723038
533,Train,Lightning,1422.741910116747,657.8381884726696,635.6071708723903,311.57722159521654,19.773763850331306,0.851938762201462,9,185.5561003574032,45,25,1.183095389506578,52.225263145933106,1422.741910116747,1.1857604627455771,52.01646086102867,1425.5435665551963,0.002665073238999005,-0.20880228490443642,2.8016564384492995
534,Train,Lightning,1357.7735279803164,1107.3104059090838,600.3630769439042,139.423275757581,15.664569503162056,0.8114637379860505,9,185.9155477551847,40,25,1.1978683919824935,52.263008562086355,1357.7735279803164,1.2177212740592003,52.18135210227999,1361.0729591815489,0.019852882076706768,-0.08165645980636782,3.299431201232437
535,Validation,Lightning,1382.759399455972,1140.7551402342506,413.5339066386223,248.98427618434653,17.797281350009143,0.8438765161833727,9,182.0644730911082,40,25,1.1828340115289158,52.256175392897696,1382.759399455972,1.178117540005632,51.9549587957233,1384.0794746213028,-0.004716471523283694,-0.3012165971743954,1.3200751653307634
536,Validation,Lightning,1434.9552879924886,1190.0088696740568,545.2236256562173,267.4516276875511,28.20423804735765,0.8235022335220129,9,193.6114681337387,35,25,1.2262582600453444,52.28726852188155,1434.9552879924886,1.2284538020954459,53.47508863030804,1414.7650218383249,0.002195542050101418,1.187820108426493,-20.190266154163737
537,Validation,Lightning,1381.489898264408,852.7146259672008,667.6813768222928,260.1139475428499,28.024466482922435,0.8544826695811936,9,179.63954454473424,40,25,1.2221896524425997,52.252626014005564,1381.489898264408,1.2089896719530995,51.833290838779064,1366.9793887964345,-0.013199980489500218,-0.4193351752265002,-14.510509467973634
538,Hidden Test,Lightning,1415.450105688069,697.8493923554197,635.0797460414469,116.69176786206663,23.3047487703152,0.7904467409895733,9,198.9662627597772,50,25,1.1926083563446648,52.20103213980842,1415.450105688069,1.178696664221569,51.97884758163426,1417.9336253896606,-0.013911692123095731,-0.22218455817415617,2.4835197015916037
539,Hidden Test,Lightning,1398.0493382317945,1077.2320528165437,649.1745475679636,85.13609609333798,27.30427458230406,0.7926810161280446,9,195.96636250715488,40,25,1.2373378979548786,52.257464794948305,1398.0493382317945,1.2473729415793202,53.255709842281235,1380.6626754154538,0.01003504362444163,0.9982450473329294,-17.38666281634073
540,Hidden Test,Lightning,1440.0300599983893,1124.4590647052974,367.3063184134662,138.8027274934575,22.8718275683932,0.7962897389382124,10,180.84247348440684,40,25,1.2026731529040429,52.25749592516356,1440.0300599983893,1.1994563110062448,51.81561492817676,1431.5984577260965,-0.0032168418977980284,-0.4418809969868036,-8.431602272292821
541,Train,Lightning,1353.3692061435431,1090.8205338637345,443.8915168866515,124.73308922024444,21.58291621133685,0.8434550891467371,9,178.28377369836537,45,25,1.2285847889135777,52.23374898344992,1353.3692061435431,1.2395366118137174,53.81659047107273,1342.4555894792848,0.01095182290013974,1.582841487622808,-10.91361666425837
542,Train,Lightning,1498.9665866014548,1002.8829238144681,720.588590670377,122.69549902528524,11.038820939604193,0.7983299684105442,10,187.76278555418148,35,25,1.1430287109709873,52.29484843509063,1498.9665866014548,1.1663918946685032,52.2914979310143,1500.0423779763046,0.023363183697515888,-0.0033505040763301963,1.075791374849814
543,Train,Lightning,1434.1287147486582,965.4178938944824,425.8639357984066,275.1012699282728,8.03030293341726,0.8574028147174977,9,185.84920907283933,45,25,1.1677156318094108,52.23483078480843,1434.1287147486582,1.1865749229782108,51.47928862602221,1435.94219758043,0.01885929116879992,-0.7555421587862199,1.8134828317718075
544,Train,Lightning,1417.3399833845906,1125.4315368831158,492.9997234605253,273.20019998122007,18.726384551730007,0.8550346575211734,9,184.18226558514192,40,25,1.241094612652086,52.269952635451155,1417.3399833845906,1.2536094267442184,53.16957959083218,1414.031553970066,0.012514814092132287,0.8996269553810237,-3.308429414524653
545,Train,Lightning,1362.6517868600786,604.045028926339,660.9032595530152,294.0841698856093,9.046833658590913,0.8536015591328032,8,199.5444731035334,55,25,1.187722835986715,52.19108189872939,1362.6517868600786,1.184351646253707,51.868634990714625,1371.9688451486888,-0.0033711897330079843,-0.3224469080147614,9.31705828861027
546,Train,Lightning,1404.956917616073,1244.3887229310349,683.8344388641417,244.86095287837088,28.82140398817137,0.8175765202054754,9,190.93787593157717,30,25,1.181852300673317,52.31383814058047,1404.956917616073,1.1840227149818838,52.07735824009401,1381.2624964663003,0.0021704143085667926,-0.23647990048646506,-23.69442114977278
547,Train,Lightning,1390.2773976093158,1122.8853167616762,740.9704070538282,149.51778911752626,21.811410238035023,0.8371544202486985,9,184.52421998219182,35,25,1.1949687105044322,52.28893526500408,1390.2773976093158,1.2098454403492211,53.824840296491644,1374.6537553491528,0.014876729844788938,1.535905031487566,-15.623642260163024
548,Train,Lightning,1425.1667063101195,1021.3345394004136,736.2397882156074,253.69173315819353,11.621387905906886,0.8087650115601719,9,195.79464244033832,35,25,1.132425450001075,52.28860666052622,1425.1667063101195,1.1376738244183635,53.637518245232584,1418.8274800496656,0.005248374417288426,1.3489115847063644,-6.33922626045387
549,Train,Lightning,1445.5692416522652,718.6095414566807,534.884531609714,217.1280302410014,16.232742853462696,0.820200721716974,9,195.82865556591653,50,25,1.1780702173185607,52.204306751458205,1445.5692416522652,1.1658299054703818,50.91829944394537,1453.7074241453488,-0.012240311848178864,-1.2860073075128327,8.138182493083605
550,Train,Lightning,1466.701125644613,715.1531137293205,436.1996796913445,90.1658902131021,24.493308214936405,0.837886244072579,9,194.49751430001268,60,25,1.210589145723096,52.168583800745594,1466.701125644613,1.205088517807272,51.71775461532328,1477.9565796240745,-0.005500627915823841,-0.45082918542231454,11.255453979461436
551,Train,Lightning,1442.509988998063,707.6711852219887,524.1697311401367,308.8457657559775,13.039052623324096,0.7971951534575783,10,180.9481634128906,45,25,1.2168103111516992,52.24192396767696,1442.509988998063,1.2146375957210336,52.180994518881015,1444.4708749164663,-0.0021727154306656615,-0.06092944879594597,1.9608859184033918
552,Train,Lightning,1428.9808646659367,1073.0624780990183,457.57043128833175,184.1046247119084,13.23297126358375,0.7921827659104019,10,180.38525024256313,40,25,1.21253920708867,52.2720782777827,1428.9808646659367,1.2095634501350387,51.67901302719284,1435.37701038723,-0.002975756953631281,-0.5930652505898593,6.396145721293351
553,Train,Lightning,1369.4015650078654,710.0879568955861,479.16665095835924,88.82103253388777,20.161200722679496,0.8212658611056395,9,185.26976056264755,60,25,1.2280358846445731,52.17428394422747,1369.4015650078654,1.2293453110426693,52.043681549759576,1374.7512161649354,0.0013094263980961696,-0.13060239446789268,5.349651157069957
554,Train,Lightning,1438.5094728902914,668.3492686832324,577.6302398182452,279.6004085522145,23.757488389033824,0.8172180743189529,9,195.5835179121566,50,25,1.2518398083692825,52.2128760485666,1438.5094728902914,1.2550834478139306,52.160209183603655,1439.5885273540177,0.0032436394446480055,-0.05266686496294426,1.0790544637263793
555,Validation,Lightning,1433.4409369854257,864.5320667535998,744.9890572577715,114.34948826907203,20.406070188619196,0.8128270215424709,9,195.94724461590846,40,25,1.1486392512030155,52.243794525219826,1433.4409369854257,1.1465231657954846,53.1764102572114,1428.5495709689887,-0.002116085407530832,0.9326157319915751,-4.891366016436905
556,Validation,Lightning,1411.387760785874,1241.0399788524956,487.9960815422237,93.78516189288348,12.894273567479104,0.7960562840476633,9,196.9972041576799,40,25,1.1682588277584194,52.259223399085194,1411.387760785874,1.170873196146734,53.85433990941413,1405.5938895446068,0.0026143683883146362,1.5951165103289355,-5.7938712412671975
557,Validation,Lightning,1350.735811656341,869.9990230496041,674.4835844263434,287.9965302837081,28.555698458105326,0.7937210509949364,9,189.08627491053153,40,25,1.2564055907426208,52.26072930955517,1350.735811656341,1.2647268939678042,52.267561663186875,1334.2078609799082,0.00832130322518343,0.006832353631708088,-16.527950676432738
558,Hidden Test,Lightning,1499.0030964952894,1096.6174089116976,716.7771850712597,260.2549548447132,24.52023027325049,0.83291979260277,9,199.96631259070142,35,25,1.242760141045419,52.29833380590095,1499.0030964952894,1.2589714873423516,51.79825719752623,1477.8359563688548,0.01621134629693266,-0.5000766083747195,-21.16714012643456
559,Hidden Test,Lightning,1393.7414447078481,1092.5376162980683,491.05398431420326,316.04236770188436,28.33820556011051,0.82437457656255,9,187.85169378806543,35,25,1.1721506156530426,52.27120042650938,1393.7414447078481,1.1818379089680269,52.32856110561419,1373.2675243905378,0.009687293314984302,0.057360679104810686,-20.47392031731033
560,Hidden Test,Lightning,1459.9539015325718,831.2210330739617,684.4748421572149,224.41807952243835,13.529399031307548,0.8476420809980483,9,191.3745244682576,45,25,1.244709020039981,52.24632726839496,1459.9539015325718,1.2444852338627932,51.567664957171864,1462.5550860695837,-0.00022378617718787908,-0.6786623112230927,2.6011845370119318
561,Train,Lightning,1459.6134354360402,769.1272729425691,613.0393305793405,102.5998536334373,15.073984758928418,0.8271456614066847,9,196.0709922943855,50,25,1.183664831287095,52.20651220983194,1459.6134354360402,1.1783943516109123,51.8712106005953,1463.1758667373442,-0.00527047967618266,-0.33530160923664454,3.562431301304059
562,Train,Lightning,1475.6348825641908,982.6782074989751,563.4039469994605,267.0665412861854,29.441321522463113,0.8246839605504648,9,198.8148663478075,40,25,1.2491720517577172,52.25771521039021,1475.6348825641908,1.2525171007290115,51.99608237426899,1450.0766246380201,0.0033450489712942844,-0.26163283612122257,-25.558257926170654
563,Train,Lightning,1350.65692642238,625.4081006743945,548.288756236434,259.00102463318035,29.07991932053119,0.8405925082112663,9,178.53239275717053,50,25,1.2040376291518022,52.198393417179744,1350.65692642238,1.2032464865596812,50.98223701564635,1342.3691545707,-0.0007911425921209858,-1.2161564015333965,-8.287771851679963
564,Train,Lightning,1479.0081457584165,683.3244713488966,423.3022796921432,312.20734612550586,29.280736475717276,0.83160462314263,9,197.61102072350624,50,25,1.194385159098321,52.1962317066007,1479.0081457584165,1.186362557275538,52.216043296424466,1470.9134493136357,-0.008022601822782915,0.019811589823767406,-8.094696444780766
565,Train,Lightning,1483.7850500363857,1015.2287132921629,397.65342753380537,89.93306032614782,19.990560948848724,0.8461809748993255,9,194.83421448847068,50,25,1.2185761671860116,52.20932646023964,1483.7850500363857,1.2180907293102008,52.60941846068083,1487.7014527265094,-0.00048543787581079023,0.400092000441191,3.916402690123732
566,Train,Lightning,1480.2943245624192,1016.0106459399685,549.3091744370759,328.7544142641127,8.036956957075745,0.8185487742489204,10,180.84375313135124,35,25,1.1540259962293566,52.30314836115158,1480.2943245624192,1.167005934718683,52.520543842152684,1486.6483089081996,0.012979938489326326,0.2173954810011054,6.353984345780418
567,Train,Lightning,1466.5537604363635,1178.5023136180826,514.3195822834969,171.95476671447977,13.90325231384486,0.8353447209647857,9,195.06966852925362,40,25,1.199015986679003,52.26576530111841,1466.5537604363635,1.2003466868757737,54.04422914455727,1467.3985272663401,0.0013307001967706178,1.778463843438864,0.8447668299766065
568,Train,Lightning,1409.0112111414783,1127.0870151929557,637.6358381472528,291.1995281884447,25.923388039227575,0.8494029248971493,9,184.31394176903598,35,25,1.2414819593630466,52.29556969733985,1409.0112111414783,1.2373459706328762,52.3510570367785,1379.7037035579476,-0.0041359887301704035,0.05548733943864903,-29.30750758353065
569,Train,Lightning,1414.7913616150618,715.2775286114775,677.2345857694745,232.06570230657235,27.549097968265414,0.8201926621538588,9,191.66111504416577,45,25,1.2326281430762953,52.228312296067,1414.7913616150618,1.2246238080864,51.51161477919144,1406.3021277855248,-0.008004334989895279,-0.7166975168755627,-8.489233829536943
570,Train,Lightning,1483.3401160896756,782.6255737105384,434.0152100659907,274.9764264281839,25.179128211457282,0.8586625906126574,9,191.9445079548792,50,25,1.2322300000279527,52.20758041350117,1483.3401160896756,1.213590272877454,52.01081657315997,1483.880190221256,-0.018639727150498775,-0.1967638403411982,0.540074131580468
571,Train,Lightning,1487.964088912122,1078.862131445203,376.33108235895634,104.55670683411881,13.408484824933112,0.8198986456054264,10,181.48146687245534,45,25,1.232784363163621,52.24522667375057,1487.964088912122,1.2488334281581142,52.817022382179324,1488.395314509796,0.0160490649944931,0.5717957084287519,0.4312255976740289
572,Train,Lightning,1374.5872903964482,794.8151569347829,505.40987802669406,156.0309825418517,10.660457264166325,0.7926126922667027,9,192.69426624797075,55,25,1.2479615057335423,52.202066719529206,1374.5872903964482,1.2441609577582353,51.28622680296328,1392.0786648704109,-0.0038005479753069338,-0.915839916565929,17.49137447396265
573,Train,Lightning,1405.089023290202,1214.9100509355776,599.8324459418654,109.0678579476662,28.703525241464376,0.83628286693478,9,186.6844446545092,35,25,1.187094764506207,52.274970129576104,1405.089023290202,1.181964299122401,52.83092162361842,1377.230209326923,-0.0051304653838060155,0.5559514940423185,-27.85881396327909
574,Train,Lightning,1440.9042280283757,797.466220962815,451.472191978246,264.23736188560724,8.335247757378966,0.8010308756260202,9,199.8680383647,50,25,1.175181948514998,52.21094193268984,1440.9042280283757,1.1823535388590483,51.5512920453411,1443.5638649272694,0.007171590344050349,-0.659649887348742,2.659636898893723
575,Validation,Lightning,1373.0974145466462,857.2199593414553,384.6258573234081,142.24277190631256,26.385342634283006,0.8206785351200961,9,185.90272910177382,50,25,1.156079891738112,52.19081401317296,1373.0974145466462,1.1557765307738779,51.4763044484234,1371.9056902887964,-0.00030336096423422276,-0.7145095647495623,-1.191724257849728
576,Validation,Lightning,1369.8115268605761,891.0171177238226,393.8913404010236,284.88012686837465,21.3929465576075,0.8331527632754296,9,182.6811210034605,45,25,1.166793937393083,52.21976928511506,1369.8115268605761,1.1688410071188309,51.9948482644899,1361.1568827265883,0.002047069725747974,-0.2249210206251604,-8.654644133987858
577,Validation,Lightning,1432.9401615075767,850.2222451730631,464.517461694777,125.22167990216985,23.46654141880572,0.809245650426019,9,196.7456648262792,50,25,1.1860042830293862,52.199525979232114,1432.9401615075767,1.1698560656378842,52.170513361673144,1427.3234216573717,-0.016148217391501962,-0.02901261755896911,-5.616739850205022
578,Hidden Test,Lightning,1377.8112200670876,1061.4669143455103,454.027780238539,164.58046452142298,17.39175730245188,0.840964324460365,9,182.04117714654012,45,25,1.2226797896864299,52.236965719183516,1377.8112200670876,1.220350980849932,52.361218632772214,1375.5953346927754,-0.0023288088364978865,0.12425291358869828,-2.2158853743121654
579,Hidden Test,Lightning,1403.2877441262826,893.3753182762302,353.1371843069792,90.0848522852175,12.203499947674572,0.8598214949737304,9,181.34096596787174,55,25,1.1552166746038415,52.18340894255786,1403.2877441262826,1.1560589645041626,52.2929253617189,1420.8579268289272,0.0008422899003210915,0.10951641916103938,17.570182702644615
580,Hidden Test,Lightning,1476.8470994546078,832.3961336631328,367.1260359697044,85.9060383355245,13.058014027308673,0.8408845952712,9,195.14464063728016,60,25,1.2086243738873403,52.17543039332747,1476.8470994546078,1.2032826137588428,53.03528421659304,1496.332846747779,-0.005341760128497519,0.8598538232655741,19.485747293171244
581,Train,Lightning,1399.2843242827803,709.5769600826316,653.3389074727893,135.86770857917145,8.584296993911266,0.8095595449418761,9,192.05015493033653,50,25,1.1654773509806242,52.20869782910878,1399.2843242827803,1.1627871225029272,52.562297603379285,1411.615609291499,-0.0026902284776970653,0.3535997742705064,12.331285008718623
582,Train,Lightning,1465.9565365989693,987.8012459492311,609.9125084467232,181.59341944381595,16.40547056356445,0.793446903466247,10,184.75798824027177,35,25,1.1336370923415127,52.283264967867744,1465.9565365989693,1.1507112461628894,52.244038416372454,1469.1863093021311,0.01707415382137678,-0.03922655149528964,3.2297727031618706
583,Train,Lightning,1471.3450289564207,1118.8468225416727,418.1448370218277,129.54434180399403,17.20112920086831,0.8433799977577292,9,193.84237405416889,45,25,1.212584819915155,52.234854626013224,1471.3450289564207,1.2131656797964494,52.30461432405348,1481.26010339175,0.0005808598812944155,0.06975969804025794,9.915074435329188
584,Train,Lightning,1401.5256670187227,1233.986320067197,462.5255591236055,142.95463035348803,18.1293396926485,0.8165535491053015,9,190.7101797350823,40,25,1.2064408070109345,52.261818815500696,1401.5256670187227,1.2051765525044407,53.90093577393159,1400.2519224877915,-0.0012642545064938115,1.6391169584308969,-1.2737445309312534
585,Train,Lightning,1368.311601318419,615.5771948746406,524.6110113337636,135.04220124566928,23.755998795852065,0.8380109670129605,9,181.42318937737943,60,25,1.2384370523640897,52.17384030128227,1368.311601318419,1.2285428352524232,52.097918206312315,1366.7183115885014,-0.009894217111666492,-0.07592209496995395,-1.5932897299176147
586,Train,Lightning,1425.487536995206,1154.350945376791,510.49076030030847,190.76003755442798,22.12640041531995,0.8531425640406087,9,185.65186029452323,40,25,1.2372555212486915,52.26433470181337,1425.487536995206,1.2468396095263519,53.57277103545563,1412.6613971012573,0.00958408827766033,1.3084363336422626,-12.82613989394872
587,Train,Lightning,1377.2796521661803,1243.205797916744,586.4440310746431,264.53231843886897,27.04024773929268,0.8395146322133952,9,182.28517597059601,30,25,1.1342216192338994,52.30153535133805,1377.2796521661803,1.1302624918470854,54.04864889851288,1354.7689916426643,-0.003959127386814032,1.747113547174827,-22.51066052351598
588,Train,Lightning,1446.9649220234714,1129.7123638447374,642.8448270075023,98.81365745794028,17.87335107056424,0.8055407201871276,9,199.58504417688815,40,25,1.2243299618355818,52.26679349952276,1446.9649220234714,1.2422338591660245,53.60011699870957,1438.9697020575722,0.01790389733044262,1.333323499186804,-7.995219965899196
589,Train,Lightning,1400.9556659962982,1099.8616314376704,648.7772127613425,226.56172675313428,27.11718635633588,0.8530422398471273,9,182.47835030320573,35,25,1.2054379235535007,52.28298314902572,1400.9556659962982,1.1997277385529426,52.634944808123315,1375.3363600239666,-0.005710185000558088,0.35196165909759713,-25.61930597233163
590,Train,Lightning,1463.631010253448,1001.9267049385235,443.5273711569607,293.68889324367046,13.635820413473994,0.8382593783689664,9,194.00399447050114,45,25,1.2445697989894033,52.2461758674942,1463.631010253448,1.2538634310362162,53.444807242462566,1472.3050464782984,0.009293632046812883,1.1986313749683646,8.674036224850397
591,Train,Lightning,1449.3687128880993,782.9977904562838,504.2174942791462,185.68261559819803,22.497611372731626,0.8465208366303705,9,190.23863457361713,50,25,1.206742192869276,52.204661605109514,1449.3687128880993,1.191909369746381,52.41550500343099,1451.376160227158,-0.014832823122895133,0.21084339832147236,2.007447339058672
592,Train,Lightning,1383.817003655713,1178.1542940065265,429.8002435825765,326.7977983178571,22.455058136489242,0.8053940664138646,9,190.90958235545787,35,25,1.1570558199803476,52.276676257976284,1383.817003655713,1.1652137730185765,52.54712334879177,1371.7390731959833,0.008157953038228971,0.27044709081548746,-12.077930459729714
593,Train,Lightning,1368.02548924461,655.8786821900867,668.1025454774499,163.71127588907257,14.205430151894689,0.8244179751654156,9,184.37593152647037,50,25,1.182062935440865,52.206968453617066,1368.02548924461,1.1911211424271047,52.08806950649686,1379.413114053222,0.009058206986239714,-0.11889894712020777,11.387624808611918
594,Train,Lightning,1453.5109240212478,1060.2722079725936,688.7198545970023,180.2501652110368,26.94331069337204,0.8199898470425979,9,196.95513836252263,35,25,1.1799982450867765,52.275817094366694,1453.5109240212478,1.186206944822437,52.077461753283266,1427.8726549296393,0.006208699735660517,-0.19835534108342756,-25.638269091608436
595,Validation,Lightning,1496.0328573128209,934.658215905074,577.8606619685888,244.24403403652832,17.659904805012047,0.848033366620075,9,196.01336406994025,40,25,1.1540343437508565,52.2489232570396,1496.0328573128209,1.1595733545185074,53.252183853926525,1492.7117716485795,0.005539010767650954,1.0032605968869248,-3.321085664241309
596,Validation,Lightning,1363.2415202795528,716.7985802982002,725.578488688916,253.94506686832756,27.48724766029045,0.847607582975179,9,178.70448905068022,40,25,1.168395310347145,52.239499029033254,1363.2415202795528,1.1733283863668025,50.80242088621324,1348.277445827355,0.004933076019657534,-1.4370781428200132,-14.964074452197792
597,Validation,Lightning,1467.194475280121,1117.2953035566024,361.4441452547908,305.1921373535879,8.127201721072197,0.814303564412985,10,180.17782795016893,40,25,1.2333510622224295,52.28406614730308,1467.194475280121,1.2552919302767944,53.27534045845385,1462.8951969635502,0.021940868054364904,0.991274311150768,-4.299278316570735
598,Hidden Test,Lightning,1392.8001579944976,896.3826102903113,391.7462539859116,191.15193041041493,27.886538243386894,0.8067461285507307,9,191.82685560389177,50,25,1.2342814705674603,52.205656857911514,1392.8001579944976,1.2184882965424286,52.63238230452721,1384.0641400874613,-0.015793174025031664,0.42672544661569844,-8.736017907036285
599,Hidden Test,Lightning,1381.4924066187814,745.3283997368999,478.00999730825424,289.4979443936609,18.991978938691318,0.8502522472641432,9,180.53366725567616,50,25,1.221825953688772,52.21088900653884,1381.4924066187814,1.2099544576526127,51.37559536190385,1386.9151039197338,-0.011871496036159224,-0.8352936446349943,5.42269730095245
600,Hidden Test,Lightning,1406.1969312722795,740.5568099580705,428.4859321080148,261.6058015683666,26.1167869172059,0.8216172740329057,9,190.16652693750467,50,25,1.1901346093774718,52.1980738741662,1406.1969312722795,1.1711696247851513,51.841694623411215,1402.4378687561887,-0.018964984592320544,-0.35637925075498345,-3.7590625160908075
601,Train,Lightning,1355.565769225359,1022.196825069841,395.3498827293515,147.48578936094418,16.144665656611323,0.8243495293450542,9,182.7118393850288,50,25,1.248771437115769,52.21902769211969,1355.565769225359,1.244007870831722,52.502394588914896,1357.3103243075568,-0.0047635662840470605,0.2833668967952079,1.7445550821978486
602,Train,Lightning,1419.549971690867,1042.1687247464433,473.0786190368235,287.98716112039983,20.1775215533562,0.8099089406477288,9,194.74754100896206,40,25,1.195393948929797,52.256169340177095,1419.549971690867,1.1995023530752194,52.31378326023378,1413.7634687589511,0.004108404145422462,0.05761392005668142,-5.786502931915948
603,Train,Lightning,1455.6715317768976,997.9782578186132,358.0244366079569,186.10753035871312,25.24688505474478,0.8235339596378617,9,196.39904270574075,45,25,1.1658970759470038,52.21545353679964,1455.6715317768976,1.1683349318096878,52.4267260280966,1457.196504449541,0.0024378558626840796,0.21127249129695969,1.5249726726433437
604,Train,Lightning,1440.144038235303,992.8331925999373,548.9886726252735,151.70548278372735,19.241786773782223,0.8164826712757349,9,195.98211925103783,45,25,1.2406376512827748,52.239063251738294,1440.144038235303,1.249754336449121,53.15604066503506,1432.6842608727964,0.009116685166346228,0.9169774132967632,-7.459777362506657
605,Train,Lightning,1397.0324866008013,1185.7340440968983,542.7351212128997,156.290056866128,9.401143472641706,0.7948754819878378,9,195.28320518371277,40,25,1.1863790428264933,52.26888108171778,1397.0324866008013,1.2111727205690983,54.06783162087025,1402.04419647027,0.02479367774260499,1.7989505391524716,5.011709869468632
606,Train,Lightning,1350.0409565982409,1070.9981589345261,727.812107373029,200.282675139606,14.93912963801995,0.8153088835952804,9,183.98493350355812,35,25,1.1463571939444577,52.28670856689514,1350.0409565982409,1.1560573977578323,53.70914547987025,1353.176334140405,0.009700203813374664,1.4224369129751082,3.1353775421641785
607,Train,Lightning,1406.3192252302542,789.7418676991947,618.1699596345425,140.3049224591814,17.686455867253244,0.8381916117086076,9,186.42239973474292,50,25,1.2428252050998205,52.216405696711455,1406.3192252302542,1.2333676130562303,51.6390518643175,1418.876671293007,-0.009457592043590202,-0.5773538323939533,12.55744606275266
608,Train,Lightning,1491.755335580092,969.9221432209015,632.3932020924985,229.4626282947138,15.953374148812145,0.8132226493488998,10,183.43750469498775,35,25,1.1619352966320853,52.292355533927605,1491.755335580092,1.1818760275615632,51.56503944499527,1494.8300351370315,0.0199407309294779,-0.7273160889323336,3.0746995569395494
609,Train,Lightning,1461.1516146920621,716.3738361909054,450.3875995054841,182.18378441641107,10.003999346867204,0.8097474439744838,10,180.44535065406208,50,25,1.1673890332088503,52.208704759384545,1461.1516146920621,1.162063800983817,52.60098958337483,1476.1805834830652,-0.005325232225033449,0.39228482399028763,15.02896879100308
610,Train,Lightning,1390.9992226981558,1105.1446560071781,572.7597110904753,81.58128910697997,21.575565435457975,0.8321589352795855,9,185.72830577942065,40,25,1.1762765647088016,52.2493478009437,1390.9992226981558,1.178843135236986,53.56298358331245,1381.1595936764113,0.00256657052818432,1.313635782368749,-9.839629021744486
611,Train,Lightning,1388.8158194487914,1194.8721805238165,546.7572849243879,276.32247247500345,27.58118345309049,0.7918478436092846,9,194.87691994496976,35,25,1.2308260937980402,52.28964915592068,1388.8158194487914,1.246427053955966,52.222111473614355,1358.9387943454892,0.015600960157925892,-0.06753768230632318,-29.87702510330223
612,Train,Lightning,1381.7239704891108,1152.0171933341771,394.41769449040294,115.84301692899317,21.795823849271983,0.8182742881588638,9,187.62032222145922,45,25,1.231510806048804,52.234190682298696,1381.7239704891108,1.2306438813043483,51.994061657387256,1378.5683803980214,-0.0008669247444557104,-0.24012902491143961,-3.1555900910893797
613,Train,Lightning,1447.7503357920796,873.4095310675912,536.5504397079349,308.1762746279128,23.18369773775339,0.8080422752560117,9,199.07516394532277,40,25,1.1596103643990825,52.24290039406453,1447.7503357920796,1.1514188768790359,53.22178088659401,1437.8346234296998,-0.008191487520046614,0.9788804925294841,-9.915712362379736
614,Train,Lightning,1366.0215693642385,1198.6768886214122,597.062608320266,319.0884249471128,27.320583580527455,0.8586568682035431,8,198.86022285918895,35,25,1.1750554915981344,52.26811514997379,1366.0215693642385,1.1679317767303237,53.54464875944455,1338.5927648148397,-0.007123714867810715,1.2765336094707607,-27.42880454939882
615,Validation,Lightning,1376.6338023589924,666.2211235729046,669.4826900959015,216.97441847762093,21.458144056610763,0.8231842172867618,9,185.81419342243893,45,25,1.1554747291004637,52.217101353347424,1376.6338023589924,1.1484482682039268,52.34682609444271,1383.725816641715,-0.007026460896536912,0.12972474109528775,7.09201428272263
616,Validation,Lightning,1405.2660622517578,936.6124802269042,375.9039199911058,215.53149031940848,17.93879978125915,0.7960435320530087,9,196.14589817825592,50,25,1.2287293938622454,52.213260867332046,1405.2660622517578,1.239119838279477,52.11282582147115,1412.9520963648329,0.010390444417231581,-0.10043504586089824,7.6860341130750385
617,Validation,Lightning,1448.9835223183036,1175.8873042068444,699.8332800343633,289.2977422871627,19.747782876715064,0.8010929621872492,10,180.8758272400869,30,25,1.214335962948789,52.35008942507103,1448.9835223183036,1.237754651391001,53.09549999467493,1441.2990976585154,0.023418688442211844,0.745410569603898,-7.684424659788192
618,Hidden Test,Lightning,1383.5533906356432,1002.8179560089484,572.5661397911608,203.9144194405526,26.30719255330041,0.8309763383539394,9,184.9970299029065,40,25,1.2127028171303582,52.2524371209889,1383.5533906356432,1.215507315472224,51.56280626823748,1363.8671188951673,0.002804498341865802,-0.6896308527514208,-19.68627174047583
619,Hidden Test,Lightning,1462.9216796485707,791.6513434262015,538.2219571620226,234.7951904940419,10.065719769336283,0.7944308405253105,10,184.1471409495163,45,25,1.2216500909056889,52.24607881608,1462.9216796485707,1.2361189038430573,51.03112447743123,1465.0763312004283,0.014468812937368458,-1.2149543386487736,2.154651551857569
620,Hidden Test,Lightning,1469.4101309753023,962.5780643429607,722.9197840206325,328.702582786791,27.85545553592965,0.8260163958743215,9,197.65684209908872,35,25,1.2303971773810396,52.289064202227124,1469.4101309753023,1.234996188488367,53.419503410384976,1449.618265994772,0.0045990111073273,1.1304392081578527,-19.791864980530363
621,Train,Lightning,1448.0611538048834,935.6048340792768,620.7015326246619,306.887034077663,25.548530135303736,0.7910085149877705,10,183.06517899207083,35,25,1.232027844360836,52.29779825668541,1448.0611538048834,1.236650538152131,51.478776588738164,1439.3629372153032,0.004622693791295207,-0.8190216679472471,-8.69821658958017
622,Train,Lightning,1361.2630648654886,983.3068341715261,480.2114103920758,231.44378691911697,10.502591202501208,0.8498653959436343,9,177.97106738742002,45,25,1.1993001802878853,52.239286954758946,1361.2630648654886,1.2003834424892947,53.16088010725705,1373.8003380012074,0.0010832622014094184,0.9215931524981045,12.537273135718806
623,Train,Lightning,1381.179633946158,884.2858397518285,590.5274428427219,102.6406067959033,22.523867084644735,0.8124399753450416,9,188.89322095040845,45,25,1.177295848303967,52.2209644977032,1381.179633946158,1.1809409248659783,53.115902056796834,1382.9962681444968,0.0036450765620112957,0.8949375590936341,1.816634198338761
624,Train,Lightning,1445.6673856708221,775.6903247907758,498.5024913214147,207.3712293477729,21.600144350435585,0.8073994678910822,9,198.94700938872688,50,25,1.2094524372084834,52.206012873788346,1445.6673856708221,1.2147861930068133,50.85877544767677,1439.5905238697476,0.005333755798329953,-1.347237426111576,-6.076861801074529
625,Train,Lightning,1391.3644057698548,699.3384749977849,736.7937663570046,322.732863931451,28.18301926739514,0.794262224577833,9,194.64106475378512,40,25,1.2098648297064591,52.249251041541754,1391.3644057698548,1.2046283977257495,52.53067568383938,1368.6407240399137,-0.005236431980709666,0.28142464229762254,-22.723681729941063
626,Train,Lightning,1359.156578744296,771.793029201217,408.69251573458314,113.8626850862056,16.352089643944055,0.8065711680287495,9,187.23381596609738,60,25,1.2288313626848908,52.17682124776618,1359.156578744296,1.232786072433815,51.038695438917834,1379.2060864887912,0.003954709748924312,-1.1381258088483435,20.04950774449526
627,Train,Lightning,1450.4957308759913,998.0017397203483,411.0782738775015,85.15821081353351,10.628682327456772,0.8556873807753437,9,188.3470481632216,50,25,1.1711879218840164,52.20798909514134,1450.4957308759913,1.181157690114059,52.01922655922579,1465.2503758664236,0.009969768230042586,-0.1887625359155507,14.754644990432325
628,Train,Lightning,1484.1766217141412,1148.8986829761416,432.2923350147903,169.60480184759945,29.279488443862647,0.8017584596015513,10,185.11518075552706,35,25,1.1851748336687307,52.27832537578702,1484.1766217141412,1.1907536309662816,53.95153270566691,1465.8921306433388,0.0055787972975509525,1.6732073298798866,-18.28449107080246
629,Train,Lightning,1458.169160457328,847.9551955941133,673.3172146603465,130.72481400566176,10.644379526376724,0.8314420287893154,9,194.8648131755976,45,25,1.1709081984073466,52.23258766719276,1458.169160457328,1.172581894685807,51.916250768392736,1460.5250220409027,0.0016736962784604792,-0.31633689880002436,2.3558615835747787
630,Train,Lightning,1411.2761356984265,795.795683725737,481.6293937154114,149.37583396211267,18.475764533970505,0.8573094630008564,9,182.90765037535897,50,25,1.154771689417065,52.19747393211055,1411.2761356984265,1.1420039255296366,51.892621813634065,1424.3391704856126,-0.012767763887428396,-0.3048521184764823,13.063034787186098
631,Train,Lightning,1488.3114219876006,622.0744630438276,626.3336673378944,325.0329986750148,17.78001395892352,0.8120451400033198,10,183.27939527863143,40,25,1.1400783502477914,52.247598675609076,1488.3114219876006,1.129098473553004,50.66944494247885,1485.3884336416786,-0.010979876694787283,-1.5781537331302289,-2.922988345922022
632,Train,Lightning,1372.9174776817672,1033.1099043600261,514.3071106635034,197.37772321794182,26.810557728167623,0.8116235524136574,9,187.95214352199758,40,25,1.1943590908677417,52.247057119560296,1372.9174776817672,1.1833171662836954,52.59046592890861,1356.5102388743608,-0.011041924584046292,0.3434088093483112,-16.40723880740643
633,Train,Lightning,1489.6956894546747,612.5655329204164,409.77140832692385,266.17035128409043,9.142956657335162,0.831756737951655,9,199.00258780033164,60,25,1.19679838961252,52.17591049958796,1489.6956894546747,1.2009017867126315,51.45218610311036,1501.2053687271575,0.004103397100111428,-0.7237243964775999,11.5096792724828
634,Train,Lightning,1383.3264986635186,1144.2583864787593,469.5063010789454,155.14413795433939,17.261598717886955,0.8529980469541625,9,180.19143753585408,40,25,1.1592481155210068,52.250817108617966,1383.3264986635186,1.1599468526414356,52.94820730386547,1388.5531600191505,0.0006987371204287829,0.6973901952475074,5.226661355631904
635,Validation,Lightning,1471.1850945604965,621.3785276398994,563.6393759399652,190.4147873702459,28.500871756114066,0.8496697218972259,9,192.38653125325112,50,25,1.1583290610576322,52.18946434233639,1471.1850945604965,1.1415225032225917,51.84051776651153,1470.2849297362698,-0.01680655783504048,-0.3489465758248613,-0.9001648242267493
636,Validation,Lightning,1363.0858015618287,726.7712283413857,739.1071553342044,256.34990985970944,20.559907894115895,0.8405302911996841,9,180.18860181129807,40,25,1.1484511780962934,52.2435384466695,1363.0858015618287,1.147905319635222,50.85693632636389,1353.9581962500868,-0.0005458584610713579,-1.3866021203056036,-9.127605311741945
637,Validation,Lightning,1426.703258184716,930.3738121758215,364.24993332475424,245.43410980375484,9.816151764243841,0.838391869852785,9,189.0793433750515,50,25,1.2020273108676292,52.215133521088326,1426.703258184716,1.195295318379569,51.90556977570895,1438.9178173883279,-0.006731992488060223,-0.3095637453793785,12.21455920361177
638,Hidden Test,Lightning,1421.0728172329254,888.2309349952266,442.6259149797261,233.4742610529065,12.698855253402144,0.8384723419276998,9,188.3150723010521,50,25,1.233097094680239,52.21891832848702,1421.0728172329254,1.2396207516839715,51.24100202865125,1422.230782602887,0.006523657003732364,-0.9779162998357691,1.1579653699616301
639,Hidden Test,Lightning,1461.5224182838574,1201.0512459208257,706.0372583568096,212.43347354000434,20.017382866702974,0.8008490269049071,10,182.49662160823212,30,25,1.1930648946181786,52.3422071826569,1461.5224182838574,1.2025503849403962,52.008155490280664,1446.7177332145434,0.009485490322217682,-0.3340516923762351,-14.804685069314019
640,Hidden Test,Lightning,1369.224876340013,915.0335762649775,606.60101165995,138.35029215086251,14.957227872218937,0.8374647747259587,9,181.66268237478482,45,25,1.197345729712401,52.233833142425816,1369.224876340013,1.2081078288223452,53.293661885486216,1377.5391297353317,0.01076209910994419,1.0598287430604003,8.314253395318701
641,Train,Lightning,1492.3484022729099,1075.3818820579909,676.5703136101365,171.05568850645795,10.545682052150369,0.7983088440750726,10,186.93872845689907,35,25,1.1852278267907186,52.30816111593325,1492.3484022729099,1.2025320611087165,52.77113112109788,1484.1452373909333,0.01730423431799788,0.46297000516462816,-8.20316488197659
642,Train,Lightning,1491.8536891811527,1238.7093014316633,721.3290595449507,203.29140515066683,24.295435809064656,0.8329022960225121,9,199.01676560589982,30,25,1.1480193703993666,52.31231719378339,1491.8536891811527,1.164509845001564,53.44647989472194,1465.0894656586963,0.016490474602197436,1.1341627009385462,-26.764223522456405
643,Train,Lightning,1355.7422388112172,1187.02556170756,674.0279745310545,304.20843289000914,16.868044738657773,0.8261521673272364,9,182.33690171378856,35,25,1.2458152993438862,52.31261847253638,1355.7422388112172,1.2483050328628393,52.5757059989364,1349.8654879314013,0.0024897335189530967,0.263087526400021,-5.876750879815972
644,Train,Lightning,1490.2062549605034,1041.7760875541717,685.741716902703,189.84666307922453,14.677346668671817,0.8461818929575384,9,195.67716368246374,40,25,1.2348984218070627,52.273965054600566,1490.2062549605034,1.2452793430427977,53.298928378454924,1487.1232076869505,0.010380921235735086,1.024963323854358,-3.083047273552893
645,Train,Lightning,1494.525625789538,611.6026157396846,471.48201894015074,300.0022147153504,29.60101344436407,0.8475812857062557,9,195.92032724877163,50,25,1.1686660724695737,52.19065781699194,1494.525625789538,1.157804514231345,51.16696536743943,1491.7688512666243,-0.010861558238228763,-1.023692449552506,-2.7567745229137017
646,Train,Lightning,1409.053206362296,1136.1650515114889,679.7300574369729,91.42654148861766,14.42297343770042,0.8506291753938422,9,184.0537238816201,40,25,1.2274691282486292,52.2723991283444,1409.053206362296,1.2281136416702456,52.79648940634359,1412.4582593812518,0.0006445134216164217,0.5240902779991927,3.4050530189558685
647,Train,Lightning,1496.846768190153,826.3382777688093,365.5368059873581,265.2583102299832,21.01102492492646,0.8137257319665514,10,183.949789147344,45,25,1.1885136752414664,52.2274483605081,1496.846768190153,1.1883202522650025,51.94781767230905,1501.7978297090804,-0.0001934229764639639,-0.2796306881990489,4.951061518927418
648,Train,Lightning,1434.653954661917,640.2732339687645,447.36371701583266,102.18310500029474,20.484349576290697,0.8573653612378985,9,185.92539676699607,65,25,1.2333263699233217,52.16052269222945,1434.653954661917,1.2184541840145444,52.408986085878745,1443.485117086087,-0.014872185908777258,0.24846339364929548,8.831162424170088
649,Train,Lightning,1359.4092713668942,828.9394274703227,383.20259768515825,235.21192323649302,24.327715074643493,0.8508621884253807,8,199.71055387398266,55,25,1.1732707298420444,52.17560325724712,1359.4092713668942,1.1738418546190033,52.136037937659694,1364.6207850042495,0.0005711247769588645,-0.0395653195874246,5.2115136373552104
650,Train,Lightning,1416.8757349834777,678.7954665953293,459.21770641580224,140.74934522621334,17.933409724850208,0.8091410281183199,9,194.56513975875848,60,25,1.2205467133843944,52.17439104565616,1416.8757349834777,1.2106457063645113,52.59664629641023,1423.7763327680598,-0.009901007019883057,0.4222552507540698,6.9005977845820325
651,Train,Lightning,1481.8648221669719,723.6199239850976,385.33260114490986,137.7174501377158,25.398257763125002,0.8160802851500921,10,181.58321541788376,55,25,1.2377160657908741,52.19098557321513,1481.8648221669719,1.223351344476466,52.24265418734284,1480.5865098429285,-0.014364721314408024,0.0516686141277134,-1.278312324043327
652,Train,Lightning,1421.9057606882416,910.7857619877905,672.4104057066143,251.86624452006072,27.331553760450333,0.8590983013436199,9,183.90157298444936,40,25,1.2517313561581886,52.26113210662454,1421.9057606882416,1.259335460832277,52.13213435786435,1409.0303735753978,0.007604104674088452,-0.12899774876018455,-12.875387112843782
653,Train,Lightning,1445.4153121914715,634.3880548025481,522.5319346413016,213.0850010854192,18.599485654383898,0.8410756869637408,9,190.94797750530097,55,25,1.2084088651798868,52.18861802814828,1445.4153121914715,1.1991516056480218,50.49063718943843,1456.1968808955367,-0.009257259531864959,-1.6979808387098458,10.781568704065194
654,Train,Lightning,1350.267180253286,659.0256188763306,547.9718809016049,104.67808313667774,16.390806312207133,0.8284055699361489,9,181.10656439257573,60,25,1.2446198220470808,52.17952301526596,1350.267180253286,1.2409970437916917,50.763177571293916,1368.1187241234795,-0.0036227782553890364,-1.416345443972041,17.85154387019361
655,Validation,Lightning,1432.1368543663993,742.6725161378272,395.1498456299305,293.26521824812517,16.485087930224836,0.8542108501284383,9,186.2845890190883,55,25,1.2505981727989839,52.198142330913974,1432.1368543663993,1.2475104075147831,51.986412137162425,1442.8410382261945,-0.0030877652842007386,-0.21173019375154922,10.704183859795194
656,Validation,Lightning,1467.105389374774,745.8567133173347,441.80228849872947,141.68158550281078,16.811093220021576,0.8286131194140762,9,196.7283719159531,55,25,1.167644387467336,52.182277431077694,1467.105389374774,1.1716247104952298,51.568084256711664,1485.2772219425062,0.003980323027893862,-0.6141931743660294,18.17183256773228
657,Validation,Lightning,1374.3018158711493,883.7168564437889,567.7946338430047,272.0779478386976,17.25260171480477,0.8029271889408119,9,190.17938845102103,45,25,1.2515198883664966,52.243750683139716,1374.3018158711493,1.2672064757845272,52.72149235566843,1376.0839933558264,0.01568658741803053,0.47774167252871536,1.7821774846770495
658,Hidden Test,Lightning,1372.3264854052104,940.2936497004703,682.7457585372031,160.09770442731678,24.762140796054155,0.8332792418682948,9,182.98874247569398,40,25,1.2070981739149278,52.25303565429228,1372.3264854052104,1.2001287636006757,52.10648344203689,1363.9996363839437,-0.0069694103142521335,-0.1465522122553935,-8.326849021266753
659,Hidden Test,Lightning,1481.9105373462662,914.5414553233422,515.763857588172,192.17446316732094,8.644210872240365,0.8163951268489473,10,181.51878773039948,45,25,1.2587545317399416,52.256094621205655,1481.9105373462662,1.2545827544665331,52.12336523746866,1483.5434898178426,-0.00417177727340845,-0.1327293837369936,1.6329524715763455
660,Hidden Test,Lightning,1396.5192606090568,1066.5937735233456,414.1957717947662,305.92117020394653,29.546863123308867,0.8457894307561219,9,183.4603284125001,40,25,1.2336608666267461,52.253592868317774,1396.5192606090568,1.223112190970486,51.958042256189444,1382.4338020118334,-0.010548675656260054,-0.29555061212833067,-14.08545859722335
661,Train,Lightning,1403.6268301773816,751.2818757328205,360.86052637547255,150.0577016104944,17.221537724137306,0.8513256160751916,9,183.19493004965682,60,25,1.202985337314514,52.171808551172354,1403.6268301773816,1.2010320134087928,52.64271189570121,1412.0026673869015,-0.001953323905721227,0.47090334452885685,8.375837209519887
662,Train,Lightning,1479.051115096081,1218.6505010118708,429.1636717505753,83.2173846848309,27.910837000701576,0.8382111897086725,9,196.05919702118376,40,25,1.191599585491406,52.244911095594965,1479.051115096081,1.1932535182747777,52.93910449899505,1464.4811006801165,0.001653932783371559,0.6941934034000852,-14.570014415964579
663,Train,Lightning,1428.2156405271962,705.9878179919906,612.2691079974174,318.3853690116666,26.95266010891646,0.846513194104191,9,187.4638550591947,45,25,1.2380960307804392,52.230193449848045,1428.2156405271962,1.231732752529415,52.664240635894004,1411.4552445155748,-0.006363278251024118,0.4340471860459587,-16.760396011621424
664,Train,Lightning,1426.6716296668164,945.7191987894475,597.8825769387186,105.50381852779537,12.624573518987745,0.826368781523779,9,191.82606302077272,45,25,1.178648809585958,52.232136789784356,1426.6716296668164,1.1949300596954826,51.85466655801876,1431.9766892583852,0.016281250109524636,-0.37747023176559935,5.305059591568806
665,Train,Lightning,1402.282440662384,1098.1329197413288,689.4933031871915,320.5717806541361,12.59450807981193,0.843311504770536,9,184.75872698546155,35,25,1.189556705373707,52.303720773708626,1402.282440662384,1.2109107660717298,52.864593398849365,1389.6882143699315,0.021354060698022703,0.560872625140739,-12.594226292452504
666,Train,Lightning,1498.760273179505,726.2053499231115,696.7845843173563,145.39877294562757,25.736779626924545,0.7909609153913334,10,189.48600923447435,40,25,1.1743414448973788,52.24672334351998,1498.760273179505,1.1749208248271217,52.722636993114726,1484.2791465179384,0.0005793799297428848,0.47591364959474447,-14.481126661566577
667,Train,Lightning,1472.4869549972937,964.7672866121866,393.8106659799814,107.01094857184216,26.32059141341597,0.8142324460553937,10,180.8435615813224,45,25,1.217380699788551,52.228913277126665,1472.4869549972937,1.2167798211088776,51.33212810460602,1470.7571151336574,-0.0006008786796734,-0.8967851725206444,-1.7298398636362435
668,Train,Lightning,1378.3918284229003,1005.6685707997531,523.079779278487,151.26919541042298,22.65266242204234,0.7903549172729254,9,193.7795846592514,45,25,1.247587251457165,52.23695673578031,1378.3918284229003,1.253296157731498,53.21404086034808,1374.1648239664084,0.005708906274332959,0.9770841245677673,-4.227004456491841
669,Train,Lightning,1378.3237501513213,711.0669040004723,437.2772729024291,140.6906905886717,28.30768097564578,0.859584716076497,9,178.1640372215713,55,25,1.1789303200908308,52.175992761713616,1378.3237501513213,1.1586545766263847,51.32286464438011,1369.183998710597,-0.02027574346444605,-0.8531281173335046,-9.13975144072424
670,Train,Lightning,1401.0396048543043,745.9479964105412,745.1811929233372,248.48619189113379,11.30656327540055,0.8295483502326534,9,187.65761774147902,45,25,1.2334905900325834,52.24624952831751,1401.0396048543043,1.2460253597495192,51.13257463971666,1407.4240489008657,0.01253476971693579,-1.1136748886008547,6.384444046561384
671,Train,Lightning,1421.9040151918307,670.6219709594734,559.0187691152096,243.1804271019064,26.430613867007196,0.8369015131308698,9,188.77888561853882,50,25,1.2233047660882004,52.204649640492015,1421.9040151918307,1.226018492097503,51.88511897371674,1414.1754482238102,0.0027137260093026416,-0.31953066677527175,-7.728566968020459
672,Train,Lightning,1434.3673659372143,1142.5196297466755,620.8604722283781,156.2269563274458,28.547818274702877,0.8485683483909816,9,187.81533870901492,35,25,1.183975610397408,52.27431473056581,1434.3673659372143,1.1933982250376218,51.94648605638577,1405.3861568007553,0.009422614640213878,-0.32782867418004,-28.98120913645903
673,Train,Lightning,1395.811530109495,697.7847128524445,382.3722446337342,145.5788472504355,24.696814144030213,0.8592255050246604,9,180.4999608428929,60,25,1.197038834957181,52.16612285535356,1395.811530109495,1.1851575480547185,52.11392188981872,1399.9004990924236,-0.011881286902462485,-0.052200965534836996,4.088968982928691
674,Train,Lightning,1467.5511331879534,969.9794541345909,537.2846537269652,131.67004116810858,19.817725845146924,0.7941551000485197,10,184.7940198455304,40,25,1.1937599830438954,52.25894534131939,1467.5511331879534,1.1828793633639758,52.913951931250416,1460.7475309609763,-0.010880619679919601,0.6550065899310269,-6.803602226977091
675,Validation,Lightning,1455.916367447935,933.3913700305857,518.3965187519789,273.62676673335955,21.456417788751423,0.8504969172994606,9,190.2046697425406,40,25,1.1550551919397813,52.24403528016131,1455.916367447935,1.1460035415411234,53.28841949029383,1441.1845198298745,-0.009051650398657962,1.0443842101325203,-14.731847618060556
676,Validation,Lightning,1386.2966384156607,1239.0324354637414,514.9750563316047,80.04222092684358,15.638861782383174,0.8078239624015987,9,190.67639361183856,40,25,1.1898637082788475,52.26097420145621,1386.2966384156607,1.2103489778712897,53.06287338183789,1388.2452606287875,0.020485269592442235,0.8018991803816817,1.9486222131267823
677,Validation,Lightning,1454.8872938845307,635.8078254270367,426.34653579443693,87.45026516960934,26.625062473118305,0.8387026993394829,9,192.7430827303381,65,25,1.2144036851742397,52.15425210137003,1454.8872938845307,1.192041318240565,52.38428663944651,1463.7192546875945,-0.02236236693367477,0.230034538076481,8.831960803063794
678,Hidden Test,Lightning,1464.5521800150163,1045.681994385086,396.24493392184377,294.4146538339555,17.740716306958348,0.7931956121465191,10,184.63947071664893,40,25,1.2490338426904442,52.275821179105904,1464.5521800150163,1.2528246867588086,52.53785000038551,1466.8927584776018,0.003790844068364496,0.2620288212796069,2.3405784625854267
679,Hidden Test,Lightning,1450.9231354342774,892.1487245825119,724.9107003211975,284.9245815142058,21.0294495401904,0.8144662117189728,9,197.9378387897393,40,25,1.2595252322009782,52.27156685620071,1450.9231354342774,1.2656335695618246,52.762733502348894,1448.9213482789912,0.006108337360846372,0.49116664614818717,-2.001787155286138
680,Hidden Test,Lightning,1355.234998546075,692.5821066834033,432.8131533227861,241.53862478677183,20.182737124618143,0.852700433144346,8,198.66809987838067,60,25,1.1802487587031119,52.1644570364323,1355.234998546075,1.1695755782956436,52.49217778457751,1355.7532099572848,-0.01067318040746823,0.3277207481452038,0.518211411209677
681,Train,Lightning,1496.799541823566,785.3109572432004,734.3381049111485,129.06526167178527,22.40570749901235,0.8137627375242301,10,183.93562064261982,40,25,1.2126465038496292,52.260639756602885,1496.799541823566,1.2149035206627499,52.63037062817136,1495.693678221328,0.002257016813120627,0.3697308715684784,-1.1058636022380597
682,Train,Lightning,1444.4670212105848,616.8598931515589,422.0567882992327,92.48185592703521,22.98234685184434,0.7902770141931251,10,182.7798348260691,60,25,1.2109838213848427,52.1710147966007,1444.4670212105848,1.1925667556989465,50.88751091878533,1451.7943436354426,-0.018417065685896183,-1.2835038778153702,7.327322424857812
683,Train,Lightning,1443.5756324557588,881.7690102965571,544.0357286483049,214.78469307301566,12.422383205033839,0.842811354759615,9,190.3122111363017,45,25,1.1718937361528372,52.23080890718738,1443.5756324557588,1.1824193700320187,53.08659997428374,1445.1488001331215,0.010525633879181484,0.8557910670963622,1.5731676773627896
684,Train,Lightning,1456.2279342091642,1196.2653884198517,441.75614519044757,137.50019929837435,14.88636254100129,0.8593701768293978,9,188.28103204370265,40,25,1.1505302861275837,52.25184822620378,1456.2279342091642,1.1640296940514447,51.981920306057226,1465.147626345756,0.013499407923861062,-0.2699279201465501,8.91969213659172
685,Train,Lightning,1433.0999282654375,788.5269674356095,567.7938094362617,164.42442660452798,19.238558772951365,0.8002933163219131,9,198.96870574235277,50,25,1.2288490769154687,52.212122195852054,1433.0999282654375,1.2206722765739246,51.197896383359684,1443.0583015698028,-0.00817680034154411,-1.01422581249237,9.958373304365296
686,Train,Lightning,1441.355026338715,1079.3821313185617,624.2013608105481,276.58147916197777,16.41447941446677,0.8362663749558852,9,191.50663386475122,35,25,1.1452900397602583,52.283757223148555,1441.355026338715,1.1456097494783872,53.62929116992014,1437.624630435734,0.00031970971812889104,1.3455339467715817,-3.730395902981172
687,Train,Lightning,1350.6717706331983,1095.834821567405,694.5007182657719,175.31157690798864,13.418139143846929,0.8512560684024357,8,198.33511630172916,45,25,1.2571481425997006,52.24743869038032,1350.6717706331983,1.2807782220504862,52.816385150408834,1346.7726158932994,0.023630079450785546,0.5689464600285135,-3.899154739898904
688,Train,Lightning,1365.8251065644436,1123.962297476828,717.1703382395208,268.5533296735957,11.528090292122215,0.8144586049672217,9,186.33033557295974,35,25,1.183734076792623,52.303952784153424,1365.8251065644436,1.2044771645833912,51.83281858677216,1361.2798463257366,0.020743087790768167,-0.47113419738126083,-4.545260238706987
689,Train,Lightning,1435.7281004078686,1040.8802816062234,691.0367885604501,301.81610768893734,9.378777103498578,0.8477553975512274,9,188.17378804140674,35,25,1.1302907843875158,52.29210984575713,1435.7281004078686,1.1514324611573108,53.326684332871544,1425.885084938414,0.021141676769794948,1.034574487114412,-9.843015469454713
690,Train,Lightning,1412.619032675866,733.3582979859784,426.55341112986207,305.68007674999535,24.61169657157734,0.8581841369206086,9,182.8950962208694,50,25,1.2101895629423955,52.20352239921113,1412.619032675866,1.2132990235952152,50.82132022103615,1404.1674311010383,0.0031094606528196955,-1.3822021781749783,-8.451601574827691
691,Train,Lightning,1401.1110169580206,1037.286395917181,590.9896787256002,229.62994930101559,16.833199423737824,0.7978409310127609,9,195.12536375717048,40,25,1.210653774008314,52.264693996783436,1401.1110169580206,1.2108434703523994,52.830373002211964,1395.2795117694684,0.00018969634408527725,0.5656790054285281,-5.831505188552228
692,Train,Lightning,1388.5689975111745,1232.6340960804373,548.2907521538436,85.41004107799381,26.27252599550411,0.8394014241732657,9,183.80412484987795,35,25,1.1427052789379615,52.266008267616016,1388.5689975111745,1.1353926132782652,52.64874004733837,1373.4804817349393,-0.007312665659696238,0.3827317797223557,-15.088515776235226
693,Train,Lightning,1412.203959049657,731.5050803008489,532.9119710251689,106.87366149621084,24.756869673728943,0.8462773243174888,9,185.41386670387806,55,25,1.2335711785783026,52.1888185043968,1412.203959049657,1.228172757114197,51.01292877301602,1415.921630611579,-0.005398421464105629,-1.175889731380778,3.7176715619220886
694,Train,Lightning,1466.7977036093362,1176.3789469143376,700.8041662164032,329.49909234419465,11.141706815455109,0.8241424707835541,9,197.7540636491025,35,25,1.2324513219556656,52.31907692288868,1466.7977036093362,1.2535537772331102,52.570750291755914,1457.0496129769865,0.021102455277444587,0.25167336886723746,-9.748090632349658
695,Validation,Lightning,1472.8786462219432,660.722029034514,620.0448349118233,125.78674485674128,29.163970123045146,0.7917899544886313,10,186.0188599100358,45,25,1.1846131928890558,52.21868541272513,1472.8786462219432,1.1722275502498358,52.43153997627049,1469.1193115643227,-0.01238564263921993,0.21285456354536336,-3.7593346576204567
696,Validation,Lightning,1406.0519165243022,607.6388436369598,688.2455340586603,231.25386288855225,20.772457336541265,0.8082687328476459,9,193.28718825298242,50,25,1.2402678103966909,52.213119030163085,1406.0519165243022,1.2272493725853488,50.86942234953984,1402.1223883309308,-0.013018437811342043,-1.3436966806232462,-3.929528193371425
697,Validation,Lightning,1477.646091207862,1013.3045031107031,584.7597079351544,265.79872004920617,23.26860703341663,0.8260047965985723,9,198.76748863830937,40,25,1.248208758820647,52.26562282753099,1477.646091207862,1.2562248399357472,53.017255397330956,1466.6329161846108,0.008016081115100215,0.7516325697999662,-11.013175023251051
698,Hidden Test,Lightning,1404.7856214107014,694.8516560951248,384.64979687705636,297.2337321098894,11.25223420234397,0.7910473018186167,9,197.31726650101862,55,25,1.1845806839285948,52.18966743373392,1404.7856214107014,1.1960306434177472,52.1176406244004,1427.1991946888425,0.011449959489152395,-0.07202680933352212,22.41357327814103
699,Hidden Test,Lightning,1465.528040821664,1022.7551304385997,680.4230723530054,304.3347346666269,15.324940511025488,0.8529923957842402,9,190.9002352013622,35,25,1.1531468222454477,52.28802145477318,1465.528040821664,1.1763075303216906,51.91500187103004,1454.858479086196,0.02316070807624282,-0.3730195837431367,-10.66956173546805
700,Hidden Test,Lightning,1479.6351168653928,939.3457766156644,554.4709975831211,318.54952107649297,25.65164215443656,0.8245246647298337,9,199.39233949757175,40,25,1.2293728190157411,52.25759321459079,1479.6351168653928,1.2360519954043026,51.69260173575668,1455.555515775584,0.006679176388561414,-0.5649914788341093,-24.079601089808875
701,Train,Lightning,1372.835124609992,1125.2071183989756,615.9675305709243,141.40672304900363,15.453611966222525,0.8048004562058486,9,189.53423161176926,40,25,1.218125864562652,52.26854150043204,1372.835124609992,1.221414460473031,52.62325667391104,1375.3705664717393,0.0032885959103789997,0.3547151734789935,2.5354418617473584
702,Train,Lightning,1489.3248643842526,622.9640404460952,640.9955193288624,212.02378991991282,26.298142375890166,0.8492827581195161,9,194.847403771091,50,25,1.2251367874157526,52.20514270380117,1489.3248643842526,1.2214759831774344,51.08233649092853,1485.9584856210993,-0.0036608042383181605,-1.1228062128726393,-3.366378763153307
703,Train,Lightning,1426.129787438549,1119.3341697682627,419.15550753474236,308.50403509801254,28.94738910254091,0.8219435528083705,9,192.78558087053128,35,25,1.1475207473953695,52.262992494606124,1426.129787438549,1.1525740371329212,53.42852926163482,1402.5904848079656,0.005053289737551703,1.1655367670286978,-23.539302630583506
704,Train,Lightning,1465.423771168571,981.8297665566206,685.7672869227827,291.05770871508867,20.462205903138965,0.8296913293283433,9,196.24751724835488,35,25,1.1580407687309502,52.28040324379518,1465.423771168571,1.16546638785729,51.627509548123896,1462.647997857112,0.007425619126339766,-0.6528936956712812,-2.7757733114590337
705,Train,Lightning,1465.0407540611923,801.7769086523913,388.35003320127726,257.1509657264687,9.781370231881738,0.7978868311201223,10,183.61510641859806,50,25,1.2486466575831572,52.22574089748826,1465.0407540611923,1.2540182783999827,52.18521658503895,1472.670500179241,0.0053716208168255175,-0.040524312449306876,7.629746118048615
706,Train,Lightning,1445.1118183904327,751.3049676315859,414.4253217615187,113.20767567493021,13.752542965579778,0.8560967907169834,9,187.55820785951443,60,25,1.205338146947702,52.17441840220323,1445.1118183904327,1.1921552052638384,52.57329283162648,1455.3007453208436,-0.01318294168386358,0.3988744294232518,10.188926930410844
707,Train,Lightning,1384.1563205933198,751.4317636960186,694.5601832121611,288.3677572081797,21.20738658774644,0.7974882946978323,9,192.84940952125694,40,25,1.1591657018874564,52.24543003686434,1384.1563205933198,1.169301478878329,51.24057877311692,1383.3986390669913,0.010135776990872536,-1.004851263747419,-0.7576815263284971
708,Train,Lightning,1387.5915564014576,906.9271062035114,562.244665902108,234.33618461247534,29.710398487281054,0.8543857992254198,9,180.45342015274318,40,25,1.183959442665608,52.24061947815127,1387.5915564014576,1.1821944722686037,52.415135754578294,1364.908038148363,-0.0017649703970041841,0.1745162764270276,-22.68351825309469
709,Train,Lightning,1405.8311896864325,1017.8330214577727,450.60688089579344,306.78141231881455,20.263413183391094,0.8505263892025687,9,183.65504880708875,40,25,1.1789217548217166,52.251801383490296,1405.8311896864325,1.1924748895157582,52.28848726820821,1402.1780249636322,0.013553134694041624,0.036685884717911676,-3.653164722800284
710,Train,Lightning,1479.3629727442749,979.6752270078287,541.1873158998787,180.8908967487514,28.145638360176235,0.8469067155709491,9,194.0870943825719,40,25,1.1750196145901093,52.24034590507843,1479.3629727442749,1.1831408413890057,52.83849635853484,1457.6542277489634,0.008121226798896375,0.5981504534564124,-21.708744995311463
711,Train,Lightning,1488.2708630757406,1223.0091534671374,697.4578887224197,102.90804678341374,14.65184563677758,0.8172110764659011,10,182.11584570193236,35,25,1.267040540083479,52.32554973416456,1488.2708630757406,1.2801251411327885,53.62665483564336,1474.440050011699,0.01308460104930953,1.3011051014787967,-13.83081306404165
712,Train,Lightning,1353.6485982011072,679.4338737614453,394.4104320369661,310.50845006946474,20.044460473116487,0.849698894256726,8,199.13651285041556,60,25,1.1936909198046146,52.16687129196329,1353.6485982011072,1.1990874922208272,50.6096114301466,1353.5867386051004,0.005396572416212608,-1.5572598618166893,-0.0618595960067978
713,Train,Lightning,1407.5837770476937,1128.2355361036025,694.1089423373342,99.79452517116442,11.610422259196639,0.8323324512806721,9,187.90352005271563,40,25,1.221059704615445,52.27470952413822,1407.5837770476937,1.2361935431120032,52.30198855149663,1407.0038702656511,0.01513383849655825,0.0272790273584107,-0.5799067820425989
714,Train,Lightning,1350.1834504888393,1221.1189016932622,468.94471356645226,169.86024255864322,23.77504885615781,0.7912434274377301,9,189.6007956406756,40,25,1.248459769167897,52.26500862753033,1350.1834504888393,1.2531691069776492,54.145587887111695,1334.8664544365552,0.004709337809752245,1.880579259581367,-15.31699605228414
715,Validation,Lightning,1425.4894132493064,1037.6623230637051,461.84110529720783,86.38876500306651,13.991367579437792,0.822816188025754,9,192.4946481221864,50,25,1.2550252181302377,52.22228024025028,1425.4894132493064,1.2471849424192631,52.3756787507303,1439.529883522716,-0.007840275710974565,0.15339851048002373,14.04047027340971
716,Validation,Lightning,1482.7465245849453,791.7281252797693,387.64645559713244,305.58125376235694,25.19834867445752,0.80438451256603,10,184.33305234270406,45,25,1.2272825204758855,52.232268598351254,1482.7465245849453,1.2199447077541552,52.92114360073554,1476.7232608498198,-0.007337812721730286,0.688875002384286,-6.023263735125511
717,Validation,Lightning,1387.9155391361564,1025.493495806586,451.262547634542,165.3303594631143,14.653005350381136,0.7993047136091628,9,192.93372734594035,45,25,1.1837444816277178,52.23104232237284,1387.9155391361564,1.1850970148122046,53.21419154736249,1397.0917735486962,0.0013525331844868038,0.9831492249896456,9.17623441253977
718,Hidden Test,Lightning,1497.5820230436511,826.7066937638447,542.5424282439053,192.37492226064205,23.531374181155115,0.8275530356122182,10,180.9650812211389,40,25,1.1594840717951669,52.245551365669506,1497.5820230436511,1.1464655605039056,52.34997531251595,1490.0775089853125,-0.013018511291261303,0.1044239468464454,-7.5045140583386
719,Hidden Test,Lightning,1440.68452923093,822.856007993687,596.246076375246,107.94105972861871,21.328635959886014,0.8503419875889086,9,188.24903525853438,50,25,1.242581198087139,52.21310420224341,1440.68452923093,1.22702285207043,51.95556689051881,1438.3506579082477,-0.015558346016709024,-0.2575373117245974,-2.333871322682171
720,Hidden Test,Lightning,1455.614379036706,858.5971651598811,688.3273436687887,90.09217475075275,28.785071113612503,0.8208282585348934,9,197.03869758670484,45,25,1.2467667650566356,52.230251826387125,1455.614379036706,1.2340832293573938,51.41064580333292,1439.3459981211772,-0.012683535699241855,-0.8196060230542059,-16.268380915528724
721,Train,Lightning,1368.7523902393878,850.3514555632137,417.70187113434076,299.67317356029525,12.244895042851567,0.8571831297059543,8,199.60034542282125,55,25,1.2086637976054813,52.19228689293573,1368.7523902393878,1.2026476238945047,51.2687991873036,1373.7313520062278,-0.006016173710976513,-0.9234877056321338,4.97896176684003
722,Train,Lightning,1439.4763592281379,913.1024525733665,512.0393016375601,181.8659055698663,21.682739392388612,0.818574671545066,9,195.39062623343074,45,25,1.1934379645001238,52.225572669351315,1439.4763592281379,1.1861313435463663,51.59542849583417,1431.4774721686342,-0.007306620953757559,-0.6301441735171451,-7.998887059503659
723,Train,Lightning,1461.8996599456295,673.1518447049893,367.07800291478634,115.76807741774246,22.79110696632415,0.8425528694386595,9,192.78706588197082,65,25,1.2079447513377437,52.15524897646147,1461.8996599456295,1.1857995105455694,51.20274088275917,1478.972015568405,-0.02214524079217428,-0.9525080937022992,17.072355622775376
724,Train,Lightning,1432.2191429673694,835.5511447880417,517.8292292170227,106.36853361036628,20.53338135732338,0.8402641175873578,9,189.3874283084131,50,25,1.1884423256123808,52.202611348419936,1432.2191429673694,1.1731686461394562,50.9260374620422,1442.6099912506254,-0.015273679472924684,-1.276573886377733,10.390848283255991
725,Train,Lightning,1454.255771683529,703.0107956263237,379.55943923443556,155.01180499093607,15.367318734526634,0.8072139015630819,10,180.15742405668695,55,25,1.193620871905408,52.189411088404306,1454.255771683529,1.1851380205013318,50.98360902340935,1472.0927457024666,-0.00848285140407623,-1.2058020649949555,17.836974018937553
726,Train,Lightning,1472.5322586600669,787.4441561987624,619.2559552378953,182.0747167058289,27.962075150106102,0.816513218334876,10,180.34395838232936,40,25,1.1983765421362553,52.25025523897568,1472.5322586600669,1.1836223352161792,52.56316554743676,1462.5653214459196,-0.014754206920076118,0.3129103084610776,-9.966937214147265
727,Train,Lightning,1474.4427730562165,1216.3369106245227,565.1393637061119,169.87506566336378,17.036746735684574,0.8283527160785161,9,197.77441614436088,35,25,1.1338031790339689,52.27926445768856,1474.4427730562165,1.1497394279952986,53.162298485892514,1477.149404845484,0.015936248961329724,0.8830340282039515,2.706631789267476
728,Train,Lightning,1470.7446175510995,686.4042392931879,700.6791851483285,308.17888169083744,9.061582227703184,0.8452079278696328,9,193.34422126006675,45,25,1.1923825585820436,52.239333775083686,1470.7446175510995,1.2035425741286765,52.56566532481162,1480.9990443862612,0.011160015546632929,0.3263315497279322,10.254426835161667
729,Train,Lightning,1399.3254594504833,1015.1420506066643,427.0647631958127,279.61606204742566,28.653290627524257,0.8529213302326389,9,182.29184931182468,40,25,1.1897639317589468,52.24347523191689,1399.3254594504833,1.1757094649567863,52.2911502273624,1378.6167399635474,-0.014054466802160492,0.04767499544551157,-20.708719486935934
730,Train,Lightning,1455.1806195289828,626.5705960104242,519.0882668830454,168.66293146274984,27.800882366020232,0.8247257120953874,9,196.0491023038696,55,25,1.198002044054578,52.17993562578499,1455.1806195289828,1.1841464911534254,51.21268281318396,1444.3428687627315,-0.01385555290115259,-0.967252812601032,-10.837750766251247
731,Train,Lightning,1374.2280297679827,1018.8589048222639,486.6113606840372,279.7311163577251,29.601565533317626,0.8315635847556405,9,183.6203582103983,40,25,1.2330208704601484,52.253357525467145,1374.2280297679827,1.2380499172589983,52.78422480971645,1354.6593423120132,0.005029046798849857,0.5308672842493039,-19.56868745596944
732,Train,Lightning,1418.9824149361812,988.4046524297446,693.0952633731067,291.0583184985444,21.78218888817355,0.8445763988047839,9,186.67904169925728,35,25,1.1731671845662093,52.282571142683445,1418.9824149361812,1.1797407050981668,53.3711519239518,1412.157677417897,0.006573520531957477,1.0885807812683552,-6.82473751828411
733,Train,Lightning,1467.897293670103,1155.3445041994564,635.7210969552398,82.08538101287559,28.050575595349073,0.8139792757877149,10,180.33595416167933,35,25,1.2510211734248753,52.29952340766053,1467.897293670103,1.2572686418549144,52.30553369064204,1446.0441355595403,0.006247468430039094,0.006010282981506521,-21.853158110562617
734,Train,Lightning,1437.6558907446451,630.1250143675134,591.8364723213017,172.8236274048686,13.053231226745993,0.850140165197663,9,187.8978902013543,55,25,1.2067919859571203,52.19248186891505,1437.6558907446451,1.2173115056526236,50.53470604843786,1450.7599503904016,0.010519519695503243,-1.657775820477191,13.104059645756479
735,Validation,Lightning,1418.3342565083876,659.4742193003185,459.73848924040794,175.7687994814478,18.557698807679117,0.7989133783592843,9,197.25880106206787,60,25,1.23747587779206,52.17691999163836,1418.3342565083876,1.2384707688306589,52.57178266602316,1436.3539855373392,0.000994891038598844,0.3948626743848038,18.019729028951588
736,Validation,Lightning,1486.7288088309579,625.6946995854378,518.1671588681638,164.0888872044161,18.031201304402202,0.8044604265224189,10,184.81068301369393,50,25,1.1649894100665705,52.201602466685245,1486.7288088309579,1.1633392115257453,51.47129963575238,1504.5973325946861,-0.001650198540825265,-0.7303028309328639,17.868523763728263
737,Validation,Lightning,1367.754579987377,1153.2092995359562,696.3103199377656,254.8259990126826,12.842074925079942,0.8407759766583331,9,180.75294172143768,35,25,1.1890535438490581,52.303120090562494,1367.754579987377,1.2066705536211548,53.660293925341335,1354.9844063963365,0.01761700977209668,1.3571738347788411,-12.770173591040475
738,Hidden Test,Lightning,1441.3997584604658,679.5669454382733,702.7998917736113,288.92603718675673,23.053744592238218,0.8581255613872781,9,186.63414297893198,45,25,1.2435410151014499,52.235596341440605,1441.3997584604658,1.231354052449661,52.19295000287319,1436.7776907799887,-0.01218696265178898,-0.0426463385674154,-4.62206768047713
739,Hidden Test,Lightning,1428.2489634817466,1212.5151509069838,648.4662335366011,206.12793751759455,22.450785120017827,0.8545762506942265,9,185.69943775857587,35,25,1.2271979218970428,52.29731402102679,1428.2489634817466,1.2290250757305026,53.308099855197305,1410.0473148055326,0.0018271538334597714,1.0107858341705125,-18.201648676214063
740,Hidden Test,Lightning,1495.2811944647692,884.3822189141065,513.9274987392128,276.4162982767448,21.01573608024046,0.8450214561633766,9,196.6131791432381,45,25,1.2362863516439841,52.23613165403389,1495.2811944647692,1.2363830057791327,51.901284604610495,1500.0857504776052,9.665413514858834e-05,-0.33484704942339505,4.804556012835974
741,Train,Lightning,1436.0719128046185,1189.6423151600175,674.9759448692203,254.41289249109104,23.742383934557438,0.8307659783423879,9,192.06798307455253,35,25,1.2622885351406157,52.30540993245673,1436.0719128046185,1.2698412608245755,52.76550212218126,1419.7990389919357,0.007552725683959816,0.46009218972452715,-16.272873812682747
742,Train,Lightning,1477.6738169719465,797.6235091453418,365.3872814960778,210.72465499863029,9.353315769229084,0.8190317727765069,10,180.41715426529206,50,25,1.1854762014290368,52.21299966595713,1477.6738169719465,1.1905326128236198,51.32278625782519,1494.5976720691958,0.005056411394583016,-0.8902134081319346,16.923855097249316
743,Train,Lightning,1438.7666600989178,644.6825038758107,564.2818868160248,112.54977049073204,26.985390949063003,0.8061094961292111,9,198.31420297223332,55,25,1.200851378782486,52.18105709558239,1438.7666600989178,1.195529710482,50.55617212832101,1432.3311696144915,-0.005321668300485971,-1.62488496726138,-6.435490484426282
744,Train,Lightning,1487.6279079238884,725.0045605935156,700.5637562833726,224.28423123899847,9.67376766866073,0.8514796410594136,9,194.12324358532416,45,25,1.1646726292144793,52.23225325856497,1487.6279079238884,1.1651826442581164,51.306294235576736,1502.7193111779122,0.0005100150436370132,-0.9259590229882306,15.091403254023817
745,Train,Lightning,1437.4101703986526,813.603056629654,584.6342505887151,248.9927313127555,24.289271464571357,0.805202921491582,9,198.35030014490025,45,25,1.2329589000798968,52.23184434375796,1437.4101703986526,1.227454334705991,50.89587684082577,1425.581175138014,-0.0055045653739058675,-1.335967502932192,-11.828995260638521
746,Train,Lightning,1432.7249739901163,915.211408236064,363.99281034246087,253.16404613666236,24.976310659665614,0.84311814871151,9,188.8129961618822,45,25,1.1580194459917295,52.21393452167571,1432.7249739901163,1.1611726926402994,52.513874528268865,1432.1695618709673,0.003153246648569974,0.2999400065931539,-0.5554121191489685
747,Train,Lightning,1423.0102172819898,891.7698329896666,617.5084967166185,251.82776163099334,22.427232370711863,0.8541306736203842,9,185.11482053967077,40,25,1.1816893890605022,52.24960046729176,1423.0102172819898,1.1934741981636063,52.79994197882824,1410.7520763806488,0.011784809103104088,0.5503415115364731,-12.258140901340994
748,Train,Lightning,1470.4251548624597,670.6664042081684,473.0207900516689,126.86746455263346,19.039728957694024,0.8346625487878919,9,195.74446343586274,60,25,1.2171654816900774,52.173111235175334,1470.4251548624597,1.216416332633281,52.21198663712174,1481.442788735731,-0.0007491490567963499,0.03887540194640593,11.01763387327128
749,Train,Lightning,1373.3814319130033,657.9158137436025,548.9635398611426,255.38409848930314,10.248831246048212,0.8123469393723645,9,187.8482326739888,55,25,1.2512549111342237,52.203003428767765,1373.3814319130033,1.2539814635653022,51.681855684470754,1379.9803317156693,0.002726552431078444,-0.5211477442970107,6.598899802665983
750,Train,Lightning,1384.347340289969,1215.3608784778044,392.8876613266766,129.3106096982956,12.543004284147173,0.8580895265145227,9,179.2544558469525,45,25,1.238162081542871,52.24592891038622,1384.347340289969,1.2399502525811446,53.10181695409381,1385.537327482482,0.001788171038273445,0.8558880437075942,1.1899871925129446
751,Train,Lightning,1361.5440266439691,844.225577369798,739.301935583353,141.7212936631404,25.190943612717092,0.855578715109732,8,198.92150228242656,45,25,1.1742414348537358,52.21411948459702,1361.5440266439691,1.180164883243314,51.55815919193338,1348.1441433208865,0.005923448389578256,-0.655960292663643,-13.399883323082577
752,Train,Lightning,1396.354798588436,1061.6326542571187,625.2440079115331,221.68508362490684,23.20972123136744,0.8040831641014665,9,192.9533412751751,35,25,1.1475473234673688,52.27259249021286,1396.354798588436,1.158250888442734,53.62066154940834,1382.5397581324482,0.010703564975365287,1.3480690591954811,-13.815040455987855
753,Train,Lightning,1390.7025662250817,1139.3093333928846,640.2215221896768,251.03122553089634,13.253055142238736,0.8307404147018679,9,186.0057662101304,35,25,1.1526637705586065,52.29161539249761,1390.7025662250817,1.171022774629802,52.96144685981706,1391.217313469223,0.018359004071195617,0.6698314673194474,0.5147472441412901
754,Train,Lightning,1452.184353733901,1236.1728419782594,567.3772581852973,314.44254440255463,11.10100168036297,0.8409584141010419,9,191.8689609093533,35,25,1.185455727996192,52.30524800310397,1452.184353733901,1.2081748498506277,53.22413244311934,1450.0406498028412,0.02271912185443581,0.9188844400153684,-2.14370393105969
755,Validation,Lightning,1461.047706543468,682.9593348898925,405.60109578073025,272.73850572062656,18.582142484374344,0.8279027682985179,9,196.08417833173698,55,25,1.2011282486445576,52.1872605366568,1461.047706543468,1.1943873376024834,51.59105273406667,1467.5115092928381,-0.0067409110420741936,-0.5962078025901292,6.463802749370188
756,Validation,Lightning,1482.9567575245164,739.6576637867838,612.3131561093032,142.87501694168895,16.50008350564167,0.8240159387327731,9,199.96333239825253,50,25,1.1974749273323873,52.20808383710893,1482.9567575245164,1.2049181261518729,52.462952659726255,1496.5737889962002,0.00744319881948563,0.25486882261732546,13.617031471683731
757,Validation,Lightning,1361.8562426883727,1240.3412580373697,372.14082162827253,108.46749342279509,22.38857826590538,0.8136458458588459,9,185.9744765721561,40,25,1.1571981007989258,52.243339062183814,1361.8562426883727,1.1473342054440936,53.707124597958405,1354.7793404742897,-0.00986389535483223,1.4637855357745906,-7.07690221408302
758,Hidden Test,Lightning,1371.6148876701482,627.3405136307701,363.4741169400513,141.82926753535867,23.009393176529557,0.8134520944720135,9,187.35172632936818,65,25,1.1858034682361989,52.1516074998122,1371.6148876701482,1.1818513825565202,52.07161631377795,1388.281107457877,-0.003952085679678641,-0.07999118603424904,16.666219787728778
759,Hidden Test,Lightning,1465.5191050143912,919.2985272151418,494.28121000528336,189.69452088465914,15.162542681209743,0.8490225237957202,9,191.7916799011675,45,25,1.1598972190228178,52.22499053869503,1465.5191050143912,1.1662785209761346,51.27183577005533,1468.2336108753789,0.006381301953316765,-0.9531547686396991,2.7145058609876287
760,Hidden Test,Lightning,1351.5297620440833,1087.8320361487567,456.7167333327234,308.11115032527596,9.893071239348501,0.820539638074115,9,183.01367367567642,40,25,1.1697794430023918,52.26387599799587,1351.5297620440833,1.172200713020356,51.81848191968977,1360.1997494476063,0.0024212700179642166,-0.44539407830609434,8.66998740352301
761,Train,Lightning,1350.0781137496233,633.3635798073374,729.1526095941663,262.44494922691956,28.955345971509814,0.8232395724696108,9,182.21752734201945,45,25,1.239333632289516,52.22837206554063,1350.0781137496233,1.2379030166205685,50.47086330400915,1329.1616724645219,-0.0014306156689476435,-1.7575087615314828,-20.916441285101428
762,Train,Lightning,1368.5670937062241,717.2667106846347,642.3363224603236,87.23153701983392,19.71939403982833,0.8076834020810202,9,188.27056495157365,50,25,1.1752174955952726,52.200597680352935,1368.5670937062241,1.1727501457512541,52.23225563526797,1374.4335125273312,-0.0024673498440184183,0.031657954915033315,5.866418821107118
763,Train,Lightning,1490.4753495706245,1105.501705466304,706.7602965980768,159.4513143482618,8.70686296466738,0.8354037766414695,9,198.23751915546825,40,25,1.2348500763449948,52.282439398861634,1490.4753495706245,1.2470005154356973,52.720725187802266,1489.6097463215604,0.01215043909070257,0.4382857889406324,-0.8656032490641792
764,Train,Lightning,1457.1942206821404,1014.2282548826188,405.01702977344394,152.44426931720227,17.363394420128316,0.8450157347321511,9,191.60645454253446,45,25,1.1490286186244085,52.22006569370328,1457.1942206821404,1.1488362552631217,53.617546082251174,1462.4986243845985,-0.00019236336128680698,1.3974803885478906,5.304403702458103
765,Train,Lightning,1357.8889194410294,769.1853602300398,513.1883626803756,82.38608830841258,9.113952722400427,0.8006551103689709,9,188.44137088568567,55,25,1.1659804907814149,52.18780017356429,1357.8889194410294,1.1622525964649812,52.699661806206514,1376.5592352828621,-0.003727894316433611,0.5118616326422227,18.67031584183269
766,Train,Lightning,1450.103728857357,1010.3081154404208,515.721630025655,261.65352661162615,20.79521849984303,0.8163039210764692,9,197.38069655139242,40,25,1.189240909124005,52.253744514198715,1450.103728857357,1.1869552387782727,52.82807330268639,1449.4692535481292,-0.002285670345732349,0.5743287884876764,-0.6344753092278097
767,Train,Lightning,1448.1206938857213,744.734746508766,385.30872985720634,303.74547220533714,29.220283216796815,0.8380929722054862,9,191.98621711051072,50,25,1.2054448510025748,52.198563541805974,1448.1206938857213,1.1974970661584592,52.379577016220274,1432.011730229153,-0.007947784844115624,0.18101347441429994,-16.10896365656822
768,Train,Lightning,1468.71094572125,1130.126391723752,741.1557911895216,259.8480796860531,24.179365025367588,0.8369710989575834,9,194.9769893887449,30,25,1.1325439038668075,52.307296486195796,1468.71094572125,1.1429916421684474,52.561826859173024,1439.2275026502662,0.01044773830163992,0.2545303729772286,-29.483443070983867
769,Train,Lightning,1495.890263747424,715.5889655812643,489.30974546819925,235.31415218720213,16.640402832999825,0.795469845936168,10,188.05115887038423,45,25,1.1569405849226861,52.224516878555754,1495.890263747424,1.1503582776398888,52.11531164684901,1502.5644590797997,-0.006582307282797295,-0.10920523170674556,6.6741953323758025
770,Train,Lightning,1363.1227170699276,1146.177741070278,508.70719188824296,194.37810421921313,10.018938146997243,0.828858355418779,9,182.7309560002113,40,25,1.1684294507272186,52.26334633907194,1363.1227170699276,1.1754011908121758,53.586332672082186,1362.04971831014,0.0069717400849571565,1.322986333010249,-1.0729987597876516
771,Train,Lightning,1418.9499113475904,1191.9161898666061,657.3119353502989,138.51009086472914,13.985197369940579,0.8340544864605182,9,189.0297382487692,35,25,1.1345502326119985,52.284938081342524,1418.9499113475904,1.1535325819356195,53.61299670023524,1416.2853861407084,0.018982349323620973,1.3280586188927188,-2.66452520688199
772,Train,Lightning,1394.1494881524704,1086.1011427361518,662.6505079679191,255.75155606027693,22.772403858136386,0.8368537359498441,9,185.10462704427948,35,25,1.1958969303302818,52.28755216251473,1394.1494881524704,1.2110407185680097,52.0512978204515,1370.7096847592632,0.015143788237727884,-0.23625434206322637,-23.439803393207285
773,Train,Lightning,1496.0428128484637,1243.356067861896,511.4166183397174,136.91819201456383,13.507043085992336,0.8157288398058155,10,183.39952443076515,35,25,1.1835145631278805,52.30273544465095,1496.0428128484637,1.1947741395223133,53.06288387809778,1488.2911791465958,0.011259576394432758,0.7601484334468296,-7.751633701867831
774,Train,Lightning,1411.0166951199062,816.0368505632505,375.9249088354409,300.8165633492172,29.923074705991894,0.7935588208725677,9,197.56523230213944,45,25,1.1536092268403233,52.20776145997446,1411.0166951199062,1.1371834490094275,51.40830848098926,1396.8037879525855,-0.016425777830895827,-0.799452978985201,-14.212907167320736
775,Validation,Lightning,1462.7559854881838,999.3379652616568,737.7362102270126,273.5970670892857,27.10601321142167,0.827654390630778,9,196.3723562296976,35,25,1.2242363468989015,52.28851391349897,1462.7559854881838,1.2228766604997203,53.332636392878,1447.8295928415446,-0.0013596863991811592,1.044122479379034,-14.926392646639215
776,Validation,Lightning,1385.9998320112936,841.7514425702393,425.93132918700576,136.33886868599802,9.268656758125871,0.7966303200367838,9,193.31423555091067,55,25,1.199085092137386,52.19392207428611,1385.9998320112936,1.1912369938486822,52.51195017227817,1392.5399699177046,-0.007848098288703698,0.31802809799206244,6.540137906411019
777,Validation,Lightning,1381.1456652358174,919.95966139948,509.2831702902913,150.90914767468348,17.508417224511504,0.8070994899538346,9,190.13842950071023,45,25,1.1554610257470335,52.2213851973824,1381.1456652358174,1.1634379852095689,52.009014751321665,1392.7207779099783,0.007976959462535405,-0.21237044606073852,11.575112674160891
778,Hidden Test,Lightning,1355.6352928862907,692.3075787955895,427.56240675225854,242.20405767671764,9.594677184242755,0.8511978088738397,8,199.07759376751642,65,25,1.22073469068071,52.163783462390924,1355.6352928862907,1.2223895657014965,52.37183596516374,1373.6252484299077,0.0016548750207865393,0.20805250277281573,17.989955543617043
779,Hidden Test,Lightning,1499.5108472881839,723.4677607775666,521.047668531537,89.30602865992114,23.52074906323105,0.8346344502153806,9,199.62310005578948,55,25,1.1976941465595194,52.18297611083382,1499.5108472881839,1.1904371267033933,51.323020191838296,1500.7548812355587,-0.007257019856126146,-0.8599559189955244,1.2440339473748736
780,Hidden Test,Lightning,1446.8211980885826,1207.353906845674,667.0686016790569,272.89813830982894,15.2764701875858,0.8336942757293583,9,192.8259741955073,35,25,1.226664486847658,52.309820971857675,1446.8211980885826,1.2367387001106105,53.40856534028664,1430.4992387607726,0.010074213262952547,1.0987443684289673,-16.321959327809964
781,Train,Lightning,1389.7356437053531,633.578345074784,718.1721767410636,259.32319251121953,29.650792319327593,0.7972508041583933,9,193.68443495748258,45,25,1.2330442657687704,52.22620666890645,1389.7356437053531,1.229742085527986,51.59070611222157,1371.480720310989,-0.003302180240784436,-0.6355005566848817,-18.25492339436414
782,Train,Lightning,1419.3938979995437,1091.7375077260658,521.379638183862,196.6719887405634,8.094633395317942,0.8054185722721741,9,195.81176613067413,45,25,1.2650854085631267,52.25719137082038,1419.3938979995437,1.272797270755772,52.33208386235415,1421.1966971733161,0.007711862192645302,0.07489249153377386,1.8027991737724278
783,Train,Lightning,1478.087909356691,871.8392816488631,493.83431151509285,268.62615566467866,8.948177336715162,0.8284201083867812,9,198.24722778438755,45,25,1.1505563540920951,52.2298281883361,1478.087909356691,1.1511463179609034,52.61639317619645,1489.9807118224712,0.0005899638688082742,0.3865649878603534,11.892802465780278
784,Train,Lightning,1394.021707016509,1108.2213526591659,504.1410340927541,142.000269186683,13.023476192262024,0.8310531556513161,9,186.37953508307191,45,25,1.2518919515825375,52.24854899712723,1394.021707016509,1.2555492214673725,53.77125454465913,1392.081312050111,0.003657269884834946,1.5227055475318991,-1.9403949663981166
785,Train,Lightning,1393.1252592243254,632.5891201733612,632.2773823514581,238.92859367886558,23.524107011035085,0.839051031835843,9,184.4842442189546,50,25,1.2344136068751437,52.20947925037556,1393.1252592243254,1.2207006081120826,51.10788520946704,1395.2873594636276,-0.01371299876306109,-1.101594040908516,2.1621002393021627
786,Train,Lightning,1489.8726548650302,1103.7474447162822,576.9911088980734,123.72859676368535,21.335965857375413,0.8210616829479114,10,181.45684859094177,35,25,1.1750946208380628,52.28762393380299,1489.8726548650302,1.1846967646717068,53.37288006205119,1476.1874659950445,0.009602143833643995,1.0852561282481972,-13.685188869985723
787,Train,Lightning,1488.2951469859108,881.4366496750154,499.38122294843197,126.59714241279289,22.739264962263405,0.8161062037642114,10,182.36537599166536,45,25,1.23380627263599,52.236159651355024,1488.2951469859108,1.2350825895188389,51.354284518167304,1480.5535702979398,0.0012763168828489047,-0.8818751331877195,-7.741576687971019
788,Train,Lightning,1479.8626517294906,885.0476472172886,527.4944859556854,144.78911021258682,21.437036737333983,0.8242640653438866,9,199.4860511805745,45,25,1.1585372311177002,52.217826874124896,1479.8626517294906,1.1673945440717786,51.629691243300236,1485.9491363285124,0.008857312954078322,-0.5881356308246595,6.086484599021787
789,Train,Lightning,1428.7980966735631,978.194953862112,663.2440088316798,191.3923381199129,20.37509162724018,0.8236774052516558,9,192.7397098216337,40,25,1.2143113421584601,52.260784220579374,1428.7980966735631,1.2273282954064741,52.90390302706264,1419.2185945162619,0.013016953248013996,0.6431188064832654,-9.579502157301249
790,Train,Lightning,1416.749448061455,1078.593653975986,568.6637294478714,166.67900459840894,23.76486206660047,0.8098065113043413,9,194.38792247621407,40,25,1.2205874544747672,52.25783803130237,1416.749448061455,1.2303804664923648,52.122013805084215,1396.2268621674127,0.009793012017597524,-0.13582422621815482,-20.522585894042322
791,Train,Lightning,1359.1874760808423,682.4791932594962,585.4488894343376,240.69554997375235,14.101660693995655,0.8089641725621186,9,186.68420159738605,50,25,1.197361074677993,52.2102321399237,1359.1874760808423,1.2103132964399734,50.53982887615014,1368.523166719971,0.01295222176198041,-1.670403263773558,9.335690639128643
792,Train,Lightning,1400.2811293001287,956.0201345942914,484.1413817368448,191.1641941824928,20.261797418352216,0.8330858849454672,9,186.75960660963938,45,25,1.2032592493657461,52.22936446141183,1400.2811293001287,1.200580568262758,52.774315585528846,1394.0757835402846,-0.0026786811029881896,0.5449511241170129,-6.205345759844022
793,Train,Lightning,1411.8803724646568,870.3433582908474,585.0173877552152,87.36277416581288,15.100310174748302,0.8122317401063629,9,193.14142650959977,50,25,1.227408159294575,52.21554916488903,1411.8803724646568,1.2218504790570845,51.48430324512242,1411.954464836589,-0.00555768023749037,-0.7312459197666143,0.07409237193223817
794,Train,Lightning,1428.4106201143004,1132.3757911333814,452.8802917338908,150.01596479676664,19.688189145643264,0.8098263776348904,9,195.9831088576451,40,25,1.151765504384058,52.245572294032016,1428.4106201143004,1.1482073160175499,53.82558020940207,1430.6478859756714,-0.0035581883665081193,1.5800079153700537,2.2372658613710428
795,Validation,Lightning,1424.1271779639646,714.0128780738451,466.50464572012424,198.65279934136197,17.66597928944975,0.8198144851136022,9,193.01482955034672,55,25,1.2123046125018977,52.190047132634874,1424.1271779639646,1.214182675569368,52.1613517850323,1442.3310029483969,0.0018780630674704035,-0.02869534760257153,18.20382498443223
796,Validation,Lightning,1463.6247821501456,928.9808906149119,362.5507499091327,287.1373051730916,10.808100547175854,0.8433170377463103,9,192.83966588539633,50,25,1.2354903893231028,52.22115395535782,1463.6247821501456,1.2349902273393567,51.38460938311056,1468.38940357233,-0.0005001619837461391,-0.8365445722472629,4.764621422184291
797,Validation,Lightning,1423.9074140321463,919.5922353188507,546.2697183713317,297.1245187637396,29.877874206751585,0.8019556454964913,9,197.28264995816767,40,25,1.220926756190336,52.24989366571737,1423.9074140321463,1.2236655715246822,53.36237055057655,1407.5736217254846,0.0027388153343461674,1.112476884859177,-16.333792306661735
798,Hidden Test,Lightning,1433.0831736442633,838.4217909304425,586.9185705669224,191.31255980581045,16.59124286705628,0.8336761253653094,9,190.99918888582502,45,25,1.1758341515727837,52.227076606754196,1433.0831736442633,1.1835028178335838,52.64029321704914,1435.43335979308,0.007668666260800094,0.4132166102949455,2.350186148816647
799,Hidden Test,Lightning,1370.561121054925,970.21462834673,631.6572450101376,92.61105522280559,27.862632564269006,0.8271080667688512,9,184.11689490710916,40,25,1.169177472324563,52.239212250638786,1370.561121054925,1.1607362122698472,53.02417252285452,1362.6267001794827,-0.008441260054715682,0.7849602722157343,-7.934420875442356
800,Hidden Test,Lightning,1477.8923986363225,1164.4180558621883,484.07888701185584,176.14412405062467,17.42500761291012,0.8217875556182117,9,199.82082399825995,40,25,1.1937465448621607,52.25950715836022,1477.8923986363225,1.1945081163955271,52.917600933304215,1471.161913134737,0.000761571533366423,0.6580937749439926,-6.730485501585463
801,Train,Lightning,1465.6038112007082,900.0792368664406,531.6549504175782,142.98188032815233,27.65657856501639,0.8206390932505019,9,198.43664437940814,45,25,1.1991669561955014,52.22053760284242,1465.6038112007082,1.1811979791683724,51.38995147357659,1455.0251781398267,-0.017968977027128963,-0.8305861292658321,-10.57863306088143
802,Train,Lightning,1456.832207890693,887.0809580432251,494.6960502304137,259.6481052879244,14.289481051731855,0.8461308661708609,9,191.30639454594882,45,25,1.181537061372271,52.230939210832084,1456.832207890693,1.1765695519696604,51.88288985857104,1463.1642116366595,-0.004967509402610704,-0.34804935226104305,6.332003745966404
803,Train,Lightning,1479.9835294252262,1118.8157887780108,629.5445542782545,201.02325045270845,11.077957321889699,0.8030604531685822,10,184.2929163783067,35,25,1.2036747623780066,52.312730707575426,1479.9835294252262,1.22573094202031,53.283527806523075,1478.1518589105458,0.02205617964230333,0.9707970989476493,-1.8316705146803542
804,Train,Lightning,1352.5741230114363,1152.5684968102723,707.290646713227,147.59220210369676,27.291681117843837,0.8049741913191975,9,186.6966857926806,35,25,1.2235867353329721,52.28801185106692,1352.5741230114363,1.2261486482039867,52.29108354024787,1326.4353315905228,0.0025619128710145933,0.003071689180949022,-26.13879142091355
805,Train,Lightning,1397.895989427343,631.2508908915333,653.1417919322848,321.0270472173579,17.22120899707079,0.7903160966397264,9,196.5312072769829,45,25,1.1712305398751237,52.225325071406665,1397.895989427343,1.1773654755035787,50.56946185126245,1403.0170296430426,0.006134935628455018,-1.6558632201442123,5.121040215699622
806,Train,Lightning,1458.267339610029,1158.4565110271797,736.130276042968,325.0985065661371,21.257991342339665,0.8511946469685063,9,190.3556430696272,30,25,1.153562253665555,52.32110442941024,1458.267339610029,1.160862969033403,53.97968111723385,1441.61344252654,0.007300715367847932,1.6585766878236115,-16.653897083489028
807,Train,Lightning,1451.0530482279137,645.5509770778008,561.4243745803833,112.20350103219971,16.058390158228576,0.8506824298924767,9,189.52797284192982,55,25,1.156238673509645,52.18069296260575,1451.0530482279137,1.1496236594159728,52.039243543562435,1458.7049413586012,-0.006615014093672267,-0.14144941904331176,7.65189313068754
808,Train,Lightning,1448.6850247601978,930.4130450822413,551.4213538728654,188.4265128010884,25.62087578838691,0.8392073276732117,9,191.80600245403608,45,25,1.2548093079223293,52.23543543266558,1448.6850247601978,1.257837213950939,52.63449307858226,1435.3599542359043,0.003027906028609806,0.3990576459166775,-13.325070524293551
809,Train,Lightning,1382.8759549185634,748.5077429912053,352.67484206706285,102.44929183507338,27.05277164839208,0.8088412484643049,9,189.9666766149368,60,25,1.1854100959195704,52.162676300404584,1382.8759549185634,1.1812447800815387,52.397524933570146,1378.8823790635897,-0.004165315838031702,0.23484863316556215,-3.993575854973642
810,Train,Lightning,1497.3018583492376,865.1088293874636,736.2648309208453,306.32231819443405,26.982443351764232,0.8049977887840942,10,186.00074176735706,35,25,1.2657900256325183,52.3055083282756,1497.3018583492376,1.2694750476269772,52.735077246427466,1472.8131559573383,0.003685021994458859,0.4295689181518654,-24.488702391899324
811,Train,Lightning,1486.3328560022637,741.03857713053,713.7183863669634,105.93416179297492,18.531439141370356,0.8120509064826184,10,183.03444330113288,45,25,1.2558859476998767,52.24538973745657,1486.3328560022637,1.24685051210338,51.12063893647706,1482.8061320719526,-0.009035435596496777,-1.1247508009795126,-3.5267239303111637
812,Train,Lightning,1498.0857773101889,876.8455648329109,545.2293436042964,215.99383167456836,24.86828916100785,0.847938433624804,9,196.304317219262,45,25,1.22942304475735,52.230415868301925,1498.0857773101889,1.215611384457877,51.21889641066875,1482.150549031567,-0.013811660299472894,-1.0115194576331774,-15.935228278621935
813,Train,Lightning,1373.9349616225809,935.4217636282556,697.4138488993049,287.04144035698846,26.70239442959428,0.8354408685141244,9,182.72919835942383,35,25,1.173642306653659,52.274356829471024,1373.9349616225809,1.1731112383910745,51.63451402734151,1363.1071640732196,-0.0005310682625845331,-0.6398428021295146,-10.827797549361321
814,Train,Lightning,1472.8083660942502,734.260653774254,730.4109369404614,85.77375665307045,18.67527518654242,0.8588016474945471,9,190.5508384711282,50,25,1.2487908272035488,52.21675319078832,1472.8083660942502,1.2526288807361157,51.217845179276345,1473.8206872405754,0.003838053532566832,-0.998908011511972,1.012321146325121
815,Validation,Lightning,1360.6225738534704,708.9991227840073,361.25921979546547,172.03577268635854,21.512202366255224,0.8276637748419308,9,182.659058640801,60,25,1.2005847446992357,52.16870470992282,1360.6225738534704,1.1882296025412291,51.93684682759108,1360.9626459073872,-0.012355142158006593,-0.2318578823317381,0.340072053916856
816,Validation,Lightning,1450.6841961177997,1236.7970982566476,407.4891253374517,192.98719432670623,14.041521543171257,0.7990368171688169,10,181.55411176895814,35,25,1.1546006734116576,52.293307619654776,1450.6841961177997,1.153939269499616,53.52712790572982,1458.7812700722739,-0.0006614039120416138,1.2338202860750442,8.097073954474126
817,Validation,Lightning,1391.785850096494,1152.6822709827684,448.8010922446847,194.059858082328,11.897650258615613,0.8138325104047545,9,190.01805685549857,40,25,1.146396411961298,52.25497007678272,1391.785850096494,1.1642619232043796,52.97977528930423,1398.616959668145,0.017865511243081666,0.7248052125215096,6.831109571651041
818,Hidden Test,Lightning,1481.5146512934007,861.5354893030599,481.5546819008887,174.57391616888344,26.200864345300943,0.8438295464450494,9,195.07818815552668,45,25,1.1536421912389907,52.21164177282361,1481.5146512934007,1.137789843827173,51.58185285600307,1468.5928810791409,-0.015852347411817735,-0.6297889168205444,-12.921770214259823
819,Hidden Test,Lightning,1476.3507215073332,687.217822263483,472.4906500428915,107.30614569736645,14.264183384366333,0.8442225020076148,9,194.30774312017894,60,25,1.1964654320543209,52.17255925431223,1476.3507215073332,1.1861039106887383,51.79787721202366,1497.8649970809652,-0.010361521365582549,-0.37468204228857616,21.51427557363195
820,Hidden Test,Lightning,1495.611386129167,937.5963392201811,565.3751718811691,237.75168256368488,23.70239534927532,0.7925844251550734,10,188.7005773342748,35,25,1.150165305441306,52.276580293302466,1495.611386129167,1.1393258634173802,53.00256151931649,1479.7898383506913,-0.010839442023925727,0.7259812260140208,-15.821547778475633
821,Train,Lightning,1360.5928082484752,1161.4266194286756,686.7068914696574,288.0942004104145,13.100052177906036,0.8140065777883865,9,185.7196032801295,35,25,1.207459580790758,52.30809130588581,1360.5928082484752,1.2348354358176885,53.02963750229133,1352.0080042979444,0.027375855026930518,0.7215461964055194,-8.58480395053084
822,Train,Lightning,1487.9835472558625,1030.7604620000347,726.2798708863556,171.57143766060472,8.553432992193848,0.7971426309412346,10,186.66465567133326,35,25,1.1771838062753754,52.30913198924727,1487.9835472558625,1.1871759584263695,51.82486000778551,1483.9031790585786,0.009992152150994027,-0.48427198146175954,-4.08036819728386
823,Train,Lightning,1398.9964702399448,1185.157473210711,747.8709176182747,194.7348423837684,14.383153508417308,0.7956862072995864,9,195.3584853210306,35,25,1.2108810406896917,52.30677148213869,1398.9964702399448,1.2177533706646892,53.17846218643311,1386.378831664925,0.0068723299749975375,0.8716907042944158,-12.617638575019782
824,Train,Lightning,1389.9662486161105,623.347685020417,416.98633348569274,155.73278865311295,23.75638381158933,0.8471374399680645,9,182.30889936407613,60,25,1.1668406766929307,52.16149671690629,1389.9662486161105,1.1490890800116125,52.31573891166558,1396.1599279853442,-0.017751596681318205,0.15424219475929135,6.193679369233678
825,Train,Lightning,1415.927303954959,951.1119036353193,469.90323830395937,100.10317944223061,12.732470346614718,0.7912637999397703,9,198.82781950465923,50,25,1.2007331085410746,52.212180374261415,1415.927303954959,1.1924384958780871,52.801554369689924,1420.527203095915,-0.008294612662987477,0.5893739954285095,4.59989914095604
826,Train,Lightning,1433.0205249250866,706.8648783722892,605.456502828747,223.623880809173,16.731437605340034,0.8452793946163729,9,188.36908102050393,50,25,1.2294306125066394,52.214492264978944,1433.0205249250866,1.217665532920708,51.62928204637001,1440.6161061625176,-0.011765079585931426,-0.5852102186089354,7.595581237430906
827,Train,Lightning,1453.009442682378,1154.6280183480121,722.7291736751795,281.3992920401506,26.97281099203974,0.8199409738439135,9,196.8989217291007,30,25,1.1633801360479363,52.31160410477757,1453.009442682378,1.1698170463168123,52.09769760066858,1428.7030350014816,0.006436910268875939,-0.2139065041089907,-24.306407680896427
828,Train,Lightning,1366.2220973870717,695.608116267249,444.26087690517306,130.34860770683736,14.622899066191167,0.8099234230816365,9,187.4281579456546,60,25,1.200680621764099,52.173058679417096,1366.2220973870717,1.2064230565345078,50.90787982977095,1377.5900172620948,0.0057424347704087,-1.2651788496461478,11.367919875023063
829,Train,Lightning,1383.7689395528287,944.5839282940142,514.1155546531081,166.2725962069817,25.795220907777548,0.8386023167171516,9,183.3432860007434,45,25,1.2248114223719189,52.228373771442094,1383.7689395528287,1.213800487568778,52.048555556328516,1381.6635657282256,-0.01101093480314086,-0.17981821511357765,-2.1053738246030207
830,Train,Lightning,1445.3527700272389,621.4057381032035,435.9448720701039,256.6310492530465,17.35219300026074,0.809877627673559,9,198.29508401975568,55,25,1.1570684313364574,52.17988259024605,1445.3527700272389,1.1621964110888534,52.20668568722449,1465.642192047239,0.005127979752395984,0.02680309697844052,20.289422020000075
831,Train,Lightning,1446.196309500374,1022.4189917673357,365.8250503242016,133.94880048697814,24.38098708447069,0.8209281444712543,9,195.74000467101973,50,25,1.2519301751650163,52.21234791897905,1446.196309500374,1.2420145114202628,52.622715600373354,1445.69517922598,-0.0099156637447535,0.41036768139430535,-0.5011302743939723
832,Train,Lightning,1376.8891343730502,911.1441548913717,582.5321494601667,124.06710818875581,17.880189613904804,0.8339427554886789,9,183.45105894871276,45,25,1.182735807690965,52.227246641600345,1376.8891343730502,1.1936587493533541,52.1676611542623,1377.5426099386218,0.010922941662389052,-0.05958548733804747,0.6534755655716253
833,Train,Lightning,1467.2699782066047,1015.4996934696101,368.9025754109025,269.8518885136582,10.089576730504632,0.7960481228982099,10,184.31925608525347,40,25,1.1564986949385954,52.261599532768535,1467.2699782066047,1.154315616025153,53.13750771892577,1475.3773472269545,-0.0021830789134422712,0.8759081861572326,8.107369020349779
834,Train,Lightning,1408.9234945946373,882.7514498727396,479.56529492512345,309.3515189085156,20.850480728317052,0.8269975370028988,9,189.2956725388784,45,25,1.2334297614313374,52.23565487401842,1408.9234945946373,1.221446672374138,52.201380605938944,1398.2394378822255,-0.01198308905719947,-0.03427426807947853,-10.684056712411802
835,Validation,Lightning,1428.042932949029,1026.3011058443226,504.86135594546795,263.0826994846575,11.465148960240185,0.8035753519902937,9,197.45682418125378,40,25,1.1432507446078533,52.25476767677172,1428.042932949029,1.1553120773204537,52.74657687658978,1437.141083515843,0.012061332712600459,0.49180919981805715,9.098150566814184
836,Validation,Lightning,1472.5265345885418,1100.050150277093,552.9748681001365,102.9697305476293,29.97859715623781,0.8524431250058115,9,191.93545539781488,40,25,1.2171877497464212,52.248803481226105,1472.5265345885418,1.2240083019840715,53.16716508855824,1461.8440935556562,0.006820552237650324,0.9183616073321375,-10.682441032885663
837,Validation,Lightning,1415.5022921506315,765.7596455770545,674.6143562719226,83.62544442759827,25.767450027167797,0.8280226218909957,9,189.94412507957543,45,25,1.1559659907521693,52.212629613660674,1415.5022921506315,1.1471882748888167,51.77957887377305,1405.8141378224996,-0.008777715863352631,-0.43305073988762643,-9.688154328131986
838,Hidden Test,Lightning,1425.64523286419,1105.4550003027543,465.58346124365926,114.53361941501498,19.604891850147396,0.8593647881736979,9,184.32803863239215,45,25,1.2369659743949635,52.23782282672391,1425.64523286419,1.2403877261861433,53.119512359665656,1429.5148508377197,0.0034217517911798723,0.8816895329417491,3.8696179735297846
839,Hidden Test,Lightning,1474.9408073024824,958.3032287773676,710.1998955011368,220.92888677259907,26.855949523858726,0.8363740338361823,9,195.9438065895254,35,25,1.1583166774905003,52.269609686323136,1474.9408073024824,1.1488847747091087,53.24050353158382,1453.8860497288808,-0.00943190278139161,0.970893845260683,-21.05475757360159
840,Hidden Test,Lightning,1496.697890467476,780.0091435201466,364.1920334659517,260.5825639748946,8.11592280631885,0.8587358104530722,9,193.6564931649432,55,25,1.1950006799564603,52.19404090480934,1496.697890467476,1.1875431240487382,52.0415946496706,1511.2905935143392,-0.007457555907722124,-0.15244625513874155,14.592703046863107
841,Train,Lightning,1485.9054828062654,1073.105943982955,580.6784065440297,123.1749313720502,13.425996845588088,0.8173410388198682,10,181.79748871434563,40,25,1.2551215063789682,52.282858195589,1485.9054828062654,1.2729227956848936,53.43890839613464,1487.9319260127577,0.017801289305925394,1.1560502005456428,2.0264432064923312
842,Train,Lightning,1450.955871550832,1065.8478260273114,722.9614109732211,134.3921187054366,16.835654084105045,0.8482522193016485,9,190.05823432319576,40,25,1.250045868271201,52.274875171388445,1450.955871550832,1.2622380694482094,53.14527870780891,1438.4098044216025,0.012192201177008366,0.8704035364204685,-12.546067129229414
843,Train,Lightning,1432.7865461586043,1081.671002751682,368.03041584789753,187.72900673327968,24.18757408950478,0.8439471810939723,9,188.63562636985372,45,25,1.2258231837817906,52.23031633907003,1432.7865461586043,1.2196718677740446,52.05333249416767,1420.1193752411034,-0.006151316007745988,-0.17698384490235952,-12.667170917500925
844,Train,Lightning,1468.9637655741535,804.9775598105043,489.19246895238757,229.25635128747672,28.868652674835175,0.8068225127086044,10,182.067771094123,40,25,1.1585523593217144,52.23893362034372,1468.9637655741535,1.152224496164222,50.96243883537462,1460.7451960794363,-0.006327863157492342,-1.2764947849691026,-8.218569494717258
845,Train,Lightning,1499.6549227740616,1231.5429932321422,506.46394696086645,233.58889085473493,17.46589343622327,0.8519354429864325,9,195.58797104222268,35,25,1.1470792816687339,52.282421079956116,1499.6549227740616,1.162471332546419,52.71058126194675,1496.2644512906925,0.015392050877685248,0.4281601819906342,-3.390471483369083
846,Train,Lightning,1417.0211644959636,1203.385638887994,678.6241357214749,319.96186070144176,14.617693329695612,0.8192189767910167,9,192.1913438478267,35,25,1.25147480964506,52.318342427235855,1417.0211644959636,1.26034948804865,52.55452492148522,1412.0213736924675,0.00887467840359002,0.23618249424936266,-4.999790803496126
847,Train,Lightning,1434.9231666186824,900.4133527283557,374.2426760494709,226.73652168130502,22.763633935712278,0.799451071897056,9,199.43172635161108,50,25,1.2293675742608876,52.209104633430336,1434.9231666186824,1.2256970659680584,53.007591108035506,1437.670393098157,-0.003670508292829222,0.7984864746051699,2.747226479474648
848,Train,Lightning,1364.5051076891832,1249.0749789401889,524.0089847706258,329.87657193560153,17.67279283097014,0.8558014826383442,8,199.30222361302768,40,25,1.233734616003252,52.266470330240594,1364.5051076891832,1.2582821264658575,52.62323214918972,1352.6566479133223,0.024547510462605393,0.3567618189491242,-11.848459775860874
849,Train,Lightning,1376.6684697009623,1119.7364908992313,525.9742924943566,144.77584881940857,14.932034494355321,0.8278961297054775,9,184.761297718016,40,25,1.1597980989117858,52.2541816281278,1376.6684697009623,1.1706606512577267,53.60280703767551,1378.293582464038,0.010862552345940912,1.348625409547708,1.6251127630757765
850,Train,Lightning,1395.9274816908874,1149.7774542542174,577.991805318743,176.35960613377392,10.852679566014558,0.833425822951831,9,186.10300910987505,40,25,1.2060520370838268,52.27190129338532,1395.9274816908874,1.2262007057259483,52.642642419919525,1399.0976294021868,0.020148668642121503,0.370741126534206,3.170147711299478
851,Train,Lightning,1350.89192034211,1072.8431358584203,580.2516426891088,148.73392377747223,20.62735673505813,0.8541547392006033,8,197.69426111339018,45,25,1.1969078171248804,52.224733458142246,1350.89192034211,1.1926325512553582,52.66611489648722,1345.4564624881375,-0.0042752658695222046,0.4413814383449761,-5.4354578539725935
852,Train,Lightning,1436.4712712704204,938.9602339360863,434.20716701075435,223.18485313560814,14.748063638340682,0.8085216959007084,9,197.40709474993182,45,25,1.1532064235172366,52.2239112252178,1436.4712712704204,1.1523998869063916,53.04427153558826,1436.7988052711291,-0.0008065366108449545,0.8203603103704609,0.32753400070873795
853,Train,Lightning,1474.470602022484,1095.0472410651855,357.61736016720533,193.03719162242487,11.555403277277946,0.8499251115159132,9,192.75823795720348,45,25,1.1711170960877544,52.231606052050886,1474.470602022484,1.169977273755732,53.37535820548524,1475.2673515294446,-0.0011398223320224776,1.143752153434356,0.796749506960623
854,Train,Lightning,1392.7085426752456,1130.4290724685416,384.0276193805039,278.485326487571,16.543807125184685,0.8337453654920682,9,185.6027032177308,40,25,1.1699213593637612,52.25456448420913,1392.7085426752456,1.1684460737562412,52.99474898528232,1394.5746157592052,-0.0014752856075199716,0.7401845010731876,1.8660730839596908
855,Validation,Lightning,1408.9634214760736,923.0181815219112,622.0258101820946,240.07533756783232,26.504823858849704,0.8190409229299985,9,191.14001131357313,40,25,1.2172405990564734,52.25334473141671,1408.9634214760736,1.2103536215238728,52.10613937306563,1394.251184317164,-0.006886977532600591,-0.14720535835107995,-14.712237158909602
856,Validation,Lightning,1414.646399288904,960.4750878177583,595.5347917042673,138.49295912776142,12.559203465934843,0.8324538246262819,9,188.81880124088283,45,25,1.2090794660367468,52.239215355116464,1414.646399288904,1.2216806216938834,51.47373173307684,1420.2408450020175,0.012601155657136598,-0.7654836220396248,5.5944457131136005
857,Validation,Lightning,1392.6327265799046,923.3559834188782,640.3043018653989,119.05605763429776,16.214863596484065,0.837795468766708,9,184.6954004749784,45,25,1.2188196731012182,52.237377545769576,1392.6327265799046,1.2178353901629198,52.060186346577204,1388.4449291205772,-0.000984282938298442,-0.17719119919237158,-4.187797459327385
858,Hidden Test,Lightning,1445.5498843104579,845.2322634169832,711.0512838698924,194.19420107267797,22.21705934079364,0.8023859588848428,10,180.15642825049997,35,25,1.1480412328948248,52.27827026990329,1445.5498843104579,1.137850648879275,51.289844657955264,1438.4780233993495,-0.010190584015549842,-0.9884256119480241,-7.071860911108388
859,Hidden Test,Lightning,1472.9168214602396,1066.4889719919302,663.5686460882425,170.66076314775273,22.590004556812346,0.8107722565042786,10,181.668379701454,35,25,1.2383954356020077,52.304299459547735,1472.9168214602396,1.2356760980244708,51.90715469339093,1459.5941421962993,-0.002719337577536951,-0.3971447661568064,-13.322679263940245
860,Hidden Test,Lightning,1451.5279144397937,977.836738480255,534.961863886565,168.07060855906457,11.408131774049252,0.8082467559725046,9,199.54410975413285,45,25,1.194210298216664,52.237089531713615,1451.5279144397937,1.2030307175406536,52.95348372267699,1455.5041344011645,0.008820419323989581,0.7163941909633778,3.9762199613708162
861,Train,Lightning,1492.0084081124514,1167.3354879836552,477.12626215070486,164.9584944662638,16.537623684853315,0.8449103095778264,9,196.20865094583675,40,25,1.179827979359999,52.25713385163935,1492.0084081124514,1.1889469591646022,52.5705522512961,1494.6902689006881,0.009118979804603189,0.3134183996567472,2.6818607882366905
862,Train,Lightning,1398.0148129281588,998.2309042243287,749.5681126601994,84.47056721895933,23.83270757133141,0.8242480276105926,9,188.45659802734312,40,25,1.2320305631952047,52.260696634901336,1398.0148129281588,1.236821854072036,53.08508923640253,1391.8228468581808,0.004791290876831278,0.8243926015011951,-6.19196606997798
863,Train,Lightning,1441.035780706443,679.259213723708,686.1031614243984,210.7482099509798,27.640337011776865,0.8318664377345704,9,192.47691634393044,45,25,1.2000424123204345,52.22075504298157,1441.035780706443,1.187674278386916,52.02201564108877,1423.9931588215748,-0.012368133933518433,-0.19873940189280148,-17.04262188486814
864,Train,Lightning,1424.4108697283082,766.1604017019272,378.3612816594541,177.98836999107152,21.250721575226635,0.8489384075533599,9,186.43033818010943,55,25,1.1794711262033113,52.18121238006898,1424.4108697283082,1.1683345894697885,51.75959260852337,1426.484927155345,-0.011136536733522773,-0.4216197715456076,2.074057427036905
865,Train,Lightning,1365.4822706244886,868.3261654688977,727.8592610731721,255.60313182184473,17.857121938839555,0.8125550891761668,9,186.71995820669335,40,25,1.212428165166707,52.26374013096289,1365.4822706244886,1.2093878991154314,52.83855599900557,1364.7138897912444,-0.0030402660512756086,0.574815868042684,-0.7683808332442368
866,Train,Lightning,1395.6355908536352,1108.1953200744465,638.3637540973723,312.6350735966116,26.030794598627836,0.8077315612742678,9,191.98286737901128,35,25,1.243839482641415,52.29607984749079,1395.6355908536352,1.2552432053976736,52.19712360416833,1379.4441977861636,0.011403722756258672,-0.0989562433224549,-16.19139306747161
867,Train,Lightning,1372.7899871533737,1201.3655492686667,654.2096059769392,198.00997116370127,17.35160626936704,0.8524241340975277,9,178.9393503696456,35,25,1.1897333044572516,52.295205260835374,1372.7899871533737,1.19552893924866,53.98491699059965,1370.9566083022214,0.005795634791408544,1.6897117297642765,-1.833378851152247
868,Train,Lightning,1389.571908430662,670.593222277239,711.0801252536476,198.69688553269953,29.33193127019331,0.7902895897440613,9,195.36747126394528,45,25,1.2106661618981571,52.221419228590435,1389.571908430662,1.2010021725826958,52.112973156757604,1371.8534773648587,-0.009663989315461308,-0.10844607183283017,-17.718431065803316
869,Train,Lightning,1384.4513206277043,1119.4714432465844,631.5472019836307,111.75561997340992,15.24708453565836,0.8109370386064985,9,189.6915755365236,40,25,1.2050729208017037,52.26545307730188,1384.4513206277043,1.2169591227433008,53.72354402217376,1377.3159229326554,0.011886201941597063,1.4580909448718842,-7.135397695048823
870,Train,Lightning,1496.7136073042639,1044.6360781555995,640.1145425625145,207.1162866614759,12.054352401290089,0.8222135315975174,10,182.03466007135987,35,25,1.1754952232403666,52.30276594170352,1496.7136073042639,1.1881006185891576,53.19818806320345,1496.531349308235,0.012605395348791015,0.8954221214999336,-0.18225799602896586
871,Train,Lightning,1486.170971696265,1128.9826598134823,390.16628861427307,258.7392887636088,14.480869042687118,0.8082533723837696,10,183.87439167907502,40,25,1.2609387726030856,52.283019137093405,1486.170971696265,1.2787640649547392,53.803669053531436,1483.2436875344952,0.017825292351653532,1.5206499164380318,-2.927284161769876
872,Train,Lightning,1372.1465834300034,717.8407632745802,657.6515710912645,221.1236725980416,24.733045858796686,0.8102096648607403,9,188.17441719660022,45,25,1.2006041399162848,52.223952350885845,1372.1465834300034,1.1933632969387171,51.18367429954793,1369.3918827041623,-0.007240842977567663,-1.0402780513379142,-2.754700725841076
873,Train,Lightning,1482.7574422582984,890.2691569528542,640.4130043461919,205.30408386373892,15.850504925474524,0.805605452817399,10,184.05504047579782,40,25,1.2396017131695096,52.275759616974455,1482.7574422582984,1.238029330545984,51.46171033739644,1479.9043367878833,-0.0015723826235256588,-0.8140492795780148,-2.85310547041513
874,Train,Lightning,1374.6722836629488,896.2884847307578,376.7634750343859,184.81800022535026,29.194104303140193,0.8589139812858776,9,177.83080515556412,50,25,1.2235453565526837,52.20231837351152,1374.6722836629488,1.2233762945448026,52.01638241285423,1371.7600577549028,-0.0001690620078811378,-0.18593596065728946,-2.9122259080459116
875,Validation,Lightning,1456.1509704915807,1161.4600083441474,487.7435225993395,99.61365918396041,28.686175392009318,0.8577341627213173,9,188.63018323010445,40,25,1.2063144754139432,52.247684320370624,1456.1509704915807,1.192930295749551,53.99652282359646,1440.1597980304678,-0.013384179664392315,1.7488385032258336,-15.99117246111291
876,Validation,Lightning,1412.7937859273516,868.3673234190792,486.89743084833026,136.56875378917903,22.424777525942773,0.8027427532151342,9,195.5509242488192,50,25,1.220714538635593,52.207614139743725,1412.7937859273516,1.2084520172071787,51.03196128001765,1407.9492530652,-0.012262521428414441,-1.1756528597260782,-4.844532862151482
877,Validation,Lightning,1427.2898142691702,875.1952077145688,446.34786155074835,279.17184283258393,14.222295198589563,0.8253465881221929,9,192.14686220710462,45,25,1.1536230505575638,52.22459147266886,1427.2898142691702,1.151080187434984,51.59007233464474,1437.063929945593,-0.002542863122579675,-0.6345191380241246,9.774115676422753
878,Hidden Test,Lightning,1426.8064631265588,1091.5990353329107,680.9118126519024,254.61349815130234,16.098401496652514,0.7993695347709582,9,198.32385969516713,35,25,1.1681913327326099,52.29107936367127,1426.8064631265588,1.186496983289305,53.4693247650502,1412.0854766945508,0.018305650556695197,1.1782454013789305,-14.720986432007976
879,Hidden Test,Lightning,1482.2335841367021,782.1964734350331,496.70069590210915,248.9210296026431,15.551837279461324,0.8572671069740319,9,192.11354211520262,50,25,1.2181642246451299,52.213225052669685,1482.2335841367021,1.2311491032437512,51.40461328469726,1496.746549502356,0.012984878598621297,-0.8086117679724225,14.512965365653827
880,Hidden Test,Lightning,1479.7410335275345,1160.0513326004148,748.6713155172765,121.1803649039939,12.919975602533668,0.8395832360442728,9,195.83010157110655,35,25,1.1502687668933933,52.2915126273054,1479.7410335275345,1.1642335399294472,53.061364638712014,1468.7495629040338,0.013964773036053924,0.7698520114066127,-10.991470623500618
881,Train,Lightning,1461.9759988971055,751.5557350008748,481.2286237254739,217.0836459682323,26.90435932762921,0.8151469190348871,9,199.27914080514566,50,25,1.2079517203978847,52.201070668632,1461.9759988971055,1.1864947835075046,51.941151338279205,1451.517986235918,-0.021456936890380085,-0.259919330352794,-10.458012661187468
882,Train,Lightning,1391.7720347293653,953.2450680853799,719.4763072766364,232.99802017398179,15.79214394139126,0.8332330808276311,9,185.5919318980351,40,25,1.2338976863745705,52.27214929674894,1391.7720347293653,1.246146190675548,51.75316525193523,1392.6497235173422,0.012248504300977459,-0.5189840448137133,0.877688787976922
883,Train,Lightning,1480.5649837246165,664.7591236629523,709.236466512084,188.65513485623524,29.76799399871379,0.8326497415150516,9,197.5707337811892,45,25,1.2005678268786377,52.2186563143005,1480.5649837246165,1.1911218944058934,52.07117632734737,1474.9682393298915,-0.009445932472744278,-0.1474799869531367,-5.596744394724965
884,Train,Lightning,1492.304367700126,656.5770755056292,448.4924244694412,328.2919910689816,11.119695901405066,0.7995893053151667,10,186.63385787931696,50,25,1.2424145122151105,52.223329878323376,1492.304367700126,1.2475260377387978,52.13415159754127,1504.501336725429,0.005111525523687321,-0.08917828078210732,12.196969025302906
885,Train,Lightning,1499.3804526049644,744.2240550997667,472.31330554932356,110.84167308406904,11.951838284730911,0.8053185044811108,10,186.1847758696489,50,25,1.1571850730195368,52.20496841759426,1499.3804526049644,1.164983279311332,52.607291784916036,1511.8065932494762,0.007798206291795173,0.4023233673217774,12.426140644511861
886,Train,Lightning,1465.6595417414792,1181.2188701471314,745.8620530553162,316.4306808449328,15.748435637447983,0.8346183770662174,9,195.12038635662262,30,25,1.1267987573160905,52.324819546861086,1465.6595417414792,1.1412563140382965,53.53398048157676,1456.0773148859432,0.014457556722206055,1.2091609347156762,-9.582226855535964
887,Train,Lightning,1393.5744137736037,758.1523826462217,379.6420827507973,131.38622497906908,26.933224479667842,0.8112243643752299,9,190.87395340948956,55,25,1.1571893822060622,52.17289699914689,1393.5744137736037,1.1529263101310356,52.19369144755673,1396.3941881699745,-0.004263072075026519,0.020794448409837685,2.8197743963708035
888,Train,Lightning,1439.4766106153838,776.3439933769405,466.31995951756835,314.4019809970632,9.446379428263754,0.8342633104044944,9,191.71626467234114,50,25,1.2131645882782993,52.21778550574204,1439.4766106153838,1.2138746982854316,52.54164484675114,1451.9072899571738,0.0007101100071322808,0.3238593410090971,12.430679341789983
889,Train,Lightning,1421.6292086988688,1007.4186152196489,733.9647190645337,185.26755132013932,10.629277033731341,0.8553802133840509,9,184.66501620562997,40,25,1.21837956430729,52.27541303933785,1421.6292086988688,1.2361005794291844,52.11157245858812,1417.8612327932917,0.01772101512189428,-0.16384058074972785,-3.767975905577032
890,Train,Lightning,1493.995524442289,971.5074872830883,536.9009629823267,217.39709160290658,25.85672427387908,0.7937083262996748,10,188.22979108804407,35,25,1.1526796558095391,52.27399581012868,1493.995524442289,1.1444174720054467,51.439106065883244,1472.219173894263,-0.008262183804092382,-0.8348897442454373,-21.77635054802613
891,Train,Lightning,1447.6127420319244,967.6438347087242,508.4078285843134,258.3134333672933,27.94895646814257,0.8471410967665725,9,189.8690322541276,40,25,1.1938151551193574,52.24543087769676,1447.6127420319244,1.186101594613104,51.3409076708916,1436.7635317720083,-0.007713560506253492,-0.904523206805159,-10.849210259916163
892,Train,Lightning,1464.6777313551866,1190.174813894555,525.7181639783084,187.07698937039822,19.85789046762511,0.8546676516532898,9,190.41550225489905,40,25,1.2539378413557842,52.2717205921424,1464.6777313551866,1.265412655279775,53.38455093258508,1460.9562884354302,0.011474813923990856,1.1128303404426774,-3.7214429197563277
893,Train,Lightning,1489.8794818203896,946.1782132158987,376.9522314891219,303.46663736971095,17.995463397353888,0.808788559625391,10,184.21124583048768,40,25,1.1767390613954203,52.25680794446944,1489.8794818203896,1.1671078726932989,52.547224764852935,1484.0577172245717,-0.00963118870212143,0.29041682038349137,-5.821764595817967
894,Train,Lightning,1354.515347268898,789.8994865594432,470.805870462209,133.7239359691739,20.631175252143294,0.8478456747857854,8,199.69957203755368,60,25,1.2041605185271502,52.16826790000852,1354.515347268898,1.1948898911537473,50.80648678841342,1356.1897354443486,-0.009270627373402895,-1.3617811115951,1.674388175450531
895,Validation,Lightning,1376.557806157507,1110.0529211689718,622.0325939357281,297.40503556793556,23.474422580562532,0.8295799289806747,9,184.37146561485477,35,25,1.2132453935340637,52.29144831411363,1376.557806157507,1.2199084126998994,53.52053973953459,1364.88808500271,0.006663019165835671,1.229091425420961,-11.669721154796889
896,Validation,Lightning,1375.2610714989714,688.6037591844797,519.6619867347181,275.5604973481968,20.836164043750614,0.8127449707966298,9,188.01320366502054,50,25,1.2078909616637736,52.206365606981464,1375.2610714989714,1.1972802628104975,51.583773163069445,1383.3851780058721,-0.010610698853276146,-0.6225924439120192,8.124106506900716
897,Validation,Lightning,1449.0529443137348,762.6907329424284,716.581648029387,87.57081533083692,18.595688799396157,0.8221118963812478,9,195.84424384349364,45,25,1.1516006904949976,52.219310025383486,1449.0529443137348,1.156662784911762,51.05011882029835,1450.724430623322,0.005062094416764529,-1.1691912050851343,1.6714863095871806
898,Hidden Test,Lightning,1483.0512603395618,1182.9499221639708,702.3902558721602,133.17674786783755,15.503030084539205,0.8038248823443428,10,184.4992974109318,35,25,1.2689232306520477,52.32470805741286,1483.0512603395618,1.272384710815509,52.44625806119174,1472.7815086647183,0.0034614801634613723,0.12155000377887859,-10.26975167484352
899,Hidden Test,Lightning,1416.8553072726354,884.908777254168,679.7865699976683,133.03284869296476,13.41091323364526,0.8012755006621592,9,196.4722088028916,45,25,1.2154185647476217,52.23971826895269,1416.8553072726354,1.2241622726931782,52.23469772149079,1413.240732145645,0.008743707945556567,-0.005020547461903391,-3.614575126990303
900,Hidden Test,Lightning,1472.8691800846718,632.0260819513351,699.2333712987602,187.36766119953245,26.94421275658533,0.8375113882683218,9,195.40287262110428,45,25,1.1577022861239332,52.21179193282055,1472.8691800846718,1.1408667926425546,51.41057661114859,1455.8099381223858,-0.016835493481378583,-0.8012153216719611,-17.059241962286023
901,Train,Lightning,1452.0514244679362,1175.131645228248,660.903219692409,252.61606018291786,12.980180881917477,0.8497417198331095,9,189.86833692806238,35,25,1.1816274109716247,52.300672895496774,1452.0514244679362,1.1930788884967827,52.878377210614644,1447.1579046546146,0.01145147752515796,0.5777043151178702,-4.893519813321518
902,Train,Lightning,1482.379445352126,1170.6347543513402,391.8035981245339,97.87214307114482,24.540699167642742,0.81060391434934,10,182.87346250258494,40,25,1.2305122792202223,52.26264879335352,1482.379445352126,1.2207757775803165,53.25014863395132,1480.9304345844505,-0.009736501639905804,0.987499840597799,-1.4490107676754178
903,Train,Lightning,1466.9640003936365,765.3834596392699,538.6770695447922,201.00702145835385,9.884076449088752,0.8521883654571138,9,191.267572582156,50,25,1.1760159019988898,52.209677657833915,1466.9640003936365,1.1904782318830534,50.900621595320764,1481.9736967047454,0.014462329884163516,-1.3090560625131502,15.009696311108883
904,Train,Lightning,1388.2330079446547,959.4901797361672,531.4581698738039,176.64773906115443,20.04524299269542,0.794091537380591,9,194.24474979629798,45,25,1.2268553873230248,52.235019920126035,1388.2330079446547,1.2301801104061862,52.55333386966736,1378.0251978920712,0.0033247230831614516,0.3183139495413272,-10.207810052583454
905,Train,Lightning,1365.1737766340375,669.1685244790278,560.2477760985494,313.71101688826457,20.26745799742639,0.8527348322537728,9,177.88176282262876,50,25,1.2501482787589682,52.215612126975856,1365.1737766340375,1.2430635808824355,51.889000024631585,1369.2081491834965,-0.007084697876532653,-0.32661210234427074,4.034372549459022
906,Train,Lightning,1391.369795857463,1227.7259715134278,643.0323512293398,185.53575376980007,26.441338930744678,0.7991547055961564,9,193.45020795295946,35,25,1.2446660090999242,52.29562765388022,1391.369795857463,1.244919550374499,54.13685381626944,1371.2213809488114,0.0002535412745747756,1.8412261623892263,-20.148414908651603
907,Train,Lightning,1441.6739317355677,975.4068146110512,707.8674722462893,235.41746484814212,13.693014533258975,0.7906664900365286,10,182.33654137396957,35,25,1.200369345180986,52.30741334598298,1441.6739317355677,1.2164621884615778,53.50431203999613,1447.276295189501,0.016092843280591795,1.19689869401315,5.602363453933322
908,Train,Lightning,1441.508211416658,994.4135372992605,532.5336824171245,312.5953458203003,14.777630511205643,0.8110641453787685,9,197.478312854647,40,25,1.1885377501068146,52.2618306745313,1441.508211416658,1.186845403275956,53.33343313136813,1442.4757869266218,-0.0016923468308587264,1.0716024568368283,0.9675755099638081
909,Train,Lightning,1353.9526732172817,854.7878309036605,699.3409832939506,139.15284511866048,25.471355576068163,0.8578801144682803,8,197.2817428657369,45,25,1.1563045848486715,52.20968883798123,1353.9526732172817,1.1565678006145286,52.18633088606547,1338.4157447941564,0.0002632157658570833,-0.023357951915762953,-15.536928423125346
910,Train,Lightning,1379.2821819079109,1073.4186653746292,508.41654585674405,327.13711626827717,27.137663359288126,0.8036710460437462,9,190.69192118090018,35,25,1.1703184608015242,52.27265651016538,1379.2821819079109,1.1609780933491873,53.64489784987859,1356.6969205568885,-0.009340367452336906,1.3722413397132058,-22.585261351022382
911,Train,Lightning,1389.2664728919044,1081.8692368571647,623.7992949783802,246.18817340349779,23.694927631877363,0.7919407374947333,9,194.91728878697873,35,25,1.1733395115897605,52.27934325676439,1389.2664728919044,1.1872177766108494,53.32684313637788,1371.9836826574247,0.01387826502108891,1.0474998796134898,-17.282790234479762
912,Train,Lightning,1486.7423154297285,1198.0037471279502,682.6968207024038,248.69178612250835,8.379505404736847,0.8390869113709778,9,196.87303944879153,35,25,1.1743855413600437,52.3070255027901,1486.7423154297285,1.1891782792054482,52.0068489549011,1473.5137271601357,0.014792737845404469,-0.30017654788899506,-13.22858826959282
913,Train,Lightning,1436.1300685442984,763.6002083658241,713.2457265630364,134.6465796069242,21.810474367812276,0.8505836576898582,9,187.60060362482997,45,25,1.1970841384715294,52.22627197032899,1436.1300685442984,1.1996592133352855,52.12254168813521,1429.1134678639032,0.002575074863756077,-0.10373028219378,-7.016600680395186
914,Train,Lightning,1367.5529490807094,851.2413093121722,715.4320158995688,92.93276180513203,26.863739893306047,0.7958526384318247,9,190.9277174415637,45,25,1.253313438493412,52.233774079118106,1367.5529490807094,1.2541898432290117,52.47033923665872,1362.2948866693562,0.0008764047355998006,0.23656515754061047,-5.258062411353194
915,Validation,Lightning,1476.9849018892273,943.3185688802041,377.267387136817,168.75068713678047,12.094054159708321,0.811298085122835,10,182.05206310398276,45,25,1.1739997037760217,52.23302757342639,1476.9849018892273,1.1861163237934989,52.12984834434298,1484.046081385415,0.012116620017477153,-0.10317922908340904,7.061179496187606
916,Validation,Lightning,1386.5664859651588,883.6658580694348,728.9828973822296,206.05771550443023,10.456696435343474,0.8212694311328232,9,187.59123016731542,40,25,1.1524466553474857,52.25858180648383,1386.5664859651588,1.171442008775178,53.043565018958844,1382.703808646137,0.01899535342769232,0.7849832124750122,-3.8626773190217136
917,Validation,Lightning,1475.9900846052915,734.2805478605442,708.3826182410121,156.284256123472,17.71880055963993,0.8526660047308542,9,192.33662111490352,45,25,1.1692150295867698,52.22431587681043,1475.9900846052915,1.1749725310614525,50.86600231687094,1478.755476938069,0.00575750147468268,-1.3583135599394893,2.7653923327775374
918,Hidden Test,Lightning,1368.9154018764384,793.7804898014292,671.9882500357926,321.4487604983151,13.023519700858742,0.851484077773057,9,178.63130420172507,40,25,1.1475112213557304,52.25367188873981,1368.9154018764384,1.1629093549832747,52.73840005983552,1372.95595147728,0.015398133627544386,0.48472817109571054,4.040549600841587
919,Hidden Test,Lightning,1387.7842811169103,669.0573910367675,723.6982509493828,189.7429440706037,24.103658105246723,0.8367763265571557,9,184.27654865891097,45,25,1.188082778348318,52.2217510920309,1387.7842811169103,1.1746275562039792,50.74862509744717,1377.5981005084411,-0.013455222144338919,-1.4731259945837323,-10.186180608469158
920,Hidden Test,Lightning,1450.7056618924253,718.1773020885885,582.125040050596,96.69837965164334,23.787784745451063,0.8332629187870771,9,193.44376709175972,50,25,1.1549352381977036,52.19282733754523,1450.7056618924253,1.1352499726912162,52.45367460485001,1457.8088235092291,-0.019685265506487415,0.2608472673047757,7.103161616803845
921,Train,Lightning,1481.7680686712265,946.2990666157566,569.8786305263638,312.4400530778803,15.776247767731547,0.8536652505886742,9,192.86353334107412,40,25,1.187326374305118,52.260127222703055,1481.7680686712265,1.2005027706257956,52.549069103690385,1476.280185545275,0.013176396320677686,0.28894188098733053,-5.487883125951612
922,Train,Lightning,1421.1980214924552,1129.2513409862295,406.4918682910502,218.43396841548383,17.70585232647136,0.8060275027202443,9,195.91253492468869,40,25,1.1527174659157895,52.24852007643174,1421.1980214924552,1.1472166992339003,53.19816031483549,1418.4239300987383,-0.0055007666818891465,0.9496402384037523,-2.7740913937168443
923,Train,Lightning,1408.8293821318075,655.0469522015192,707.8814867883921,315.1397734018974,15.94981321040541,0.85372400830267,9,183.35738071354376,45,25,1.2143923815994093,52.23665278601719,1408.8293821318075,1.2286242969113461,52.24163163950979,1411.1261396033567,0.014231915311936794,0.004978853492602298,2.296757471549199
924,Train,Lightning,1359.4007961801253,797.9116491507739,713.8442303054035,274.9226817814633,28.760016943793744,0.848535475358367,9,178.0061497665861,40,25,1.229662190992422,52.253587854660985,1359.4007961801253,1.2189592206774933,51.71687088526918,1336.8811751739026,-0.010702970314928617,-0.5367169693918044,-22.51962100622268
925,Train,Lightning,1355.3545727860183,624.5996528188698,436.4938532933593,127.23769874544814,20.277870904654264,0.84173975240672,9,178.90916058222928,65,25,1.2311747154995518,52.16029054311743,1355.3545727860183,1.2105676449187057,50.71570896100245,1359.7187661952892,-0.0206070705808461,-1.444581582114985,4.364193409270911
926,Train,Lightning,1380.6441679713316,899.4449323741719,398.92572360113263,195.31522776931524,20.189734714571387,0.8134476688085124,9,188.58608049989024,50,25,1.2125511684224233,52.20790297142287,1380.6441679713316,1.2129549444140824,52.68310627986319,1384.3465441564983,0.0004037759916590833,0.4752033084403209,3.702376185166713
927,Train,Lightning,1379.7094073379412,975.5239910562523,734.4043634831905,309.7212792909704,18.68573402520269,0.8110693506314419,9,189.01102000762543,35,25,1.1797859653441216,52.28991386915501,1379.7094073379412,1.1976047318132659,52.64222403390013,1373.1741653581787,0.017818766469144265,0.3523101647451199,-6.535241979762532
928,Train,Lightning,1380.336956481915,850.8924402296543,560.7799678109586,217.71732815075666,29.52982756635174,0.8518016542028636,9,180.05456104210438,45,25,1.244974367596226,52.22906259461564,1380.336956481915,1.2362843865540987,51.17495561873403,1366.1915910433006,-0.00868998104212726,-1.0541069758816093,-14.145365438614363
929,Train,Lightning,1381.0130051337183,850.3817259683274,624.3763769045472,100.74639411875978,25.66050192154944,0.8477641988103278,9,181.0006717370626,45,25,1.1905305852437738,52.22066053869342,1381.0130051337183,1.1968004674675756,51.598197309091816,1374.4166196469378,0.00626988222380187,-0.6224632296016068,-6.596385486780491
930,Train,Lightning,1477.0970167242922,1021.0838596569374,359.19362837448716,279.18577023781836,8.28354460792616,0.8099881935724988,10,182.36031443982807,40,25,1.1509396278462918,52.26250200949514,1477.0970167242922,1.1474393158442167,51.90429125930745,1486.518921211586,-0.0035003120020751233,-0.35821075018768767,9.421904487293887
931,Train,Lightning,1355.8382585411891,871.7366980039515,615.0395136326551,199.28536527557299,10.785403837449849,0.8266419028560631,9,182.241784348182,45,25,1.1946664617901406,52.237899151380034,1355.8382585411891,1.2008848633300766,51.8689125501776,1358.888437466404,0.006218401539936025,-0.36898660120243676,3.050178925214823
932,Train,Lightning,1475.1710350974463,827.9583484400064,641.3115593604743,247.35730168875307,27.501720912288874,0.8510750733129681,9,192.58922970280776,40,25,1.1807879630498572,52.24266509763961,1475.1710350974463,1.1663559741319043,52.91875019317907,1452.430565784317,-0.014431988917952943,0.676085095539463,-22.740469313129324
933,Train,Lightning,1477.3297032807022,1075.6418628501706,580.8953000232577,263.5615013842471,9.505557425320148,0.7937127886177041,10,186.12900339599614,35,25,1.177627629221471,52.30765709358264,1477.3297032807022,1.1881139361089768,51.8695650247663,1473.9385904623364,0.010486306887505847,-0.43809206881633855,-3.3911128183658548
934,Train,Lightning,1420.893479429651,835.1172886556014,508.9807060547173,238.85807340964675,11.842008321080357,0.8221177235385403,9,192.03703891752926,50,25,1.2433122575967874,52.221822424921605,1420.893479429651,1.243142900340102,52.942547292855586,1430.9411854929826,-0.00016935725668543178,0.7207248679339813,10.047706063331589
935,Validation,Lightning,1430.0091023789719,1191.7060677078553,624.3357539176941,89.51064930995926,9.985249477438629,0.8363906829780899,9,189.97091131931282,40,25,1.20212513585121,52.272123269030615,1430.0091023789719,1.2273169282046574,51.970890853008825,1430.4023284998432,0.025191792353447484,-0.3012324160217901,0.3932261208713044
936,Validation,Lightning,1429.252818308305,958.8209182955325,591.5200329385698,222.03391375485808,13.219262254890054,0.8463128244969994,9,187.6444077227685,40,25,1.1396301245769245,52.2513575508234,1429.252818308305,1.158000703638266,52.77712215341896,1436.9684687629972,0.01837057906134154,0.525764602595558,7.715650454692195
937,Validation,Lightning,1474.1151792928576,1051.6314391396008,549.8018624261022,135.92624802375212,25.336768170818686,0.7939232689258643,10,185.67476694407216,35,25,1.1567735965197483,52.27599754196637,1474.1151792928576,1.1516564745042963,52.14066058035828,1464.9337185083257,-0.0051171220154520025,-0.13533696160808972,-9.181460784531964
938,Hidden Test,Lightning,1438.8108593062498,950.9867023909464,623.3793676830828,134.012420354411,15.304652888793498,0.8553647730918601,9,186.90023050444384,45,25,1.2318235977550533,52.241378916120055,1438.8108593062498,1.23809332934579,52.86411527153312,1444.9401611662138,0.006269731590736738,0.6227363554130676,6.129301859964016
939,Hidden Test,Lightning,1492.5719826249406,1097.4188922555186,494.66203041374683,117.8760194289498,20.34261299762875,0.7998425517114811,10,186.6082242600342,40,25,1.243892098148377,52.27125004021852,1492.5719826249406,1.2469732353128848,52.205767493856015,1496.8174748928618,0.0030811371645078633,-0.06548254636250306,4.245492267921236
940,Hidden Test,Lightning,1425.6331650889479,1161.2961330916733,626.5406767837703,182.78168402146548,29.261928427498788,0.8301204294338823,9,190.82012608448844,35,25,1.215186813783723,52.28226868866087,1425.6331650889479,1.2070430502127245,54.007662063748654,1396.8165087148898,-0.008143763570998441,1.7253933750877835,-28.816656374058084
941,Train,Lightning,1413.4752867277712,1193.8865366275422,528.9687028154731,314.05069654108956,11.931580428034067,0.8253355825715699,9,190.28963848508255,35,25,1.1478646116607583,52.29260455806832,1413.4752867277712,1.1640724048573063,52.49507668493372,1415.116328952084,0.01620779319654808,0.20247212686540195,1.6410422243127414
942,Train,Lightning,1453.9099907618947,655.3936012787744,588.5309134609997,306.97241231799126,13.59949258947745,0.798259985218756,10,182.13489560841055,45,25,1.2269647941316109,52.243692892612756,1453.9099907618947,1.2386741578700384,50.963586578019104,1454.4368450034774,0.01170936373842757,-1.2801063145936524,0.5268542415826687
943,Train,Lightning,1448.2032293686643,668.3586449478753,581.9544889032841,167.54308003699407,25.979770227335393,0.8416445708810352,9,191.18696359130453,50,25,1.179897234868883,52.1960792301505,1448.2032293686643,1.177203642459588,50.882328448724444,1447.683101758131,-0.002693592409295009,-1.3137507814260587,-0.5201276105333363
944,Train,Lightning,1471.9530451926403,1154.4910604134202,433.5562034510076,257.48529848176986,10.241567784454674,0.8434860926028341,9,193.89808532592784,40,25,1.167411499775419,52.26276466478383,1471.9530451926403,1.1722137812305788,53.90607118489175,1471.1959846920013,0.004802281455159818,1.6433065201079202,-0.7570605006389997
945,Train,Lightning,1361.7710595019162,1068.986366072204,401.9572416320443,218.78422981360927,19.364979224279523,0.8002988749672659,9,189.06423616602203,45,25,1.2386456395836587,52.23847081306497,1361.7710595019162,1.239132599426527,52.924754204757384,1359.498696504032,0.0004869598428682842,0.6862833916924131,-2.272362997884102
946,Train,Lightning,1411.6186134167947,1067.6004064502195,731.5327593125403,149.13868454284966,19.25569984363392,0.793104564123787,9,197.7627159101629,35,25,1.1454093423823408,52.278784288258905,1411.6186134167947,1.151901952346625,52.868178051915315,1405.5821223601483,0.006492609964284135,0.5893937636564104,-6.036491056646355
947,Train,Lightning,1394.7354150703177,1042.7805047133006,733.4166701883078,284.60773882223293,8.482246202416718,0.7965340961958282,9,194.55614318910483,35,25,1.1389117973233018,52.29633100617239,1394.7354150703177,1.1437976743064941,53.68973825908083,1390.7537546786555,0.0048858769831923166,1.393407252908446,-3.981660391662217
948,Train,Lightning,1426.3071866123937,839.226825768128,402.6805388741195,185.24789558257908,13.492219537030905,0.847013001088053,9,187.10288518203157,55,25,1.2353472376383883,52.19752918395056,1426.3071866123937,1.2310787492502024,52.01365111418247,1431.1138878942813,-0.0042684883881858315,-0.18387806976808463,4.8067012818876265
949,Train,Lightning,1456.6859726328403,1050.696455675643,424.66318886727095,104.29780206875876,17.504483461380005,0.8330406103120186,9,194.29304520770174,45,25,1.1551067758655305,52.22130808736293,1456.6859726328403,1.16427636707181,52.843786066083524,1459.606189404015,0.00916959120627947,0.6224779787205961,2.920216771174637
950,Train,Lightning,1441.8987305019982,685.79581619706,678.861288446933,286.6120752133429,10.069010487291962,0.7927836297219619,10,181.87796473644244,40,25,1.1544001096919818,52.26108238541028,1441.8987305019982,1.1733914499065288,51.19620970570388,1450.5236798984306,0.01899134021454696,-1.0648726797064043,8.624949396432385
951,Train,Lightning,1457.0166074903682,1050.6367711466737,488.4228304028511,302.62718429556116,14.420177469961345,0.8125803543976509,9,199.23043092224736,40,25,1.1878998071898959,52.26216501208289,1457.0166074903682,1.2071769488527928,53.48839822288144,1458.8144720833568,0.019277141662896957,1.2262332107985543,1.797864592988617
952,Train,Lightning,1455.6760824169032,671.4791643433273,601.9832364283502,136.90193048212677,29.54704246437177,0.8156184212584049,9,198.30570609925977,50,25,1.1890805357517784,52.19491105835075,1455.6760824169032,1.187086668218094,50.86395613929569,1453.2225628302108,-0.001993867533684357,-1.3309549190550598,-2.453519586692437
953,Train,Lightning,1451.1193748563528,655.6528551853262,548.2901768758893,236.93220548564568,20.175062907859683,0.8083915471774527,9,199.45221676069428,50,25,1.172678905181065,52.19966847141449,1451.1193748563528,1.167909394805372,51.65678348615802,1447.488979026827,-0.004769510375693065,-0.542884985256471,-3.630395829525696
954,Train,Lightning,1484.8417016328312,681.5558655420318,399.5603279210627,142.0374975260347,10.163613420445472,0.840343244005926,9,196.3274084361811,65,25,1.2306933200790589,52.16572023926747,1484.8417016328312,1.2312800510109496,52.23864521049256,1503.0890011779368,0.0005867309318907665,0.07292497122508479,18.247299545105534
955,Validation,Lightning,1456.2676694942638,1154.5589201734401,743.8743863254786,240.82850395468995,18.961471267975867,0.8350412547844462,9,193.77188600635574,35,25,1.2446892661217308,52.30856439779498,1456.2676694942638,1.2441348719871126,52.453435158366155,1441.8867586273618,-0.0005543941346182191,0.1448707605711732,-14.380910866902013
956,Validation,Lightning,1448.020106961485,617.1178008895367,602.9045159928501,319.9438674328849,18.99610299943015,0.8521683423221111,9,188.80204180936977,50,25,1.2422839166749253,52.21511922728935,1448.020106961485,1.2482861705249213,51.91483448763497,1448.0810763693785,0.0060022538499959754,-0.30028473965437996,0.06096940789348082
957,Validation,Lightning,1453.1248431187123,881.2436056206934,359.90151818841696,216.86860242160037,9.712727066129446,0.8288603234686889,9,194.79556606883284,55,25,1.2455539747297428,52.20234079026252,1453.1248431187123,1.2377475658587416,52.288176766521836,1474.09493562631,-0.007806408871001258,0.08583597625931816,20.970092507597656
958,Hidden Test,Lightning,1394.5348199573345,1061.93193893414,389.44525020197034,142.19976488500834,18.79427463049069,0.8255498592881486,9,187.69104201919538,45,25,1.1706863733420716,52.22347848655574,1394.5348199573345,1.1780966243101076,52.66718098326993,1399.4855407074883,0.007410250968036047,0.44370249671418804,4.950720750153778
959,Hidden Test,Lightning,1382.9063557321206,977.8025503386743,715.2594856917858,104.90519307320938,19.045511580072343,0.8006791851087474,9,191.9074013734277,40,25,1.1862457293701043,52.25534804019799,1382.9063557321206,1.1989081308722687,52.69003245179446,1384.1618004272639,0.012662401502164355,0.4346844115964714,1.2554446951432965
960,Hidden Test,Lightning,1386.6294914740138,988.725907728076,562.3109280131757,168.67395028937608,13.818772689905018,0.8530164167564362,9,180.61779406656436,45,25,1.232296063215929,52.243145904311824,1386.6294914740138,1.2300300458642275,52.81779644304507,1388.8936316313113,-0.0022660173517015103,0.5746505387332448,2.264140157297561
961,Train,Lightning,1398.612208943814,1130.8437246247195,721.8000883236527,227.7775732637383,10.125535914674401,0.8436514007602819,9,184.20091095595652,35,25,1.159567538746007,52.29938970464512,1398.612208943814,1.1653102437562362,52.6369001457579,1392.3588919936765,0.005742705010229221,0.3375104411127765,-6.25331695013756
962,Train,Lightning,1373.5431236797012,831.1969860689715,452.5726997293532,153.40261922217906,12.732445590663701,0.800150938318111,9,190.73389197277098,55,25,1.2405719172640075,52.199091091660314,1373.5431236797012,1.2459016544981707,52.02523008035881,1382.242196265956,0.00532973723416319,-0.17386101130150422,8.699072586254715
963,Train,Lightning,1428.3069561934099,910.5614697211422,524.6657025068998,281.80780411465093,25.086162065155804,0.7998795418511145,9,198.4058406383378,40,25,1.1687285277212422,52.24272867868623,1428.3069561934099,1.1579391619766088,52.86860658986666,1414.61393786366,-0.010789365744633406,0.6258779111804316,-13.693018329749748
964,Train,Lightning,1432.8239090158604,827.7808908838779,467.4416425637901,232.82230114098638,16.784485034178942,0.8159159476123751,9,195.12139335331602,50,25,1.223712507345984,52.213260390833234,1432.8239090158604,1.228973349961887,51.0899523928726,1438.0482157210472,0.005260842615902872,-1.1233079979606373,5.224306705186791
965,Train,Lightning,1481.0320066753775,974.0599574404769,690.9863336011767,312.1029299055226,24.580782525241375,0.790720118007157,10,187.30167260800263,30,25,1.1489313588036947,52.3175411025291,1481.0320066753775,1.1621580602013313,52.9669578150393,1459.0489047186982,0.013226701397636598,0.6494167125102024,-21.98310195667932
966,Train,Lightning,1427.8501919587143,1146.7811908340082,636.2259444780648,289.1622124426067,11.580106033477932,0.8510554962744937,9,186.41560041999438,35,25,1.1642794837728736,52.29810300554864,1427.8501919587143,1.1810014206782375,52.20827354688618,1429.1460337680635,0.016721936905363943,-0.08982945866245728,1.2958418093492128
967,Train,Lightning,1418.464236636646,898.5571734723635,646.9958573579788,282.43498677155003,21.672815862111747,0.8314157448685728,9,189.5647735525934,40,25,1.2181934342276344,52.26002903164457,1418.464236636646,1.2155126530829552,51.165570241488794,1406.1318801669986,-0.0026807811446791785,-1.0944587901557767,-12.332356469647493
968,Train,Lightning,1400.5954188178293,707.9777543433011,549.9953634105623,190.44259706977755,10.015601692255586,0.7982736726943404,9,194.9478211860918,55,25,1.2388505466804356,52.20084422033387,1400.5954188178293,1.2361856577593746,52.48329930697548,1410.5624031032198,-0.0026648889210609816,0.2824550866416118,9.966984285390481
969,Train,Lightning,1449.7610935941339,902.1415435126983,599.9444039538503,82.1365448483266,20.437097555026412,0.8504586046305486,9,189.40906127333642,45,25,1.1721042333465186,52.2220198921142,1449.7610935941339,1.1595571624302536,51.4465164456956,1445.4547646137548,-0.012547070916264946,-0.7755034464185968,-4.306328980379021
970,Train,Lightning,1419.601675181184,876.4283433789387,375.66585252061486,297.2462909948081,24.855091099161655,0.8081533146323636,9,195.17771765414392,45,25,1.1690086883003907,52.216580915418994,1419.601675181184,1.1653576105932715,51.85525591843708,1416.8119418298072,-0.0036510777071192546,-0.36132499698191367,-2.7897333513767535
971,Train,Lightning,1480.0304258940741,730.3099619806744,745.6369627267122,148.63116862950847,17.23824226949364,0.8422044864180498,9,195.2587854272171,45,25,1.1843065083925997,52.228312339203555,1480.0304258940741,1.1987730445042515,52.33808834747118,1480.899796674081,0.014466536111651829,0.10977600826762313,0.8693707800068751
972,Train,Lightning,1444.288519991096,747.9762924369425,375.6078670732677,223.35457503329962,15.306138071697205,0.8112140956148506,9,197.82262548039373,55,25,1.1762257078598959,52.18502142218369,1444.288519991096,1.1783388599536762,50.9868807904236,1457.5954801354358,0.0021131520937802684,-1.19814063176009,13.306960144339655
973,Train,Lightning,1376.4081919100136,951.213248714339,680.0064107403159,89.54044592799619,18.540225613862276,0.7971063029789366,9,191.86179180118506,45,25,1.2557675379437727,52.24330951943179,1376.4081919100136,1.259326823897694,53.003609880248604,1382.7932866160957,0.0035592859539212984,0.7603003608168137,6.3850947060821
974,Train,Lightning,1382.4953096103854,776.1041653109714,404.89749358966947,295.5903335660696,13.191652859095484,0.8509915769053623,9,180.5077677916809,50,25,1.169253233644475,52.20523760642537,1382.4953096103854,1.1731372282652075,52.7140346829008,1387.9877031343556,0.0038839946207325227,0.5087970764754317,5.492393523970122
975,Validation,Lightning,1456.6940000513569,1101.99794966029,528.8322933018208,153.39712645625696,22.161980300210416,0.8518949645548128,9,189.99394952308242,40,25,1.1942921749102493,52.253205652576554,1456.6940000513569,1.1877050129335371,52.69888218785233,1441.7955688479092,-0.006587161976712164,0.4456765352757728,-14.898431203447672
976,Validation,Lightning,1467.9110646131448,1034.3533603474498,614.970166888088,305.91661487240344,22.29009828856215,0.8124231137242168,10,180.68307508929865,35,25,1.2688366449747945,52.313745354620195,1467.9110646131448,1.282896918284572,52.15389791113449,1447.005175365975,0.014060273309777438,-0.15984744348570246,-20.905889247169853
977,Validation,Lightning,1425.7581026293337,778.4869131981395,708.5448095574975,138.4724266664125,19.00122350640595,0.8114788501639851,9,195.22082051405474,45,25,1.1933359246064759,52.228456734498636,1425.7581026293337,1.1883376488688078,52.41718650644032,1433.2825886042717,-0.00499827573766809,0.18872977194168783,7.524485974937988
978,Hidden Test,Lightning,1352.1611664094962,820.6878380151466,489.70236564055085,189.12189190275967,23.50000621424988,0.8060276762628928,9,186.39574548809043,50,25,1.2310800123916072,52.20881142349995,1352.1611664094962,1.216942256506533,51.927934544547114,1344.8174652063167,-0.014137755885074155,-0.28087687895283864,-7.343701203179535
979,Hidden Test,Lightning,1431.3690135022625,1001.3102143653668,558.0065812915564,235.71969811571762,20.278029111213982,0.8396358509059064,9,189.41663975955487,40,25,1.1909698699033966,52.254891065291496,1431.3690135022625,1.1966777453965247,51.571065757837964,1422.2634736248588,0.005707875493128123,-0.6838253074535317,-9.105539877403771
980,Hidden Test,Lightning,1452.1697801887058,768.041472742334,402.83730207011104,270.4096504440531,24.05316950334236,0.838239692915231,9,192.48933110957108,50,25,1.189486304375557,52.19973289770812,1452.1697801887058,1.1796034563662539,52.5544376328334,1457.3013404490564,-0.009882848009303169,0.35470473512528145,5.131560260350625
981,Train,Lightning,1355.5733412969857,1039.107764873188,661.2429080531001,139.9714222480543,29.175830349326134,0.8161090692714789,9,184.5577580439876,35,25,1.1452427221175039,52.261952222690056,1355.5733412969857,1.155991685748177,52.59186801437149,1331.467075772016,0.010748963630673014,0.3299157916814366,-24.106265524969785
982,Train,Lightning,1351.3758850400336,731.9779840996489,539.1862464137375,162.02438475564122,25.428609168622643,0.8436769450223074,9,177.97437396086383,50,25,1.189165452496857,52.19846993483582,1351.3758850400336,1.1790598475783731,51.49796061668436,1343.4946574291255,-0.01010560491848378,-0.700509318151461,-7.881227610908127
983,Train,Lightning,1397.1637268783525,764.2003374290653,639.2943367362022,173.92688510706648,26.25558530818671,0.8578637428185902,9,180.96162169942986,45,25,1.194577698535721,52.220959456629544,1397.1637268783525,1.1840622574753654,52.306577348069894,1395.2249961199102,-0.010515441060355624,0.08561789144035004,-1.9387307584422615
984,Train,Lightning,1482.8241514856927,1060.034980531782,491.177751775831,324.81365887913853,9.281525631900877,0.8429643393028527,9,195.4510189484694,40,25,1.1804607723000218,52.26751941504579,1482.8241514856927,1.1926401130541446,53.71392133730712,1484.705842450919,0.012179340754122858,1.4464019222613302,1.8816909652261984
985,Train,Lightning,1406.9719456136227,873.7917485064827,450.69349873811007,167.75890112156048,25.06375956349075,0.8013938199472614,9,195.07289960082207,50,25,1.2322162900065619,52.20767816883399,1406.9719456136227,1.213474527967693,52.45422360559412,1404.1987477686514,-0.018741762038868792,0.24654543676012963,-2.773197844971264
986,Train,Lightning,1457.4546410352923,911.0443519661203,352.0926699973643,202.47159495018423,15.972927477676421,0.841874056016095,9,192.35585584594966,50,25,1.1731638810882574,52.203525023592256,1457.4546410352923,1.1777372535856954,52.355233019378,1473.4666105787542,0.004573372497437944,0.1517079957857419,16.011969543461873
987,Train,Lightning,1457.5972818536684,820.9465843276121,729.5212928205729,313.974595728796,18.82157712522894,0.8054568498837762,10,180.9652847404542,35,25,1.1967705445984678,52.29801465842593,1457.5972818536684,1.2049272874179122,53.145542976890376,1451.4448941266555,0.008156742819444451,0.8475283184644482,-6.152387727012865
988,Train,Lightning,1351.4524117461406,864.6450757514685,502.7134741656482,261.25797796528786,29.54149043140933,0.8108531177788973,9,185.18937128123662,45,25,1.2445007212829144,52.22894203211006,1351.4524117461406,1.2277250747070294,52.94584003651023,1341.954126926965,-0.01677564657588504,0.7168980044001714,-9.498284819175524
989,Train,Lightning,1484.6002049278468,779.9101204494946,532.575616799295,188.11252222629264,12.846662741154432,0.8488404583581723,9,194.3304854299399,50,25,1.1857972729011916,52.20898078360865,1484.6002049278468,1.1831205865813237,52.1668612561901,1489.1711049995672,-0.002676686319867949,-0.042119527418549296,4.570900071720416
990,Train,Lightning,1466.6645981487818,1144.4564535049722,554.1320283897221,179.36411958187819,18.574433671776205,0.810366845834069,10,180.9877348374512,35,25,1.2033578353000183,52.30035528820581,1466.6645981487818,1.198136385234879,53.182028202271056,1455.02319171761,-0.005221450065139299,0.8816729140652484,-11.641406431171845
991,Train,Lightning,1424.03317282442,610.424975969363,587.8889761865139,231.57127886777744,29.293745479546487,0.8500976648344659,9,186.12674124026978,50,25,1.2027971616175077,52.197954854647364,1424.03317282442,1.1879802124753198,51.63213286395579,1419.3874812749864,-0.014816949142187896,-0.5658219906915747,-4.64569154943365
992,Train,Lightning,1437.2233932721429,1051.0848745703697,691.1005704663694,155.92670165468007,25.783809961285442,0.8137659674417228,9,196.2376094977029,35,25,1.1568197237953843,52.27096313647286,1437.2233932721429,1.158020247570439,52.04707439236678,1413.9519178191927,0.0012005237750547515,-0.22388874410607684,-23.2714754529502
993,Train,Lightning,1413.3190616033971,801.1775589897297,460.6594229117036,248.9683078438975,10.783515388146043,0.8350066565279849,9,188.0649094969261,50,25,1.1843377399354618,52.210572314803535,1413.3190616033971,1.183075447205134,51.344771007547955,1422.4473615528707,-0.001262292730327852,-0.8658013072555804,9.128299949473558
994,Train,Lightning,1358.003594877664,1116.4204049156979,582.5762980617583,303.09902333654463,26.55359045462683,0.7974613099405542,9,189.21204883405355,35,25,1.2165113876607758,52.287176776125506,1358.003594877664,1.2123960856293654,52.762244999837755,1341.7919367554464,-0.004115302031410417,0.475068223712249,-16.211658122217614
995,Validation,Lightning,1415.7982654636726,1004.0015006088652,504.61240224540234,269.5466984133236,10.393021901138127,0.8471883688191884,9,185.6858807022015,45,25,1.255085210636251,52.25225969175265,1415.7982654636726,1.2623255029299185,52.06231525321739,1410.421605797914,0.007240292293667627,-0.18994443853525667,-5.376659665758552
996,Validation,Lightning,1365.7679873867892,1226.6658284235746,714.0005740337074,173.7004036968574,27.666284419130534,0.8449380639009179,9,179.60132828898975,30,25,1.1475033599806583,52.30468264424959,1365.7679873867892,1.1536376391667726,54.10291188218814,1339.5552373302876,0.006134279186114311,1.7982292379385498,-26.21275005650159
997,Validation,Lightning,1495.622934261337,1033.600040327292,571.8892110511661,225.90758207486942,19.182174541056156,0.7972273310483433,10,187.6030682860073,35,25,1.1793229662254932,52.292289501395786,1495.622934261337,1.1828537742045802,51.68154695841027,1488.6681967892068,0.003530807979087003,-0.6107425429855127,-6.954737472130091
998,Hidden Test,Lightning,1396.1878153611906,1071.3552206521854,474.3693915195763,114.90394493564963,12.220568476710469,0.8184365196665749,9,189.54674645722844,45,25,1.1844812217929037,52.23393350776697,1396.1878153611906,1.184047672398084,51.823139678303676,1396.3133305498418,-0.0004335493948197655,-0.41079382946329446,0.1255151886512067
999,Hidden Test,Lightning,1355.9561121510342,742.9497163859196,737.7608954906464,204.37109829625115,17.803953337483108,0.8301627210504375,9,181.48464923643584,45,25,1.2280483713876003,52.237746365658694,1355.9561121510342,1.2365448080947405,52.318418803781086,1351.5019509672818,0.008496436707140287,0.08067243812239155,-4.454161183752376
1000,Hidden Test,Lightning,1378.7439637701027,737.386713270098,425.29236441478133,153.31543939653784,24.788509351667017,0.836842978456989,9,183.06155120605735,55,25,1.1878130620831835,52.180196445075914,1378.7439637701027,1.1652422041572577,52.15860233685035,1378.804528084089,-0.022570857925925836,-0.021594108225563957,0.06056431398633322
1001,Train,Switching,1031.5097128972411,1207.838730176445,482.7945413067937,285.184924940113,29.665858259424567,0.8597224311647006,6,199.96952417534214,12630,1200,250.04574708418338,2504.6585424728733,1031.5097128972411,253.12964038289073,2541.5095055491597,1019.974141710366,3.083893298707352,36.85096307628646,-11.535571186875131
1002,Train,Switching,951.1921946541406,1133.9398104930297,514.003133866936,211.76690670661628,18.507448483724147,0.8023482110770419,6,197.58507622214222,13415,1200,249.97951666196474,2504.0792082728817,951.1921946541406,251.20505833621127,2568.020961890356,946.8451886311049,1.2255416742465286,63.941753617474205,-4.34700602303576
1003,Train,Switching,1093.2033142773435,955.7999944896437,589.5520348101854,108.2310081529431,10.451923833228648,0.8145381828281097,7,191.73060923600326,12935,1200,250.03878009794855,2504.42583757762,1093.2033142773435,254.4040279952221,2484.9302021481226,1101.1726363024266,4.365247897273548,-19.49563542949727,7.969322025083102
1004,Train,Switching,1085.1878991699778,1134.196446975693,592.6747064106166,211.32207549642771,24.432476240675896,0.7986163841560483,7,194.11928657386056,11035,1195,250.0259393338379,2495.6405995472055,1085.1878991699778,251.24507247619624,2530.3904986968937,1074.4729057502204,1.219133142358345,34.74989914968819,-10.71499341975732
1005,Train,Switching,1000.0206758733839,820.6461409921758,578.4794976934791,286.45339210750535,20.45329699292779,0.8261793362372555,7,172.91656942665915,12685,1200,249.9510342059175,2504.612092654053,1000.0206758733839,247.5464192617619,2533.9397274039443,995.225678152312,-2.4046149441555826,29.32763474989133,-4.794997721071923
1006,Train,Switching,1099.187308375258,1206.1619297368452,497.40886436775327,226.4930772781372,25.46565784001723,0.8514397957129405,7,184.42496948106418,11080,1195,249.9925943518679,2495.5934741088927,1099.187308375258,251.82239768435463,2545.7319269950012,1081.9536041188292,1.8298033324867333,50.13845288610855,-17.233704256428837
1007,Train,Switching,1067.857681424357,784.5266529475339,553.3487237989902,285.56793961441144,10.965923084877431,0.835552025937941,7,182.57522285951248,13175,1200,250.0360881638317,2504.2503882332,1067.857681424357,252.2568747257949,2493.435303338262,1074.4241474054018,2.2207865619631946,-10.815084894937627,6.566465981044757
1008,Train,Switching,1053.2479654881172,1055.711984820664,746.9094141386449,165.6226981850341,23.902782463934273,0.8160090587195009,7,184.3901038376245,10865,1195,249.99098009447965,2495.8148027777206,1053.2479654881172,252.4182158670583,2521.64576747766,1041.6051706873475,2.427235772578655,25.83096469993916,-11.642794800769707
1009,Train,Switching,1089.169078785926,800.5308048217557,375.440070964396,160.3432502434589,21.871306823566556,0.8224036125768908,7,189.19613229344407,16005,1200,250.022709211572,2502.5789517904436,1089.169078785926,247.48137861078698,2526.5108176371195,1086.9217975117476,-2.5413306007850167,23.93186584667592,-2.2472812741784765
1010,Train,Switching,957.216496730689,923.4003325225785,468.1146630086005,144.91973740048707,15.472391427028924,0.7948795432085172,7,172.03262429763913,13920,1200,250.01636610098942,2503.7438938673417,957.216496730689,250.74556158455215,2535.6000689944176,962.3633811944154,0.7291954835627337,31.856175127075858,5.146884463726451
1011,Train,Switching,1077.4069374194369,1110.9792310395278,662.6093860715628,225.48622322035953,9.295611870475113,0.8267251754249446,7,186.17465797517457,10700,1195,250.05053732633934,2495.9935269002854,1077.4069374194369,253.86447885791742,2531.889294863788,1075.1821056312795,3.813941531578081,35.89576796350275,-2.2248317881574167
1012,Train,Switching,1038.39132724097,640.6725431326777,668.9551400952041,141.87134922947735,27.06020063115284,0.8143379343487323,7,182.16223501354852,14735,1200,250.02437672094888,2503.2494661677406,1038.39132724097,246.19185014866218,2437.2333857652106,1028.75925922744,-3.832526572286696,-66.01608040252995,-9.632068013529988
1013,Train,Switching,998.4761652071029,705.3067117813043,539.4596664234996,108.55047798948362,11.818534582853317,0.82013187965611,7,173.92257966152164,15800,1200,249.9605530395236,2502.6779280832784,998.4761652071029,247.35722883833586,2499.286989899075,1009.1855970358447,-2.603324201187746,-3.3909381842036055,10.709431828741799
1014,Train,Switching,1041.4569729124196,614.0713782748207,481.9182020612061,104.82069889083505,28.489766916725785,0.8360426857834682,7,177.9569035036692,17810,1200,250.00785628175947,2501.790156797435,1041.4569729124196,249.3850003138925,2489.5358373818945,1036.2913969569634,-0.6228559678669683,-12.254319415540522,-5.165575955456234
1015,Validation,Switching,1084.586723265238,1037.4641543370672,673.0412855744362,323.93623595824465,9.951434354297817,0.804197536741849,7,192.66530098338183,10510,1195,249.95565210173757,2496.1985465007247,1084.586723265238,253.23468845913132,2542.7692679032407,1087.1807037090366,3.2790363573937498,46.57072140251603,2.5939804437985003
1016,Validation,Switching,1031.6798983956687,895.9114010445774,521.2417892180383,288.5158402333036,20.14235729491338,0.8424039444047958,7,174.95507185936395,12540,1200,250.03893692569264,2504.7290405603226,1031.6798983956687,252.60912994531608,2513.4237813095147,1026.5733923835112,2.5701930196234457,8.694740749192079,-5.106506012157524
1017,Validation,Switching,1075.833349302411,1211.683764157351,639.8327367380261,286.5912825637497,22.399124843999743,0.8106005356949755,7,189.6007610456427,10000,1195,249.94546785938095,2496.799493224784,1075.833349302411,253.98180453349966,2524.7115381988942,1067.3226120428778,4.036336674118701,27.91204497411036,-8.510737259533244
1018,Hidden Test,Switching,976.4086658717133,1119.87134127412,656.3252226449549,133.53142670355737,26.220464420039207,0.8400571946101264,6,193.71868807196083,13065,1200,250.00567214019264,2504.3287787820104,976.4086658717133,251.3194462658022,2516.6457258673695,958.8388940148348,1.3137741256095694,12.316947085359061,-17.56977185687856
1019,Hidden Test,Switching,1098.4566469443962,1187.88304036716,609.206971898675,192.07926942734048,12.836527266539633,0.8591785572725349,7,182.64233529414926,10750,1195,249.97428680327783,2495.936104921665,1098.4566469443962,251.40589584528325,2503.281662418382,1097.598393467061,1.4316090420054195,7.345557496716992,-0.8582534773352108
1020,Hidden Test,Switching,1099.208208580967,1158.1265303771943,729.3355579487979,88.7636950192973,25.465271036606282,0.8328454169631004,7,188.54608656620914,10820,1195,249.96520104444483,2495.861072173634,1099.208208580967,249.56654669442312,2536.6538679685746,1090.9751324691576,-0.398654350021701,40.7927957949405,-8.233076111809396
1021,Train,Switching,987.9093203227967,1019.5554961333983,421.16653975099325,191.87888198764995,8.445058789104223,0.8239640926220455,6,199.82855425552975,15280,1200,249.96053538032692,2502.946025539814,987.9093203227967,254.4285573218919,2525.9611520198223,996.8292639352169,4.4680219415649844,23.015126480008348,8.919943612420184
1022,Train,Switching,969.8545474675484,1146.1456733522937,461.00363628938794,93.8261141255498,27.50360051030293,0.7958319780556485,7,174.09535361562595,12575,1200,250.04701624378717,2504.7017181368337,969.8545474675484,248.65785677848137,2562.190157184729,955.3077786383948,-1.389159465305795,57.4884390478951,-14.54676882915362
1023,Train,Switching,1096.4431300992146,758.3338949014433,706.8338505923748,179.7402886277996,9.139175958000124,0.8283567722304724,7,189.09090638512475,13000,1200,249.97688359405362,2504.375338648229,1096.4431300992146,249.817638722961,2459.723682127819,1104.046868613686,-0.15924487109262486,-44.65165652041014,7.603738514471388
1024,Train,Switching,971.2971286731772,1200.2313036471605,420.2445982955396,320.25317013729364,27.099499927368015,0.8418957652430982,6,192.28372615951935,12855,1200,249.9804170989654,2504.4834617780502,971.2971286731772,252.81096315531826,2535.328447384943,955.873300436254,2.8305460563528584,30.844985606892806,-15.423828236923214
1025,Train,Switching,1060.8208189718425,856.1403091414832,474.01102129369974,292.27880293736234,24.145914951339364,0.848156870410312,7,178.67665353978518,13180,1200,249.97517118674858,2504.2444902923885,1060.8208189718425,247.7591389532258,2478.819876605229,1054.2712832945333,-2.216032233522782,-25.424613687159308,-6.549535677309223
1026,Train,Switching,955.9361939900555,724.4164697127417,705.5032514967024,170.0779610965401,14.794586621690542,0.8042862517992035,6,198.09203333009197,15595,1200,250.01900789235526,2502.783348435634,955.9361939900555,253.94023890417265,2450.117195594632,963.2220350035935,3.921231011817383,-52.666152841001804,7.285841013538061
1027,Train,Switching,992.8178015863523,758.5814488702454,682.0768784731627,305.354831374716,13.254567329771817,0.8596120849321597,6,192.49337753410504,14290,1200,250.004613648503,2503.5119072567395,992.8178015863523,249.1788916144001,2508.8727507301037,997.0088694266424,-0.8257220341029097,5.360843473364184,4.1910678402900885
1028,Train,Switching,1027.5372057571076,1045.5665301997215,523.6153068952262,275.7106034969911,8.114648364018649,0.8290142249129713,7,177.0669609550818,11590,1195,249.9593353800497,2495.0997400090273,1027.5372057571076,253.92268628394226,2503.7953406796787,1030.0707422682012,3.9633509038925467,8.695600670651402,2.5335365110936436
1029,Train,Switching,1015.2858356479555,777.6324728387408,685.5668229982257,242.79894422041252,27.504801832139492,0.8582918007881382,6,197.15242040753807,14625,1200,250.001901409263,2503.31224881859,1015.2858356479555,246.61942249974584,2517.697210790629,1004.9598443910745,-3.3824789095171752,14.384961972039036,-10.325991256881025
1030,Train,Switching,1046.188332058955,681.5993878757581,580.4911253042519,289.2339056544006,19.072721822652966,0.8519988308241592,7,175.41746608249477,13785,1200,249.99114576289034,2503.8305697069186,1046.188332058955,246.70603976775823,2479.9561783222207,1054.554691665167,-3.2851059951321133,-23.8743913846979,8.366359606211972
1031,Train,Switching,1096.5801879065111,698.3028859016486,358.9843839406967,96.31629833718762,25.20458963792771,0.8178745314455591,7,191.53831857460221,18540,1200,250.0239061141285,2501.5153570910866,1096.5801879065111,247.944940644684,2476.292115045457,1094.917568048938,-2.0789654694444835,-25.223242045629377,-1.6626198575731905
1032,Train,Switching,1061.275357462,815.7550704665482,542.069239076227,170.37534112576395,14.485983279999346,0.8043583882693202,7,188.48658454090872,13995,1200,250.01614023510803,2503.6959558064714,1061.275357462,249.57571835722706,2529.042533912288,1068.547918060379,-0.440421877880965,25.34657810581666,7.272560598378959
1033,Train,Switching,1057.9779805615544,1178.5191417089663,551.7214151099324,100.57065587723628,23.839212393388152,0.8351900903251954,7,180.96444541139692,11680,1195,249.97810699566296,2495.0181119053827,1057.9779805615544,248.07532333690588,2563.219325784695,1045.9022946446182,-1.9027836587570732,68.20121387931204,-12.075685916936209
1034,Train,Switching,965.8761188969947,1172.9412697488442,608.7525398470461,183.63505850546062,26.020269964355975,0.85699609328527,6,187.84140839241093,12695,1200,249.99820991044805,2504.6062049202783,965.8761188969947,250.7408226373156,2559.9866408627163,946.9503143480106,0.7426127268675486,55.380435942438,-18.92580454898416
1035,Validation,Switching,989.2134505091235,834.5152104855515,586.4170122891665,156.12988370237872,21.524429173208773,0.8334732796135359,6,197.8094708622615,15820,1200,249.9906810643544,2502.6689090864775,989.2134505091235,247.70000325325142,2455.555949690308,989.56600947742,-2.2906778111029666,-47.11295939616957,0.35255896829653466
1036,Validation,Switching,1044.6386756724678,1150.4802783485502,496.93064792081714,224.47349205147475,12.256909731309861,0.8595672852918506,7,173.61537494294996,11425,1195,250.00592704171095,2495.2562110193626,1044.6386756724678,254.21143458779184,2486.3814319592225,1038.5596955072258,4.205507546080895,-8.8747790601401,-6.078980165242001
1037,Validation,Switching,1028.3007757272571,1181.2196372891776,731.6633542999625,260.77708390774205,11.045550424605608,0.8091354928934016,7,181.55193055847414,9840,1195,250.03558377024663,2497.005587906351,1028.3007757272571,255.57400490599215,2558.4873986994235,1023.3012871134563,5.538421135745523,61.48181079307233,-4.99948861380085
1038,Hidden Test,Switching,990.4789069783874,1198.2097168220207,462.20760392025113,115.21409071981907,11.816771204117686,0.7908973662508652,7,178.90688823752728,12045,1200,250.01993786744862,2505.1363055724028,990.4789069783874,253.20051811754865,2496.1244340828225,990.2587810326407,3.1805802501000358,-9.011871489580244,-0.2201259457466449
1039,Hidden Test,Switching,1090.2819199720398,809.0905067627318,675.6697960197926,87.27939646458253,12.084713815711439,0.8328196124522947,7,187.02076376104503,13605,1200,250.02131015581256,2503.9511574972576,1090.2819199720398,252.67676752578,2475.744159533277,1100.604602836218,2.6554573699674506,-28.206997963980484,10.322682864178205
1040,Hidden Test,Switching,952.6890896144323,999.9695217236876,455.59464832767844,221.52176131028682,14.051055857446045,0.8248237615730614,6,192.50356540761967,14875,1200,249.96579399955388,2503.1679879631215,952.6890896144323,254.3089634604298,2497.9586594622215,951.8433672324371,4.343169460875913,-5.209328500900028,-0.8457223819951878
1041,Train,Switching,987.3006188310683,1241.2032460211776,526.3246664777398,148.68503062287346,8.846078785136342,0.842446941502858,6,195.3239961260553,13020,1200,249.99014342708793,2504.3611361010003,987.3006188310683,251.962922618092,2542.0210289268107,987.3067017826168,1.972779191004065,37.6598928258104,0.006082951548478377
1042,Train,Switching,1084.664243052248,1183.1658684881404,701.1934795416892,93.10082455165684,26.392337903846055,0.8391364833200351,7,184.656534189389,10815,1195,250.00577709488738,2495.8682278601455,1084.664243052248,248.4292166729925,2557.7800235567847,1066.0299156785245,-1.5765604218948681,61.911795696639274,-18.63432737372341
1043,Train,Switching,1016.3391770562157,617.7653379389085,690.047350153327,211.21322233928367,29.817953464575112,0.8287676459248178,7,175.1894052838085,14080,1200,250.02500507587268,2503.642553629804,1016.3391770562157,247.05312924336965,2515.3473336302973,1007.793743660923,-2.971875832503031,11.704780000493429,-8.545433395292662
1044,Train,Switching,1092.8026383160613,803.464031079784,546.7860060743988,155.74261107947677,10.52771721733734,0.8526649031229317,7,183.09028792530538,14200,1200,249.99198871404604,2503.566684403898,1092.8026383160613,250.90761910489175,2477.5897290765965,1099.3034551815576,0.9156303908457062,-25.97695532730131,6.50081686549629
1045,Train,Switching,972.9371689725667,715.241782728117,461.9013546034694,265.43658062117174,19.737039521336555,0.8119632895127871,6,199.70877615176644,17295,1200,249.9935475862628,2501.997895760697,972.9371689725667,250.30355508307284,2445.0418232090046,976.4714071780321,0.31000749681004436,-56.95607255169216,3.5342382054653854
1046,Train,Switching,983.5958515410312,1120.8516334882006,392.26223351433873,229.16727738454938,27.483684903476387,0.8084782641148195,7,173.80021122909807,12275,1200,250.00886494345917,2504.942166997706,983.5958515410312,249.63525856525342,2546.5699083032655,978.5008422277646,-0.37360637820574993,41.62774130555954,-5.095009313266587
1047,Train,Switching,1026.1154306354001,914.5505363238044,617.642192542553,89.35567630222067,13.818027342669666,0.8254965310893022,7,177.57545082444707,13190,1200,250.02864470942447,2504.239357576167,1026.1154306354001,252.5413787016453,2466.602617169011,1026.4037551870972,2.5127339922208307,-37.63674040715614,0.2883245516970874
1048,Train,Switching,972.8671024437062,1029.4563262723386,469.9585518799722,144.371999935247,17.874410500284284,0.816509258048609,6,198.58258246999344,15180,1200,250.02631146051263,2503.001839006905,972.8671024437062,253.44454112159494,2532.701591446847,972.2123916931785,3.4182296610823073,29.69975243994213,-0.6547107505277836
1049,Train,Switching,983.429904282093,802.9531697160564,459.70203150063753,247.75674239033833,16.856695858761668,0.8500339112174697,6,192.82170026871154,16520,1200,250.01944819739032,2502.336351433821,983.429904282093,248.96148606551242,2514.2746897311913,988.19553745427,-1.0579621318779004,11.938338297370137,4.76563317217699
1050,Train,Switching,993.9193523139693,1229.7226244816557,660.7443139888346,188.54340880177915,10.336644169408828,0.808548665647395,7,175.6090696016512,10285,1195,249.96314413115024,2496.456908637568,993.9193523139693,254.4937812807708,2488.2595465069403,991.61934889983,4.53063714962056,-8.19736213062788,-2.300003414139269
1051,Train,Switching,1032.4529425008222,1117.947633995209,558.5661891847849,161.54999575344846,13.781468176282942,0.8202578906225972,7,179.81329919077794,11635,1195,250.0012031438865,2495.060154864847,1032.4529425008222,252.102994691244,2489.6808964350676,1032.9486256031023,2.101791547357493,-5.379258429779384,0.4956831022800543
1052,Train,Switching,1079.3917455128394,1165.976471407339,405.0852204672992,93.14095023553818,29.93028661189601,0.8393696051090956,7,183.70789202869307,12850,1200,249.9913907898385,2504.487656420252,1079.3917455128394,249.1930531726115,2509.172623379413,1066.8991599513524,-0.7983376172269914,4.684966959161102,-12.492585561486976
1053,Train,Switching,1087.899601412937,684.2922815005295,573.5746776685119,164.2333555337973,15.492046069353819,0.8001089118071832,7,194.24134199711264,15040,1200,250.03057146759932,2503.078330351948,1087.899601412937,248.84854561410987,2448.699986738459,1099.640385864402,-1.1820258534894492,-54.37834361348905,11.74078445146506
1054,Train,Switching,1079.2694628355093,1198.1580457417294,734.3276520259678,254.63482078164816,15.398913817945868,0.8415973555622622,7,183.200851113223,9780,1195,250.0500216160293,2497.083617354402,1079.2694628355093,250.88019762329867,2538.9101151997743,1078.291577617775,0.8301760072693583,41.82649784537216,-0.9778852177344106
1055,Validation,Switching,998.9582490408793,1097.8781840880401,557.8851245343685,130.83922430640087,27.259293249808252,0.8418322397186422,6,197.77460835006588,13965,1200,249.99872093373082,2503.714431998301,998.9582490408793,248.68199604620347,2487.3577799630893,989.3447824245828,-1.3167248875273572,-16.356652035211482,-9.613466616296478
1056,Validation,Switching,1024.1229144739918,1161.7084078490734,529.0887146256864,165.71219362784177,21.034153135027736,0.8057200191449374,7,181.5807849127883,11520,1195,250.01442629166723,2495.167082397434,1024.1229144739918,250.50433294498848,2477.083340639341,1020.5888688019336,0.48990665332124195,-18.08374175809331,-3.534045672058255
1057,Validation,Switching,1001.0234869085252,838.1453051581047,576.1615240946412,83.32551362225786,26.442959213629365,0.8405226967041382,6,198.4922578203903,16660,1200,250.00511163667227,2502.2725863380088,1001.0234869085252,250.01605191205473,2502.3626419610255,998.0633677421125,0.01094027538246678,0.09005562301672398,-2.96011916641271
1058,Hidden Test,Switching,1082.6424346887507,747.3787839757279,733.9023881591856,90.67366101779044,19.84679151372984,0.8022114572534338,7,192.7960558991054,13605,1200,250.00798298456874,2503.950663474748,1082.6424346887507,250.24275911917576,2480.387847877019,1085.4562304198444,0.23477613460701718,-23.56281559772924,2.8137957310937054
1059,Hidden Test,Switching,1026.839929795824,684.7322227084078,415.5063968151808,285.99123620195314,18.688132335431874,0.8430381413619035,7,174.00329990442054,15425,1200,249.96290298292823,2502.8695212361495,1026.839929795824,248.34400998704234,2453.043981305344,1029.06706831515,-1.6188929958858864,-49.82553993080546,2.2271385193259903
1060,Hidden Test,Switching,1055.2592496736906,981.2176153529435,445.16279427334666,170.3531446820125,19.190856165718287,0.8569859833829105,7,175.90873632130166,13395,1200,250.0290225196016,2504.0949053663394,1055.2592496736906,247.82731407635046,2500.241835726912,1057.8748069384153,-2.2017084432511353,-3.8530696394273036,2.615557264724657
1061,Train,Switching,1045.9228104446083,1039.6838663029484,375.23206006735563,260.7567526702769,24.962482757866383,0.8275646502734162,7,180.55090233719412,12760,1200,249.95129316362167,2504.554425799231,1045.9228104446083,248.31364061618189,2519.45821309732,1042.0765938430688,-1.6376525474397852,14.9037872980889,-3.8462166015394814
1062,Train,Switching,1075.4774744738825,1157.3049522703514,367.92122395709157,92.33397936448455,10.289642243180424,0.7961992168566212,7,192.96632797143522,13220,1200,249.98089016517267,2504.2161411777315,1075.4774744738825,254.386042752521,2500.1290636498316,1085.6385597957894,4.40515258734834,-4.0870775278999645,10.161085321906967
1063,Train,Switching,974.900672887452,1154.4421214726754,704.2698383331299,265.67415134748444,14.669402497820556,0.8421378459758125,6,192.94162619299829,11745,1195,250.00860159696637,2494.960670952959,974.900672887452,252.49107452011066,2560.1443398262186,970.5255129881638,2.482472923144286,65.18366887325965,-4.375159899288178
1064,Train,Switching,1066.8602541903965,600.0713513232768,731.2341905198991,289.6264526480809,10.649771524127573,0.828626298615709,7,183.92924288801456,13195,1200,250.02827142147976,2504.2357693263325,1066.8602541903965,250.00169166127478,2463.7279054433616,1076.1794405560975,-0.02657976020498154,-40.50786388297092,9.319186365700943
1065,Train,Switching,1067.0015899464488,846.635170688387,541.3441659882665,106.44925523782149,8.492072066292167,0.826430673908908,7,184.44232937629275,14310,1200,249.99402009805257,2503.4993677192524,1067.0015899464488,251.67967828574038,2526.122460464334,1076.8413304420692,1.6856581876878067,22.62309274508152,9.83974049562039
1066,Train,Switching,1010.7908990816213,1062.3841371620074,386.52539858594537,288.4427874069661,11.49585046293214,0.795362342116423,7,181.55083818095372,12310,1200,250.0120534671112,2504.913475343549,1010.7908990816213,255.0771584814065,2536.1921137193617,1017.3913913614896,5.0651050142953125,31.278638375812534,6.600492279868263
1067,Train,Switching,993.1523873237893,655.9880806715228,727.4916607886553,80.68839098094031,21.465279773809016,0.8154831654462033,7,173.9814118629855,14605,1200,249.9814507551039,2503.3232155325663,993.1523873237893,249.26170519272748,2478.2261291717728,995.599793168286,-0.7197455623764313,-25.097086360793583,2.447405844496757
1068,Train,Switching,1027.5419725454412,978.1327181961387,513.8151447288692,141.37938133906573,14.489155340474099,0.8042755392566323,7,182.514204645972,13095,1200,250.0309628452933,2504.30792455431,1027.5419725454412,249.79461381659561,2540.3756333752285,1032.8064545020097,-0.23634902869767416,36.0677088209186,5.264481956568488
1069,Train,Switching,1091.9552785810083,797.1244114334695,728.0833711847663,153.6553201568313,23.91049176827073,0.8361493334942498,7,186.56190345086378,12740,1200,250.03464890349642,2504.572997893874,1091.9552785810083,251.98559003340546,2467.443787754193,1081.532548016364,1.9509411299090402,-37.12921013968071,-10.422730564644326
1070,Train,Switching,995.2067753416486,786.921598832123,551.6862903721631,309.3180711567402,27.484006623271853,0.8323757631285117,6,199.27033346917167,15140,1200,249.9956139601629,2503.0224913718166,995.2067753416486,248.65233551636067,2523.7366036244293,991.1327203857452,-1.3432784438022338,20.714112252612722,-4.074054955903421
1071,Train,Switching,1088.0231121787801,1060.2415130590089,447.2115255892277,273.1616239598952,22.180217727087438,0.841245331519749,7,184.76402464855553,12010,1200,249.99332946998157,2505.1653140739745,1088.0231121787801,249.04543088277555,2544.4235817247177,1085.5869337094787,-0.9478985872060264,39.258267650743164,-2.436178469301467
1072,Train,Switching,1087.0535287889652,861.8098089471459,673.4965725801885,221.8132671387866,11.300104015972465,0.8499158062692732,7,182.7161703666044,12170,1200,249.98094509083546,2505.028544898815,1087.0535287889652,254.72903365680386,2497.82409114035,1089.5878547297282,4.748088565968402,-7.204453758465206,2.534325940762983
1073,Train,Switching,979.6681036241353,754.2456918745302,666.1302367225289,315.4423478827812,28.515139000490308,0.8120763662387618,7,172.33919376354723,12320,1200,249.99462706133787,2504.9045453510444,979.6681036241353,249.65587636308734,2524.80426889251,970.6071368142607,-0.3387506982505215,19.899723541465846,-9.060966809874571
1074,Train,Switching,982.2277940460481,1051.9436744274572,379.6126433648169,254.765006871894,10.823078066576272,0.8574935649568215,6,190.91062490859773,14795,1200,249.99047697753815,2503.214068881544,982.2277940460481,254.29341112500222,2537.594952122141,980.5194851689154,4.302934147464072,34.380883240597086,-1.7083088771327084
1075,Validation,Switching,1024.624472646974,971.5525682666339,714.392739161849,154.11285367561504,8.596762877888978,0.8215725885774009,7,178.1643237602533,11620,1195,249.94967310261984,2495.0717159567216,1024.624472646974,253.07778193437528,2493.4830736464146,1030.2041654084328,3.1281088317554406,-1.5886423103070229,5.579692761458773
1076,Validation,Switching,1006.8282739608549,678.5411807242781,388.33185313269496,93.9143051346764,9.563873558770865,0.8085465269722045,7,177.89033255074628,18425,1200,250.02010836175208,2501.5571752577375,1006.8282739608549,251.06292604091513,2499.0343379895417,1025.3935976055711,1.0428176791630506,-2.5228372681958717,18.565323644716273
1077,Validation,Switching,978.2178272027522,1095.0177140417509,512.4058632180095,276.18759147124365,26.45453852415085,0.847051296888385,6,192.4751253350305,13245,1200,249.98396279789176,2504.1984662874993,978.2178272027522,252.7110804066965,2515.85025886981,961.0315212406443,2.727117608804747,11.651792582310918,-17.186305962107895
1078,Hidden Test,Switching,976.5901283477433,898.1256345054135,611.6734188981354,106.26163000240922,25.48531430074945,0.7962998421257362,7,175.20143556203277,13235,1200,250.03287740435303,2504.207412450243,976.5901283477433,250.17112921550373,2469.247474742052,971.8059946322979,0.1382518111506954,-34.959937708190864,-4.784133715445364
1079,Hidden Test,Switching,1009.0484329732135,1155.988047842402,632.3255732655525,123.29189559211954,8.134417007677257,0.8080192707828247,7,178.39893348010798,11185,1195,249.947703942752,2495.486472042007,1009.0484329732135,251.13471932201142,2531.29206999005,1011.2302139221022,1.1870153792594067,35.805597948043214,2.1817809488886724
1080,Hidden Test,Switching,998.1032929266803,899.2989066056907,421.3612428866327,247.02691337559372,10.816308294888586,0.8433210517186672,6,197.25648788453117,15915,1200,249.9966273019632,2502.6221313688857,998.1032929266803,252.57861608047824,2544.7557671974087,1009.8872743201631,2.58198877851504,42.13363582852298,11.783981393482804
1081,Train,Switching,954.7066789120436,903.8804827607237,635.5455236509442,178.23892317945138,25.830759717151523,0.8298099133116194,6,191.752083538824,14525,1200,249.99043140740736,2503.370460932688,954.7066789120436,248.1727605277282,2490.1466093122003,950.7725355212698,-1.8176708796791559,-13.223851620487494,-3.9341433907737837
1082,Train,Switching,1077.0460265339352,1131.8152426043525,670.0862721540034,140.36520726047456,26.095636647660285,0.8052232249872759,7,191.08206681284906,11010,1195,249.98383558351884,2495.6642133628734,1077.0460265339352,248.59850850634004,2534.834540717431,1056.7947961121743,-1.3853270771788004,39.170327354557685,-20.251230421760965
1083,Train,Switching,1081.1620962573215,702.6259609148838,584.4837103039026,137.7004954102449,27.90029633883387,0.8025901136058383,7,192.44160302803496,15010,1200,250.00757734118474,2503.0941049419807,1081.1620962573215,248.46807573747913,2492.527882763329,1082.8608683222633,-1.5395016037056166,-10.566222178651515,1.6987720649417497
1084,Train,Switching,988.7010205886327,607.3904554825276,658.5269148461521,115.85092525463551,14.193128954153508,0.8446187974512578,6,195.0980772967562,18055,1200,249.97749579804554,2501.694471087642,988.7010205886327,251.1963891134061,2453.506679338406,996.7841527696952,1.2188933153605603,-48.18779174923611,8.083132181062524
1085,Train,Switching,1046.1372103076428,1143.3892753790133,618.9504211768508,326.3978666928597,27.19050544127822,0.8067463514604606,7,185.24803072309453,10240,1195,250.03437510516372,2496.5132967735867,1046.1372103076428,251.03869383363286,2499.211320425417,1024.7962658135752,1.0043187284691442,2.6980236518302263,-21.34094449406757
1086,Train,Switching,1022.4178891745396,913.6832679389045,654.6216537244618,112.87056181579828,23.921262266580015,0.8290338279632852,7,176.18062559924167,12720,1200,249.98597545367085,2504.5864587244287,1022.4178891745396,251.36089599544178,2543.6050806057337,1019.1632455238257,1.3749205417709334,39.01862188130508,-3.254643650713888
1087,Train,Switching,1085.8693011337891,746.8129704822786,358.08381363749504,207.70133785670623,19.300337589345872,0.8142435497208499,7,190.5132511389711,16295,1200,250.03526620264836,2502.4408961876493,1085.8693011337891,250.68381624089798,2444.189321691615,1093.8160941303752,0.6485500382496241,-58.25157449603421,7.946792996586055
1088,Train,Switching,1077.0667174714617,874.3406500667334,703.2286225818098,309.6438600169495,8.449830131139606,0.8240216881316156,7,186.7264856503612,11330,1195,249.9572612372472,2495.345070733339,1077.0667174714617,253.08285513636397,2522.784486648049,1072.7038963103992,3.1255938991167795,27.439415914710025,-4.362821161062584
1089,Train,Switching,968.0518212728202,787.2621271177195,562.667571939528,195.38114497670904,17.623622784391046,0.8406185397063383,6,191.93244330359394,16145,1200,249.98979642077975,2502.5104829873912,968.0518212728202,252.2546803106131,2523.009252866493,972.625490652716,2.2648838898333565,20.49876987910193,4.573669379895819
1090,Train,Switching,1043.2675806456245,622.0322012202814,536.5725361742079,295.75160161592066,29.445312552619725,0.8220413696626202,7,181.30258562009553,14705,1200,250.0065606365704,2503.266099120647,1043.2675806456245,248.81525120004,2439.1882565813303,1037.9642464460073,-1.1913094365304175,-64.07784253931686,-5.303334199617211
1091,Train,Switching,1028.3077653264627,896.7909803264774,694.5982228964567,112.12119609816,16.179800902493298,0.8481977392802946,7,173.19205478783647,12555,1200,250.02111342458798,2504.7164747365277,1028.3077653264627,248.953194772928,2462.694739362106,1033.6618188132513,-1.0679186516599941,-42.02173537442195,5.354053486788644
1092,Train,Switching,1019.6555546834134,806.1349530238658,433.76998929306865,164.9095213925466,15.049937121104449,0.7956636420451105,7,183.07369036755492,15225,1200,250.0295242397592,2502.9777059561457,1019.6555546834134,250.33853061797853,2499.5079705860862,1030.8804136069973,0.30900637821932264,-3.469735370059425,11.224858923583952
1093,Train,Switching,955.1547082606703,713.4370820480399,665.3478128835559,87.91699375258759,16.187785677611828,0.8572907525510528,6,185.69248636249375,17010,1200,249.98529434686952,2502.1182557437783,955.1547082606703,248.3211095439868,2488.9801579030063,957.8948778657161,-1.6641848028827155,-13.138097840771934,2.7401696050458213
1094,Train,Switching,1059.024725027848,885.2944236015901,506.2397656030953,261.4173008315265,24.868155910167843,0.8422132148733363,7,179.63295251227171,12940,1200,250.04023087472206,2504.422161213799,1059.024725027848,249.32057610513502,2463.9853154056605,1048.1317568785184,-0.7196547695870379,-40.436845808138514,-10.89296814932959
1095,Validation,Switching,1055.9505260782316,967.599112552125,698.4707742929459,86.25447178026661,10.961819651536644,0.8028830845630728,7,187.88548177736908,12205,1200,250.015686575737,2505.0006305564293,1055.9505260782316,250.38286843964988,2508.8249803829976,1063.8243208716362,0.3671818639128901,3.824349826568323,7.873794793404613
1096,Validation,Switching,985.263058252167,935.6053312309086,729.9454218707979,297.35417435411364,9.415372130926698,0.8329218559805305,6,197.14995894228633,12710,1200,249.9844444433662,2504.5941104260332,985.263058252167,256.1966039933941,2491.6450199127466,988.638518508301,6.212159550027906,-12.949090513286592,3.3754602561340334
1097,Validation,Switching,1045.6349844112992,1067.295459692832,367.5319345667958,103.63249059999362,23.87809938751161,0.8491070237127133,7,175.92178862368158,13900,1200,249.98639743727563,2503.755682681745,1045.6349844112992,251.12414351364149,2554.5301008647866,1037.2806169032374,1.1377460763658576,50.77441818304169,-8.354367508061841
1098,Hidden Test,Switching,997.9177363798954,840.7510787481442,530.1830382086337,121.3133844267577,27.38023490132764,0.8049310884298757,7,177.10792721868998,14330,1200,249.97843905790313,2503.4866711550535,997.9177363798954,248.04271129868008,2496.299247492675,992.0151130628304,-1.935727759223056,-7.187423662378478,-5.902623317064922
1099,Hidden Test,Switching,1098.0804274557158,638.6573257506825,435.2857459336519,299.1733756917529,18.752747119404376,0.8268849789979869,7,189.7103424030824,15575,1200,250.00607358585023,2502.7931854634658,1098.0804274557158,248.94213095235187,2478.56144672134,1099.5378202416302,-1.0639426334983568,-24.2317387421258,1.4573927859144078
1100,Hidden Test,Switching,1047.392662835773,849.2399481590837,675.0176499597728,141.39154999982566,14.93267986504361,0.8159186362847686,7,183.3853482542969,12840,1200,250.0136176903514,2504.4960768210285,1047.392662835773,252.10180622200406,2480.879214903145,1048.8635152425707,2.088188531652662,-23.616861917883398,1.470852406797576
1101,Train,Switching,1008.4097215440124,717.7073872531764,437.5149389728904,141.38814968289807,22.86037688329816,0.8409891685866752,6,199.8459590228128,19245,1200,250.0321647370099,2501.269567630595,1008.4097215440124,244.75428122831153,2519.354392657441,1010.7171023493516,-5.27788350869838,18.084825026846374,2.3073808053392213
1102,Train,Switching,1004.5513333869167,789.002898032777,474.48750184848905,238.40096585452557,23.55012776935473,0.8206052109552547,7,174.87987088691926,14240,1200,250.0137405186575,2503.542810018221,1004.5513333869167,247.5937606574288,2501.5597289935836,997.5481483915675,-2.419979861228711,-1.9830810246376132,-7.003184995349216
1103,Train,Switching,980.6064045289531,863.93792378949,550.6399281322956,249.25099905347452,14.88305005338043,0.815720540562179,7,171.7336051411392,12855,1200,250.0321426502475,2504.485480507297,980.6064045289531,249.0961319588892,2531.0590026441328,978.8435617191559,-0.9360106913582911,26.57352213683589,-1.7628428097972346
1104,Train,Switching,973.2541248085909,849.1979343816638,439.33589002117515,277.9779285611585,9.808862486388534,0.8028025267925114,7,173.1886720630852,13650,1200,249.96614494892842,2503.918978216354,973.2541248085909,251.91862327168812,2524.466518421234,977.2175851016525,1.9524783227597027,20.54754020488008,3.963460293061644
1105,Train,Switching,1000.005664024502,1091.0558474599384,681.0384223237634,220.21603210130706,21.186837079003453,0.812853166081477,7,175.74877968695864,10735,1195,250.0198918124174,2495.9543132429603,1000.005664024502,248.62150415460272,2532.945440120663,994.3305555373296,-1.3983876578146806,36.991126877702754,-5.6751084871724515
1106,Train,Switching,1087.4742883839644,926.2242288561538,650.2959826029837,245.54338787682354,22.671594337094575,0.8178646064782515,7,189.950107314332,11735,1195,249.95517813216463,2494.9674024718524,1087.4742883839644,251.56871566748958,2472.357845939572,1073.3250572581815,1.6135375353249515,-22.609556532280294,-14.14923112578299
1107,Train,Switching,971.6903144260868,626.131205225829,440.96781872212887,269.30352543247864,8.85249909479171,0.825793079554569,6,196.11254895116795,18670,1200,250.00553364810924,2501.468114160388,971.6903144260868,249.04065330218393,2496.6802762638,979.8908864633686,-0.9648803459253088,-4.7878378965879165,8.200572037281745
1108,Train,Switching,1005.4865447222255,713.8104862067848,351.8446343950927,164.05855053570122,18.370573952328414,0.8052774836309254,7,178.3744583452819,17390,1200,249.98770049281947,2501.9584092224263,1005.4865447222255,247.83430713446322,2464.0423177758425,1020.2630125540662,-2.1533933583562543,-37.91609144658378,14.776467831840705
1109,Train,Switching,975.2983645070344,1230.895492050331,456.0610828921199,216.51762186782435,12.712974950671196,0.8594376498297789,6,189.13498547571643,13110,1200,250.04489551631343,2504.297574852404,975.2983645070344,250.78588070867895,2516.347230096688,977.3553570644534,0.740985192365514,12.049655244283713,2.056992557418994
1110,Train,Switching,996.581160754431,998.7315160920843,737.8568363375962,264.33251651003957,20.413356280419976,0.8315423319255933,6,199.745525571873,12470,1200,250.01443155949048,2504.783794767661,996.581160754431,250.87160853353595,2525.489042329044,991.694872472493,0.8571769740454727,20.70524756138275,-4.88628828193805
1111,Train,Switching,951.1530642630532,988.711503345985,607.5699433684349,145.25783328106627,17.14840608369559,0.8403680507442914,6,188.638193194169,14325,1200,249.974869352518,2503.489584391465,951.1530642630532,251.2545264698409,2493.0617031541815,953.855699020489,1.2796571173228983,-10.4278812372836,2.702634757435817
1112,Train,Switching,1070.1997491414659,1132.3495424352586,365.7330653630197,189.40660594496876,15.900423725601286,0.7963488468993456,7,191.98329858083514,12675,1200,250.03691651823,2504.6232122110423,1070.1997491414659,248.29534337322636,2526.1324800041207,1077.6916230769848,-1.7415731450036276,21.50926779307838,7.4918739355189246
1113,Train,Switching,963.8274915516376,993.4024708694778,473.85735381394625,177.67771750921384,13.434353528544307,0.8361382587742993,6,192.11884347223446,15170,1200,250.0364073111827,2503.007580360524,963.8274915516376,252.03260120640434,2493.1287966902783,967.5754826446428,1.9961938952216371,-9.878783670245866,3.747991093005112
1114,Train,Switching,1007.6917647034861,686.8974866578355,745.3374252654612,281.3857380952686,21.61536177666858,0.8321743784891442,7,172.98774164084676,12480,1200,250.00268948264028,2504.7753285278877,1007.6917647034861,251.565138928382,2496.8952477275834,1004.0739771254265,1.56244944574172,-7.880080800304313,-3.6177875780596196
1115,Validation,Switching,1084.128785948269,612.3098668293096,525.0943008810282,164.75073910085484,10.905658238567412,0.8599142398941331,7,180.10579853732852,16425,1200,250.0246828901012,2502.380104143529,1084.128785948269,252.66916252931642,2442.1339090296037,1100.1636126197247,2.644479639215234,-60.246195113925296,16.034826671455676
1116,Validation,Switching,982.4277818552218,1202.3452892433852,624.4750942103565,299.1360517172143,29.60413986025378,0.8157548592239618,7,172.04534474098156,10060,1195,250.01633068588188,2496.729052527082,982.4277818552218,249.1332128629151,2558.200633690037,968.8156612754873,-0.8831178229667955,61.47158116295532,-13.612120579734551
1117,Validation,Switching,1060.907059116289,851.2715265969746,467.69416090101004,184.7505892929621,10.962067764252424,0.8569415971287526,7,176.8593703586499,14220,1200,249.96569327081315,2503.553433190455,1060.907059116289,252.0532154900796,2485.5802347715403,1074.5439611941565,2.0875222192664467,-17.973198418914762,13.63690207786749
1118,Hidden Test,Switching,1029.1521214065142,687.9422872094437,558.6532195098698,201.64490949362516,12.575284528080374,0.8112309948680922,7,181.23288256929587,14765,1200,249.97067731118509,2503.230497110859,1029.1521214065142,250.73665143029137,2458.2189517879383,1033.7161299168022,0.7659741191062892,-45.01154532292048,4.564008510287977
1119,Hidden Test,Switching,1066.935807862319,864.2996310372837,655.7209335267544,224.5661312318407,29.877299210987985,0.8366539346589708,7,182.17735530678672,12260,1200,250.03384522880305,2504.955588073567,1066.935807862319,251.25638136162286,2522.486281123783,1052.0867012738684,1.2225361328198119,17.530693050216087,-14.849106588450695
1120,Hidden Test,Switching,957.5882544624619,1140.2337431907654,734.5100252889097,232.66950719524175,9.802341462578624,0.8460524811875075,6,188.63846624077115,11840,1195,250.01705534379286,2494.876336158306,957.5882544624619,251.96464704699838,2551.8853658584994,957.6311624298464,1.9475917032055179,57.00902970019342,0.04290796738450808
1121,Train,Switching,1070.2493279241025,1241.2166050984524,610.3358054533601,299.3746520788409,21.355630272999406,0.8080525537137874,7,189.211407635956,9945,1195,250.06107544326397,2496.8738058810814,1070.2493279241025,252.67634230020727,2528.564002065373,1052.7294278232005,2.6152668569432933,31.690196184291835,-17.519900100902078
1122,Train,Switching,1032.8006455325522,729.6328249620274,738.5625236667693,160.70851140655577,20.669007160235196,0.8037991823861376,7,183.55697865205707,13130,1200,250.02043424873142,2504.282175150038,1032.8006455325522,246.7795605296147,2506.688633291595,1030.3937526518598,-3.2408737191167063,2.406458141557323,-2.4068928806923395
1123,Train,Switching,1050.6331734126434,1113.0011299275793,540.2996223419905,188.31624426646158,21.68440701533109,0.8306658298592083,7,180.6869236093443,11610,1195,249.94647320989952,2495.0807524399843,1050.6331734126434,248.12327716058073,2551.0443635075753,1041.6958617819034,-1.8231960493187955,55.963611067591046,-8.937311630739941
1124,Train,Switching,1025.0413063331507,668.6156623531133,650.8138450793922,242.44247776921839,18.940670527052134,0.8498262536339463,7,172.3110714774203,13690,1200,249.95631380216662,2503.8919692002564,1025.0413063331507,249.41431431227397,2510.882157652712,1030.970252027929,-0.5419994898926461,6.990188452455641,5.928945694778349
1125,Train,Switching,972.3211287055165,652.7312314021401,661.6269720718265,192.57190379546955,13.032028950750828,0.8383087306679227,6,193.31007243811385,16555,1200,249.97149769541292,2502.3189784632314,972.3211287055165,248.25817763204884,2463.9309579191563,975.3749755795081,-1.7133200633640797,-38.38802054407506,3.053846873991688
1126,Train,Switching,1049.1433161427267,659.4215616350994,521.2768283672631,240.7282548211515,8.648838995490223,0.8279351119836793,7,181.02580072092965,15045,1200,249.99507508911145,2503.0744087848466,1049.1433161427267,250.85930875490573,2451.6389519423196,1059.552137358148,0.8642336657942735,-51.435456842526946,10.408821215421312
1127,Train,Switching,1085.2314564632252,710.4117985931225,597.6907074451447,248.27332408865914,26.814018833450973,0.8023844171292149,7,193.21544872931628,13740,1200,249.9866016338595,2503.8599749823347,1085.2314564632252,247.7325935382892,2512.3966641991437,1074.6948177975592,-2.254008095570299,8.536689216809009,-10.536638665666032
1128,Train,Switching,977.3419239441864,605.9080355800688,581.6111362539232,218.1251566344872,15.512033147271723,0.8159889568481594,6,199.62319255709644,17750,1200,250.00117608999145,2501.8136029413263,977.3419239441864,251.4720541163632,2430.434672832674,983.5504190171107,1.4708780263717642,-71.37893010865218,6.208495072924279
1129,Train,Switching,1030.1513573154807,918.2649013004266,527.4038614705205,115.58837954187766,12.969706466421485,0.8149757315334865,7,180.57529067716837,13700,1200,250.0402974303124,2503.888390076831,1030.1513573154807,250.30925017548066,2544.6727201356007,1038.3900509157602,0.2689527451682636,40.78433005876968,8.238693600279476
1130,Train,Switching,954.0815819636919,1166.0560105228797,678.836786840111,296.90139058046043,16.463218201417476,0.8074052130850032,6,196.94398106048365,11650,1195,250.01855259977515,2495.0471683789947,954.0815819636919,253.39538253142126,2536.600213130508,952.1086296371233,3.376829931646114,41.553044751513426,-1.9729523265685884
1131,Train,Switching,1065.0266236392781,929.8679164261557,563.5590333491564,107.75793353794143,15.333852694369853,0.8038396089407616,7,189.2748986584328,13355,1200,249.97724632502837,2504.120817442743,1065.0266236392781,249.6643270279569,2541.9463373441386,1069.8390270267105,-0.31291929707148824,37.82551990139564,4.812403387432369
1132,Train,Switching,1026.2793695903383,1046.6693998780102,618.477616738528,204.64305467437953,11.484700101893395,0.8206428166106343,7,178.65426412727294,11440,1195,250.05405685732563,2495.2440702048198,1026.2793695903383,253.36351902640365,2526.1963967600036,1022.5462350181697,3.3094621690780173,30.952326555183845,-3.7331345721686375
1133,Train,Switching,981.8083917256445,1027.4717385764234,410.9834482893348,185.4318713140674,11.926211629062891,0.8110170587175526,7,172.94129657011183,13170,1200,250.00953703278427,2504.2529713430763,981.8083917256445,250.75524388233904,2503.9186053285725,991.8863027209568,0.7457068495547787,-0.33436601450375747,10.077910995312322
1134,Train,Switching,1062.0367510360666,853.1901866896078,595.5038164742291,164.0899720788002,22.94164831424132,0.8420346843404696,7,180.18205031676428,13260,1200,249.997192283726,2504.188338076682,1062.0367510360666,247.7904659794407,2489.777205582908,1056.7945907726873,-2.206726304285297,-14.411132493773948,-5.242160263379219
1135,Validation,Switching,1093.0256935069337,937.5442409073003,399.87101927399635,112.99014869844541,28.792576028965414,0.8084803470014594,7,193.13583592102557,14745,1200,250.00558476611403,2503.243099966171,1093.0256935069337,245.23557805016023,2512.7084911921906,1080.6320250887634,-4.770006715953798,9.46539122601962,-12.393668418170364
1136,Validation,Switching,974.2974694701843,733.3802359178662,498.08330377563834,114.77770846802741,23.33001681556925,0.8454700071271509,6,192.06229695850482,18535,1200,250.02530489998944,2501.517205331826,974.2974694701843,248.1266173466513,2506.173743876821,975.5241850358384,-1.898687553338135,4.6565385449948735,1.2267155656541036
1137,Validation,Switching,956.2661808915436,600.6876678555273,438.4808639064431,270.2631633565761,16.88827263005078,0.8574323703278788,6,185.87786317690788,19055,1200,250.01154227902558,2501.3335403859633,956.2661808915436,250.52154702195816,2459.741027375758,966.1475376064867,0.5100047429325798,-41.59251301020504,9.881356714943081
1138,Hidden Test,Switching,977.814614737872,847.0292602898553,616.4173253811896,325.59832108207047,17.188619137275964,0.8073821762437001,7,173.01323489118857,11955,1200,250.02652121128077,2505.214388211191,977.814614737872,253.0187710048867,2468.572653089534,975.0162735695756,2.992249793605936,-36.64173512165689,-2.7983411682964743
1139,Hidden Test,Switching,1019.9329426279292,889.1977820196189,406.3448544591665,275.80989581299946,10.27437109965831,0.8369259450281971,7,174.0950999969241,13610,1200,250.00382723075498,2503.9471573609767,1019.9329426279292,253.91962812214317,2459.019886975265,1022.4245022380317,3.915800891388187,-44.927270385711836,2.491559610102513
1140,Hidden Test,Switching,997.3895111470483,1082.9596916679293,401.82630298659205,249.62871642317623,12.243472694884986,0.8141212008334696,7,175.0159751794687,12330,1200,249.99484342225844,2504.8963749161253,997.3895111470483,252.33965030755462,2482.3067276933634,1001.3990884107504,2.3448068852961796,-22.58964722276187,4.009577263702113
1141,Train,Switching,1086.8777554947883,1169.2923530819826,539.2049042508006,322.29703313903883,10.473042160272598,0.8017578463838436,7,193.65978329401304,10530,1195,249.9823413426706,2496.177402808179,1086.8777554947883,251.89394531670987,2499.6899859621003,1082.3019264355091,1.9116039740392807,3.5125831539212413,-4.575829059279158
1142,Train,Switching,1097.0540561829694,982.5386630138382,424.767563957721,188.63994667306542,27.03026201436296,0.802959395623766,7,195.18048967394117,13400,1200,249.99918586901802,2504.09032186602,1097.0540561829694,250.18291464835698,2557.6102862780513,1084.8631637547394,0.18372877933896348,53.519964412031186,-12.190892428229972
1143,Train,Switching,950.6654084892944,706.0619672876783,565.1038184762001,191.17267882218584,9.076547305099666,0.7934889158955776,6,199.6804638025553,17060,1200,249.9740770468905,2502.0964840028987,950.6654084892944,253.24137697356613,2469.827694433544,960.6830313717278,3.2672999266756335,-32.268789569354794,10.017622882433443
1144,Train,Switching,1023.061500384938,943.7998841516674,599.6072224341333,302.7183530339971,14.652879839297384,0.834570915075019,7,175.12189829787744,11585,1195,250.01865591250618,2495.1068877525154,1023.061500384938,254.3199895552488,2489.440303268129,1025.4099051201106,4.301333642742634,-5.666584484386476,2.3484047351726076
1145,Train,Switching,1034.1749105602503,723.1121516204439,662.3816626146436,318.3692679577507,22.49926440231502,0.8513224144023843,7,173.5409175628124,12550,1200,249.97343548604485,2504.718527774061,1034.1749105602503,249.96378993062208,2502.908029107252,1026.6022227710605,-0.009645555422764573,-1.8104986668090532,-7.572687789189786
1146,Train,Switching,982.603392994497,1025.2488976577297,703.7341014482081,173.52516732178628,11.357489478308707,0.8357143820123747,6,195.96076804542125,13115,1200,250.01327521203513,2504.2927547472073,982.603392994497,251.54694601590637,2542.6261877995053,980.5587402309571,1.5336708038712459,38.333433052298005,-2.0446527635398297
1147,Train,Switching,1098.8664393080398,796.2974474416114,449.78272654116154,165.82694752840325,21.978950359858572,0.8458130331593566,7,185.59766017648056,15145,1200,249.97159970186334,2503.0189937357404,1098.8664393080398,247.41656609066817,2462.9023644601407,1098.6534065025896,-2.555033611195171,-40.116629275599735,-0.21303280545021153
1148,Train,Switching,974.4575273594819,821.5990293305367,643.9942116849124,86.0200112638995,9.607411127071828,0.812908405661583,6,199.78829934852308,16080,1200,249.99861766016036,2502.5419294835724,974.4575273594819,251.7035498455744,2494.1200911785677,976.9944191097828,1.7049321854140373,-8.421838305004712,2.5368917503009243
1149,Train,Switching,967.2128099482507,1197.5203339825384,711.4562874659896,280.82594716222957,18.447113897651434,0.8073535843589343,6,199.6673305406515,11395,1195,250.02762193255748,2495.2857129009385,967.2128099482507,255.01338927447233,2503.9318361531427,959.7799535654045,4.985767341914851,8.646123252204234,-7.432856382846126
1150,Train,Switching,1031.6682044533081,1048.1873008189723,639.4399275071919,136.1006860807538,12.709369274321944,0.8029972058860585,7,183.5388354834089,11725,1195,249.97004577074105,2494.9770504147814,1031.6682044533081,254.6243966662864,2533.131125968214,1027.9656878166072,4.654350895545349,38.15407555343245,-3.7025166367009206
1151,Train,Switching,1057.386040710844,750.9057927061804,730.3374998271465,187.07935638492927,14.57391834910959,0.8174703769548797,7,184.78363611861525,12820,1200,250.02484745133503,2504.511639803883,1057.386040710844,250.5803302300015,2528.503303027329,1062.54476198438,0.5554827786664589,23.991663223445812,5.158721273536003
1152,Train,Switching,1039.2409922438674,1024.7746501117945,521.0286258719862,278.6917230533436,21.14124767621979,0.7915328572969884,7,187.56391162202473,11720,1195,249.96875937053775,2494.981497162193,1039.2409922438674,253.2296803016802,2520.635984577477,1035.7094658462709,3.2609209311424365,25.65448741528371,-3.531526397596508
1153,Train,Switching,1090.1782627217472,635.3908191784285,477.2228652611375,163.8912400067784,19.025456288829446,0.8435266430233606,7,184.62932155787212,16755,1200,250.02418833119077,2502.230790466187,1090.1782627217472,248.08242365939898,2471.389840163747,1096.3592632766179,-1.9417646717917876,-30.84095030243998,6.181000554870707
1154,Train,Switching,986.0743930214085,1095.9680087165907,721.1711787618697,205.47236890532076,25.940482758451253,0.806726838783361,7,174.61644221986583,10575,1195,250.03951168917825,2496.129967948721,986.0743930214085,250.94676047738218,2535.8244746936566,975.8344004073147,0.9072487882039297,39.69450674493555,-10.239992614093808
1155,Validation,Switching,990.196769288741,655.5123297148384,604.807860776782,173.0541639099829,11.625534658320248,0.7908611142705195,7,178.86412515987828,14920,1200,250.00193371396293,2503.1439587918426,990.196769288741,251.17911458541127,2486.997544598484,993.8851898247416,1.1771808714483427,-16.146414193358396,3.6884205360005353
1156,Validation,Switching,1009.3254401697777,1092.738112481311,663.9213147573173,311.7960079526529,13.205585680436343,0.7922216208837927,7,182.00632852562984,10340,1195,250.02410420646584,2496.3957223927546,1009.3254401697777,250.45926340415465,2551.089336275174,1004.3384447990132,0.4351591976888187,54.69361388241941,-4.986995370764475
1157,Validation,Switching,1038.4804213885218,1071.5616756933741,351.03242825716734,203.1699691270478,12.565280936658382,0.820050957670901,7,180.9086917403282,13155,1200,250.01345424343523,2504.263897822199,1038.4804213885218,253.32459163020997,2482.9827244836238,1045.88300667674,3.311137386774732,-21.281173338575172,7.4025852882182335
1158,Hidden Test,Switching,1025.4902302403934,1080.571376136504,395.1124903745949,181.54247609898448,12.316017671022564,0.7979779452970251,7,183.58728481590575,12905,1200,250.0085391753357,2504.4470459856016,1025.4902302403934,250.01229490301915,2536.8193225377613,1029.2398868923926,0.0037557276834547793,32.37227655215975,3.749656651999203
1159,Hidden Test,Switching,988.7139230268076,721.9243690487929,389.28315341472626,258.353022725787,18.926927777938545,0.7952597635961138,7,177.60844017555553,15615,1200,249.99905316951387,2502.7724858456563,988.7139230268076,250.44560209584662,2467.2677267638983,990.964218942729,0.44654892633275267,-35.50475908175804,2.250295915921356
1160,Hidden Test,Switching,1075.04875556333,882.8117397613823,635.889536794275,314.7872998798266,20.262752620037645,0.8520402477029712,7,180.24781583491944,11665,1195,250.02207922799582,2495.0336324357245,1075.04875556333,253.023045521208,2454.9233206184263,1063.3757745167625,3.000966293212173,-40.110311817298225,-11.672981046567429
1161,Train,Switching,956.0426520183682,949.9646380892955,499.3290873244405,138.4411896415986,19.45805541239679,0.8118871391681023,6,196.25934974943573,15715,1200,250.01199776909044,2502.7221621321596,956.0426520183682,252.52343362416798,2551.2859303345936,952.4276531158042,2.5114358550775364,48.56376820243395,-3.6149989025640252
1162,Train,Switching,1020.9511370048858,715.8440985018387,627.8479726053774,199.3925968836993,9.878345285076648,0.8087063469411806,7,180.34996631463,13860,1200,250.01603693994625,2503.7826044693084,1020.9511370048858,248.94635119015905,2515.255368086739,1023.9284514413858,-1.0696857497871974,11.4727636174307,2.9773144365000235
1163,Train,Switching,1022.9887786088511,955.8710734010674,597.3212886601686,181.52141022263095,28.624367983080447,0.8323516939464025,7,175.57632807123136,12330,1200,250.03834560542856,2504.8981158112188,1022.9887786088511,247.11109520147915,2474.3113374665013,1008.6851353649874,-2.927250403949415,-30.58677834471746,-14.30364324386369
1164,Train,Switching,1094.884465856012,604.069754993543,388.38449819013476,112.04820200335234,16.136182847898453,0.8375630704686046,7,186.74661296056013,19360,1200,249.9694770096744,2501.2295296921347,1094.884465856012,245.85775586102545,2466.6736892936965,1114.355858589029,-4.11172114864894,-34.55584039843825,19.471392733016955
1165,Train,Switching,1003.0143262352794,846.0768892313354,680.7642897590995,282.39903387846425,13.357751864939928,0.8571888144337573,6,195.0201070728802,13790,1200,249.99355081630722,2503.8273849661305,1003.0143262352794,250.81760539403197,2475.7507350172386,1007.3087440809487,0.8240545777247519,-28.076649948891827,4.2944178456692725
1166,Train,Switching,1063.5309482109733,760.2512870682403,735.8778123743832,180.0435370951891,10.42883192980662,0.8048319078935311,7,188.77605511344413,12760,1200,250.02552935795933,2504.557336151814,1063.5309482109733,249.60313738439578,2524.5056611161053,1073.6384987710949,-0.4223919735635491,19.94832496429126,10.107550560121581
1167,Train,Switching,955.743625597097,789.8312163655646,540.0708146393299,153.2279498479329,13.47691088821739,0.8291036082594656,6,192.1238825634604,16825,1200,250.0359711999159,2502.200225352463,955.743625597097,248.4406205818846,2527.013631200539,961.1787520633613,-1.5953506180313184,24.813405848075945,5.435126466264364
1168,Train,Switching,1099.2839045706205,1148.8843014463782,500.9595169685781,320.2558197500184,19.210002550389618,0.8303730812575668,7,189.12048251608937,10855,1195,249.9962228267283,2495.8255592469623,1099.2839045706205,253.85587582015003,2521.0824040224074,1097.736540094313,3.8596529934217187,25.256844775445188,-1.5473644763073935
1169,Train,Switching,1030.621285084635,729.8513581394218,587.1392020955682,220.49707172671333,25.365295263007283,0.819562758274842,7,179.64653794770584,13910,1200,250.00817891121957,2503.750023003175,1030.621285084635,251.0633599595791,2530.2307280329314,1021.6445730225732,1.0551810483595148,26.480705029756336,-8.976712062061779
1170,Train,Switching,1020.5034117796458,1149.9117472441867,537.4004998244345,149.62341000325978,26.96863488899544,0.8223975926125422,7,177.26973302497385,11640,1195,249.95546488446772,2495.053614972585,1020.5034117796458,248.39022307905216,2483.534050731402,1010.8408546265183,-1.5652418054155532,-11.519564241182707,-9.662557153127523
1171,Train,Switching,1024.717347486876,722.3550818511285,378.346111997962,146.5628730203025,19.020337876863778,0.82531176117016,7,177.37320535765792,17145,1200,249.98329379855596,2502.06057358606,1024.717347486876,245.6688868281002,2478.9172743641966,1037.8450692552462,-4.314406970455764,-23.143299221863344,13.127721768370293
1172,Train,Switching,1024.7429837821983,1035.4577912483364,709.028812032193,159.85942193772644,13.571974083315581,0.7943098563142121,7,184.30069029398877,11230,1195,250.00043094630865,2495.4443891691585,1024.7429837821983,249.72062598076005,2545.2444656338103,1019.7005378117411,-0.2798049655486068,49.80007646465174,-5.042445970457152
1173,Train,Switching,997.3737247753888,966.7817834648304,689.4252179190516,239.5524366130121,14.914183512330055,0.8552411345974542,6,194.36501286560812,13160,1200,249.98130021694328,2504.2590812918293,997.3737247753888,252.5059566312045,2528.9126990335108,996.602416836043,2.524656414261216,24.6536177416815,-0.7713079393458884
1174,Train,Switching,958.8376720552333,866.4477100363001,582.6106798835099,321.4751802571118,10.942232674453408,0.8060234453296289,6,198.26504998315318,14090,1200,249.96738658842722,2503.6342543017545,958.8376720552333,252.9157095749712,2467.35210716055,962.7302433578848,2.9483229865439853,-36.282147141204405,3.892571302651504
1175,Validation,Switching,986.2902996363118,1017.7867541206069,657.9057142138481,113.36187166860327,28.104143406264484,0.810671661158558,7,173.80478556805096,11955,1200,250.0281118294474,2505.214443124026,986.2902996363118,247.6720246637321,2535.8067542950166,978.0908495334846,-2.3560871657153086,30.592311170990797,-8.1994501028272
1176,Validation,Switching,1011.6873259539716,737.1228321455419,525.7669172249734,156.4506800333038,19.19354968285188,0.8424342777300626,7,171.5584997799406,15065,1200,249.96021006059559,2503.0622645076455,1011.6873259539716,247.00017855036097,2449.35289324976,1016.196839264389,-2.9600315102346144,-53.70937125788532,4.5095133104174465
1177,Validation,Switching,1088.3502542972565,1217.258792591747,470.1125906780362,145.265967103187,20.576029447838664,0.8237595969927498,7,188.74269668523127,11670,1195,250.01312820151327,2495.0286979250573,1088.3502542972565,249.49515374655346,2559.171758105768,1081.2560953102113,-0.5179744549598126,64.14306018071056,-7.094158987045148
1178,Hidden Test,Switching,1013.3714875788428,646.68026661966,518.762628827244,148.2349109556526,10.127439674455673,0.8463742414163427,6,199.55149822042534,18995,1200,250.03235102119834,2501.3547267828258,1013.3714875788428,248.8248598042487,2440.504452357895,1019.63033003131,-1.2074912169496486,-60.85027442493083,6.258842452467206
1179,Hidden Test,Switching,950.8572340710089,1132.7930484549142,659.1837529093027,192.96159139601514,25.77031918708235,0.8337130070733838,6,190.08484254648596,12570,1200,250.0064827604023,2504.704048604516,950.8572340710089,251.79040071068442,2560.417974076106,937.0205736912881,1.783917950282131,55.713925471589846,-13.836660379720797
1180,Hidden Test,Switching,1087.2695051482879,636.6909823846072,664.39872039482,220.30773553531617,11.740784551482648,0.849178801998496,7,182.91108380901278,14055,1200,249.9703363494681,2503.6563587679175,1087.2695051482879,252.38545167908282,2453.069220673965,1089.363430263027,2.415115329614707,-50.58713809395249,2.0939251147392497
1181,Train,Switching,986.7768749129027,656.8732463638298,623.1371914967895,191.31461412878707,9.504774700850248,0.8482349986978807,6,193.88826532499772,16960,1200,250.0359972554769,2502.141323479406,986.7768749129027,248.50787830309727,2448.9198015238535,1000.8451406322719,-1.5281189523796286,-53.22152195555236,14.068265719369151
1182,Train,Switching,964.5059332367964,703.7017560331151,546.249355841428,113.4119638428092,17.515655177179724,0.850859560626559,6,188.9277576600597,18300,1200,249.99476674659485,2501.6026364025984,964.5059332367964,248.37427051663994,2447.9063806679155,970.5472157209302,-1.6204962299549095,-53.696255734682836,6.041282484133831
1183,Train,Switching,977.9170211637393,1098.6053324420936,592.7245281636715,292.29301526909694,15.942685238085687,0.8324436090304517,6,195.79244578955536,12580,1200,250.03927821644768,2504.697484701465,977.9170211637393,254.33536720562915,2517.270777156595,978.059716230494,4.29608898918147,12.573292455130286,0.1426950667547544
1184,Train,Switching,1041.672147612553,1106.6315837204456,467.1301274560392,154.89434548188,14.109859318938106,0.8306520254444332,7,179.14879184478437,12370,1200,249.97316782824709,2504.86285263702,1041.672147612553,253.80167375840412,2519.3610172969175,1040.8819872972192,3.8285059301570357,14.498164659897611,-0.7901603153338783
1185,Train,Switching,1084.619631525129,1152.8230994357727,702.6353919878602,155.17236383864656,15.738325441256166,0.8388364619319327,7,184.71498161821683,10635,1195,249.96840272880607,2496.060516483258,1084.619631525129,255.57232860575755,2512.1631150709773,1083.0069003894266,5.603925876951479,16.102598587719058,-1.612731135702461
1186,Train,Switching,1027.7653367840685,741.3563559995964,621.9473295845091,94.50240262784064,23.026096769142896,0.7992850322136655,7,183.69369326727517,14670,1200,250.00298709949078,2503.2861808006996,1027.7653367840685,247.40284947591638,2466.9748630550207,1025.0355769584523,-2.6001376235743976,-36.311317745678934,-2.7297598256161564
1187,Train,Switching,1036.3479181891307,1050.3804878913797,371.5702038258314,228.71898823184893,10.895517815835774,0.8440460436861031,7,175.40477051688694,12955,1200,249.98418728316165,2504.4088783409193,1036.3479181891307,250.2046217224016,2507.241900045342,1040.409658319198,0.2204344392399662,2.833021704422663,4.0617401300671645
1188,Train,Switching,1044.0106417401694,1028.3619225490838,646.969351451844,207.59535608347505,27.280961878132075,0.8035662965290249,7,185.60307722670356,11360,1195,250.05035995113133,2495.3202221136344,1044.0106417401694,248.4215122705224,2497.8934755043824,1024.612050448553,-1.6288476806089136,2.57325339074805,-19.398591291616412
1189,Train,Switching,956.4096859190613,894.0800262498669,601.7770720645785,158.31592607544735,19.07635999470949,0.8005435566068627,6,199.11672888290295,15085,1200,250.03150470268184,2503.0536617224957,956.4096859190613,251.5613818627794,2530.0273319764124,955.3283945192703,1.5298771600975556,26.97367025391668,-1.0812913997909845
1190,Train,Switching,1045.0661997427233,606.6601268714294,566.0768297500908,192.16684943065047,15.397768108639866,0.793673501922749,7,188.10653377004013,15670,1200,250.02651150468515,2502.745378035791,1045.0661997427233,247.66769287142898,2479.9837512242766,1053.7748297046792,-2.3588186332561634,-22.76162681151436,8.708629961955921
1191,Train,Switching,1022.8371347533539,1107.587263372261,591.8516278266907,189.52213214477524,19.97022421937436,0.7984707938856446,7,182.999292895837,11320,1195,249.96824948329024,2495.355203159467,1022.8371347533539,252.00784196220818,2542.2215385567724,1012.7169116020926,2.039592478917939,46.86633539730565,-10.120223151261257
1192,Train,Switching,1031.4292074064724,976.4299691654742,748.6888266168535,88.46975448075682,23.584278596099466,0.8107571250293404,7,181.74003666531297,11790,1195,249.95861983494632,2494.9182730785046,1031.4292074064724,249.59574086141916,2476.03946652982,1025.0838553001677,-0.3628789735271596,-18.87880654868468,-6.345352106304745
1193,Train,Switching,958.0195618793368,1235.4720626375638,742.9267527535558,140.97143847728148,11.753058334812522,0.823785338413436,6,193.82467681132164,11770,1195,249.94912605370757,2494.9357481111238,958.0195618793368,253.04261682235327,2493.1329098666765,950.2565820479657,3.093490768645694,-1.80283824444723,-7.762979831371126
1194,Train,Switching,1005.0388526753522,737.1917587006465,728.8279236294329,232.5040443520993,17.102911074180156,0.8289748708577827,7,173.1982283190989,12590,1200,249.98420148374964,2504.687446317762,1005.0388526753522,253.38371553739375,2444.9303882091244,1009.7813257123954,3.3995140536441113,-59.757058108637466,4.742473037043169
1195,Validation,Switching,1018.9334450988099,721.8242673785426,652.8322774916887,324.44940144894645,25.508814469911158,0.7982696226867847,7,182.34681189354896,12585,1200,249.97077748584158,2504.690835534713,1018.9334450988099,246.1812476022168,2479.5189565677597,1013.6422489153468,-3.789529883624766,-25.1718789669535,-5.291196183463057
1196,Validation,Switching,992.484074679669,1205.8709451463073,435.1777474395931,195.3025486273691,10.971844899933785,0.8387631380930544,6,197.2118288634903,13585,1200,249.96753374374043,2503.962658153157,992.484074679669,252.13657246014165,2542.0378762814244,997.6481980615482,2.169038716401218,38.07521812826735,5.164123381879222
1197,Validation,Switching,999.6093121822923,928.3385130460374,360.3828540071845,214.05843620421365,23.62350345030427,0.794053996282164,7,179.83831197924246,14230,1200,249.985961729053,2503.547981790722,999.6093121822923,250.93461844002172,2532.6505582056684,992.1046636277782,0.9486567109687201,29.10257641494627,-7.5046485545141195
1198,Hidden Test,Switching,1057.2455948335119,1072.9852714342996,573.0020676739514,211.95135816931725,20.62569228792563,0.8588833562238143,7,175.85052019200862,11510,1195,249.9897161957506,2495.17536844149,1057.2455948335119,251.75311115188447,2498.077502413567,1049.211219428575,1.7633949561338795,2.902133972077081,-8.034375404936782
1199,Hidden Test,Switching,954.6915972838178,670.9758521174081,647.6553298532963,100.219529455062,27.472919865511358,0.8445129317580723,6,188.410692400802,17585,1200,250.00445094656124,2501.87949750973,954.6915972838178,246.6351833878213,2514.540014915183,955.6741670473344,-3.369267558739949,12.660517405452993,0.982569763516608
1200,Hidden Test,Switching,1003.4075219067745,993.5189688578248,605.4352327249944,95.7367252977565,28.389005237724632,0.7904353331681341,7,181.34808210866885,12620,1200,250.01469496223706,2504.665134823557,1003.4075219067745,251.98015958349058,2551.330715272251,997.0727379670448,1.965464621253517,46.66558044869407,-6.334783939729732
1201,Train,Switching,1079.4613574631512,822.913373389747,556.9450775161386,173.4873372898437,14.082504587247968,0.8540868592192419,7,180.55396086160104,13770,1200,250.04439585734363,2503.842336502245,1079.4613574631512,248.36464067676445,2476.035999837786,1091.673725294806,-1.6797551805791784,-27.80633666445874,12.212367831654774
1202,Train,Switching,1022.6390681811608,1164.955918234773,628.9193340577185,266.84350815601647,29.949874014128,0.838480923944153,7,174.23329652778358,10380,1195,250.05300842350908,2496.3508733147883,1022.6390681811608,251.7859419570148,2514.751249202598,1007.3687045981461,1.7329335335057294,18.400375887809787,-15.270363583014728
1203,Train,Switching,984.3772692373022,641.1121379234828,556.0438569635153,108.39961525751278,23.717108410783112,0.806134854152333,7,174.44392021063004,16380,1200,249.99109224612434,2502.399900317773,984.3772692373022,249.0757933402622,2485.017868387874,991.1670880505754,-0.9152989058621301,-17.382031929898858,6.7898188132732
1204,Train,Switching,963.3465231745504,846.5550290886313,450.4541146568954,129.76653621997684,25.8392324144952,0.8330443778075278,6,192.73613524047022,17485,1200,249.97118524597198,2501.9190399327554,963.3465231745504,247.1995391144627,2520.3454455337865,958.2003832247381,-2.7716461315092715,18.426405601031092,-5.146139949812323
1205,Train,Switching,1002.9227469582111,690.0935195269994,515.559914521873,274.46669361786917,28.434592366218567,0.7997105125174858,7,179.15817773341396,14450,1200,250.0232188484849,2503.4160752871735,1002.9227469582111,249.79694523745275,2521.881967515264,996.7917680709378,-0.22627361103215549,18.465892228090524,-6.1309788872732724
1206,Train,Switching,1090.1046157930978,1124.390541925095,577.8412622399628,312.16072702780366,20.599219432566315,0.7929256431525573,7,196.3982779121994,10615,1195,249.9652385475386,2496.0823227117357,1090.1046157930978,253.92673891780456,2563.430254639435,1086.944565356465,3.961500370265952,67.34793192769939,-3.160050436632673
1207,Train,Switching,1067.2013216884807,1100.039428297896,370.20414620637894,80.55710127344355,18.385247121565044,0.8175498314551078,7,186.4807817260916,13790,1200,249.99737560684792,2503.827520893837,1067.2013216884807,251.10905712644023,2534.07009240123,1067.437517363881,1.1116815195923095,30.242571507392768,0.23619567540026765
1208,Train,Switching,1062.1697551454417,804.0725368075073,653.2453528605402,308.3733623335138,28.236056303139776,0.8498547063488514,7,178.54644484025795,12110,1200,249.96236653655436,2505.0784419161514,1062.1697551454417,246.48344046030383,2468.5325652265683,1054.1290281082713,-3.4789260762505307,-36.54587668958311,-8.040727037170427
1209,Train,Switching,1098.1735911220312,1172.7479113615118,547.2942786291242,175.9764575236477,9.933935774490237,0.8079407733422704,7,194.17505189133612,11280,1195,250.01534874856554,2495.396115818615,1098.1735911220312,253.65084808447068,2500.7784208835365,1098.7074990076558,3.6354993359051377,5.382305064921638,0.5339078856245578
1210,Train,Switching,1076.4303746283986,620.5336345592514,720.159335527569,306.49763501249254,11.074382286984473,0.8389037125604227,7,183.30562316230197,12985,1200,250.03497571913422,2504.3886259504043,1076.4303746283986,249.4779501895942,2438.009902244089,1079.3036789870325,-0.5570255295400273,-66.37872370631521,2.873304358633959
1211,Train,Switching,983.5520979715511,778.907265572343,485.1821456104517,177.0933914068155,24.398661204613745,0.8368844253080897,6,195.87573230506456,17310,1200,249.96817100692422,2501.990925711801,983.5520979715511,248.74220786709938,2451.4681135397595,983.7749189775258,-1.2259631398248416,-50.52281217204154,0.2228210059746516
1212,Train,Switching,1051.9367132685147,1219.9417050462216,639.2530734650791,246.58540617208928,19.63585193036124,0.8206341634690761,7,183.122614209488,10155,1195,249.98184862582985,2496.6120919126993,1051.9367132685147,254.06233638382878,2527.7665047274954,1041.1693405065855,4.080487757998924,31.15441281479616,-10.76737276192921
1213,Train,Switching,978.0404161196202,639.2240625689737,556.8872636184096,278.0635140207596,28.212931033223867,0.8034322756924667,7,173.90396636136796,14505,1200,249.96675184951977,2503.38146657982,978.0404161196202,246.95290741277762,2494.3897492750916,978.043221842555,-3.013844436742147,-8.991717304728354,0.002805722934795085
1214,Train,Switching,1064.548852678854,1095.8003501174971,584.5990826375782,162.78406504541636,26.030030908528715,0.8230639086989686,7,184.77108025055253,11605,1195,250.05145800534132,2495.089833361657,1064.548852678854,250.28052762660323,2531.666826094823,1058.0100200100544,0.22906962126191388,36.57699273316621,-6.538832668799614
1215,Validation,Switching,1004.6945207053795,740.7783771981485,584.9230341613293,178.6653598374687,9.504840112291276,0.8446681133075618,6,198.24246250818058,16585,1200,249.99842685149113,2502.3061884415642,1004.6945207053795,250.3676069886177,2522.174723455854,1014.6425550112199,0.3691801371265626,19.86853501428959,9.948034305840338
1216,Validation,Switching,1080.622687365394,877.7540069073439,683.4102331660688,181.742462371476,23.94523693760857,0.8240679446142167,7,187.3324531460782,12270,1200,249.99667061646448,2504.9458084962716,1080.622687365394,249.38139005242735,2473.978612439778,1077.5469136183674,-0.6152805640371355,-30.967196056493776,-3.0757737470266875
1217,Validation,Switching,1084.5731901936233,924.2080259486102,607.1300262585282,237.1157286525704,18.318212339654565,0.8268714147363789,7,187.37983247360762,12095,1200,250.0431043787173,2505.0945231491405,1084.5731901936233,253.91344805550872,2515.834086259821,1077.9162714382721,3.8703436767914354,10.739563110680592,-6.656918755351171
1218,Hidden Test,Switching,1022.3937404924072,930.6477203266695,534.6898042596877,136.7890910897404,23.035956614185125,0.7991532060364261,7,182.76376486827868,13350,1200,250.03079741243104,2504.1262994551735,1022.3937404924072,250.09026445332165,2507.38331326401,1024.392525587428,0.059467040890609724,3.2570138088367457,1.9987850950208212
1219,Hidden Test,Switching,1071.4047353481874,827.5677626603283,555.2839171141386,271.6010004351847,26.855440472252667,0.8003268192778342,7,191.24414632707837,12925,1200,249.97725205008868,2504.4308999420364,1071.4047353481874,251.41827914505168,2501.8592831381166,1065.1750111826962,1.4410270949630046,-2.5716168039198237,-6.229724165491234
1220,Hidden Test,Switching,1034.1933465912007,1101.127961697057,580.0849082879722,190.24701630230993,27.69682841701433,0.8425455833040179,7,175.3518261605743,11425,1195,249.94963029672573,2495.2537500305134,1034.1933465912007,252.30971804701332,2556.49835119235,1014.5645134435122,2.3600877502875903,61.24460116183673,-19.62883314768851
1221,Train,Switching,990.60477190651,1004.5941443997435,363.32379411906004,256.7707609687932,22.072834484279156,0.7964064005226829,7,177.69190117299308,13165,1200,250.03822245366672,2504.257637857457,990.60477190651,249.86355667146086,2523.6120086202973,988.4261586361692,-0.1746657822058637,19.354370762840063,-2.1786132703407475
1222,Train,Switching,1092.2157070715912,752.6353236055002,728.7499246187508,87.93950958177447,14.265916480217129,0.8530723189702258,7,182.9045578272801,13625,1200,249.95647469751563,2503.9353532801406,1092.2157070715912,250.24988826342246,2461.6885501302186,1104.8251826822413,0.29341356590683176,-42.246803149922016,12.609475610650179
1223,Train,Switching,1024.509050627239,1089.2571710166521,655.2496463060379,181.21546679874882,28.582335892133415,0.8213229279196822,7,178.19840507143834,11105,1195,249.9931238832751,2495.5683061663262,1024.509050627239,252.55615968187107,2520.4688715158977,1006.8543737012699,2.563035798595962,24.90056534957148,-17.65467692596917
1224,Train,Switching,1070.622683770489,635.1574991829693,682.1672088466585,278.58292082790285,11.987109122332186,0.8472897353116423,7,180.51215694858288,13400,1200,249.99281320055982,2504.0900974891056,1070.622683770489,252.89539922437382,2463.7585655359862,1078.7610912378996,2.9025860238139956,-40.33153195311934,8.138407467410616
1225,Train,Switching,1070.0115302577615,720.5208175233565,699.0659983828664,314.61589362705126,14.983377343043685,0.8007081710663625,7,190.90449624517964,12330,1200,249.96435227469658,2504.895140812735,1070.0115302577615,249.0110325830551,2496.1314511026067,1067.5657437612797,-0.9533196916414681,-8.763689710128347,-2.4457864964817873
1226,Train,Switching,977.7009301469661,1146.7066571349278,689.6379680372775,319.48402400128543,25.957960490603,0.8325699156941846,6,195.7194848778903,11575,1195,250.03702070677147,2495.1169029502994,977.7009301469661,249.48196265950713,2524.5650677769386,962.1175064588995,-0.5550580472643389,29.448164826639186,-15.58342368806666
1227,Train,Switching,1017.7959258435294,811.7912190617062,677.6017654687166,219.43375292001292,10.340463639236987,0.8072855338337832,7,180.10903439226522,12515,1200,250.00219617647582,2504.7474222040464,1017.7959258435294,253.33334443485487,2534.8648573029736,1017.0575177655186,3.331148258379045,30.117435098927217,-0.7384080780108206
1228,Train,Switching,966.9480691081844,687.2841519769281,415.54681761190295,86.88290118705481,14.17015305487439,0.8192955097183585,6,196.70315485242986,20970,1200,249.98219979830068,2500.7361963296225,966.9480691081844,246.4487734429246,2482.9034907955443,984.9489081769933,-3.5334263553760934,-17.832705534078286,18.000839068808887
1229,Train,Switching,985.8938866760582,1064.2285338486545,444.61453165858984,297.3351271194406,13.410722244530916,0.839755914809648,6,195.6707239348107,13815,1200,250.0229020811154,2503.8121067099296,985.8938866760582,252.77387026802933,2519.839359103966,990.7558381142629,2.750968186913923,16.027252394036623,4.8619514382047555
1230,Train,Switching,1093.7361108255573,1186.2224620534107,440.5191604979336,267.53438256680965,27.989993060473353,0.8357942539406941,7,186.94554921325104,11290,1195,250.00747591023762,2495.3860138164896,1093.7361108255573,250.19579124239732,2527.5206218874027,1081.4818059467077,0.18831533215970353,32.134608070913146,-12.254304878849553
1231,Train,Switching,981.2697550514713,922.5614001159556,730.2905805408955,125.6262644729577,18.286218195222318,0.8489746749191546,6,192.6382070122635,14030,1200,250.01999224947028,2503.6738950518993,981.2697550514713,253.02000092821618,2512.8725934664917,983.8317283119674,3.0000086787458997,9.1986984145924,2.5619732604960745
1232,Train,Switching,1037.9561632755212,678.374326042831,675.2311541698873,255.82613800186664,13.400960424449295,0.7990490968432278,7,185.56988861173224,13290,1200,250.04175785292543,2504.168823335951,1037.9561632755212,248.65669272385892,2484.140512181035,1043.9657276269138,-1.3850651290665041,-20.028311154916082,6.009564351392555
1233,Train,Switching,1083.3955288864672,721.8964186846279,559.0801307931542,329.45979012409225,18.223250212147832,0.8369409524579533,7,184.92438371714084,13280,1200,250.00969997514022,2504.1746720200904,1083.3955288864672,251.9724852350056,2493.039312560185,1087.2346323511376,1.9627852598653703,-11.13535945990543,3.8391034646704156
1234,Train,Switching,981.163722614292,1166.7772517772391,662.8976562060416,121.01471905596554,15.414318934548646,0.8104209885979071,7,172.95485687044555,10965,1195,250.04147370180246,2495.7130404800164,981.163722614292,252.40488762509935,2507.637115687523,981.5586968945869,2.363413923296889,11.924075207506576,0.39497428029483217
1235,Validation,Switching,1040.215198113583,764.8842334398068,369.7603549808264,142.06353072775528,17.460141685791314,0.839423300146591,7,177.02888534679997,16750,1200,249.989335897488,2502.2319733031864,1040.215198113583,247.85367023645,2465.521055847456,1049.0446821888004,-2.13566566103799,-36.710917455730396,8.829484075217351
1236,Validation,Switching,972.5934398709796,1167.2828993294388,609.3541639856994,320.14717841055244,11.622151985298842,0.7954944430477917,7,174.66108179114102,10200,1195,250.0166992079661,2496.5599429261506,972.5934398709796,251.9661102805926,2525.719553982493,974.739603635936,1.9494110726265035,29.159611056342328,2.146163764956327
1237,Validation,Switching,961.38004665263,1066.1135475966148,507.69688468426466,143.37891548173502,16.651212081313133,0.8535827281908133,6,187.71467894512023,14530,1200,250.00702616252897,2503.368087969596,961.38004665263,250.50325465895185,2493.8552494740443,966.2914240871515,0.4962284964228729,-9.512838495551932,4.911377434521569
1238,Hidden Test,Switching,1026.3712448184378,737.3302934458479,633.1643891520798,267.05034675076604,11.294923460576683,0.8525759012019262,7,171.9781937758105,13060,1200,250.00655010379757,2504.3324771248444,1026.3712448184378,249.36414340597014,2494.557196817174,1037.0490364972184,-0.6424066978274254,-9.775280307670528,10.677791678780522
1239,Hidden Test,Switching,1083.040808630176,1195.3798042726703,517.4776300787926,327.8963070898317,22.042661185376346,0.8021007217071019,7,192.89362461775062,10480,1195,250.01581700397946,2496.2351371976793,1083.040808630176,250.97359300664107,2564.2668945114683,1074.4771225492145,0.9577760026616033,68.03175731378906,-8.56368608096136
1240,Hidden Test,Switching,1071.6950672562234,674.6843985281885,597.3257324658334,304.5374253252521,27.08777274703607,0.8222167224157602,7,186.2030911661534,13565,1200,250.00138776072953,2503.977398634846,1071.6950672562234,247.66654571059644,2483.4113251551244,1061.9385161886637,-2.3348420501330907,-20.56607347972158,-9.756551067559712
1241,Train,Switching,1084.6837393939495,759.1412755078636,525.4208670929074,150.7656317972578,27.56102049164474,0.8244506602478214,7,187.94917317046423,14900,1200,250.00737868859568,2503.1553300403257,1084.6837393939495,244.79220171832927,2480.727895944036,1078.864411132289,-5.215176970266413,-22.427434096289744,-5.81932826166053
1242,Train,Switching,963.0581303150393,685.6822924921289,393.91054967418313,268.8272555079311,29.69123723777011,0.8022713013039903,7,171.48779057474704,15860,1200,250.00222901842417,2502.649423072581,963.0581303150393,248.03358036335482,2472.0125506160134,958.2257028155938,-1.9686486550693587,-30.636872456567744,-4.832427499445544
1243,Train,Switching,1008.3707087440416,770.6569444970228,690.9126702696085,178.06731826392934,13.451622896827757,0.8084413015353493,7,178.18604531761073,13045,1200,250.03846323094515,2504.3446545145575,1008.3707087440416,252.19632188575648,2494.8511500412133,1011.6569013776312,2.1578586548113208,-9.493504473344274,3.2861926335896214
1244,Train,Switching,958.1258997670375,1244.453003956005,528.3717240206897,260.22045481484383,9.017955060582608,0.8563113553076983,6,186.48316289557127,12270,1200,249.95380892096398,2504.9440822440565,958.1258997670375,251.8454632126772,2511.9128237264586,960.4046769985816,1.8916542917132233,6.968741482402038,2.2787772315441543
1245,Train,Switching,1036.1633456777781,939.6228314260952,748.1068944558501,188.0758206662722,26.86821375414729,0.8303856008895674,7,178.2585523379168,11400,1195,249.98180481488333,2495.278941584035,1036.1633456777781,250.27669808294291,2524.4376863033776,1022.3966465885,0.2948932680595817,29.15874471934285,-13.766699089278177
1246,Train,Switching,971.024257701356,1197.8290303377435,516.2566860206425,145.45356195420027,21.132135140243918,0.8295748497126625,6,195.0847188045955,13415,1200,249.95665663318903,2504.078357183068,971.024257701356,252.31106800133006,2510.921212274539,964.8913599720926,2.3544113681410295,6.842855091470938,-6.132897729263391
1247,Train,Switching,969.35306082014,1202.21130392747,580.2240334451199,176.0608920431696,13.750373206101358,0.8445821222080849,6,191.28849548418344,12740,1200,250.01181997548997,2504.5721127862926,969.35306082014,253.65870574550144,2510.339005660752,963.9257009455058,3.6468857700114654,5.766892874459245,-5.427359874634135
1248,Train,Switching,1067.9273282992654,693.3726325631142,586.714646127075,292.98241161275655,17.478191079106182,0.8129073237907142,7,187.67335763255153,13595,1200,250.00134911378723,2503.9571532811915,1067.9273282992654,252.30859178380152,2490.1377914583813,1067.784936192054,2.30724267001429,-13.819361822810151,-0.14239210721143536
1249,Train,Switching,1095.2574445866048,1177.8964287950657,692.5134086981416,221.2752895266749,13.307841593399644,0.8416146557335742,7,185.91091321987304,10225,1195,250.0200342796793,2496.5303836386524,1095.2574445866048,253.20708628617282,2565.831752614135,1094.4408383784107,3.1870520064935306,69.30136897548255,-0.8166062081941163
1250,Train,Switching,1024.3236178182997,623.223205213435,509.44743091240525,285.85416280664504,26.42391971545294,0.8032295536110178,7,182.17948374130518,15075,1200,249.98253782882293,2503.057516559546,1024.3236178182997,249.66814789612036,2452.2726856069303,1024.7382583996036,-0.3143899327025679,-50.78483095261572,0.4146405813039564
1251,Train,Switching,970.654086000286,720.9425622248091,701.8962662667036,221.89673372311518,27.335136611945927,0.7946533922175877,7,174.49729754710947,13005,1200,250.04722499751855,2504.3743346547635,970.654086000286,251.31143351832173,2521.420591630165,961.6037880606565,1.2642085208031801,17.04625697540132,-9.050297939629559
1252,Train,Switching,1018.5637402697466,1012.4583490658551,649.644938390702,195.9387327497825,28.07696459395811,0.8558135339431465,6,198.36169521194864,13430,1200,250.03484075921625,2504.0708864640214,1018.5637402697466,250.22868181006123,2487.615224337136,1008.4923646078605,0.1938410508449806,-16.455662126885272,-10.071375661886123
1253,Train,Switching,967.2802789602429,997.5681414711289,666.3854850456119,107.4517101352103,18.281022764742374,0.8428531124652364,6,191.27102628259726,14085,1200,250.00189811389734,2503.638604067758,967.2802789602429,251.78908249347313,2496.1258658313027,969.5572132985533,1.7871843795757911,-7.512738236455334,2.2769343383104115
1254,Train,Switching,1078.6269846488722,890.4757261043414,633.9618531055748,141.22984131798148,22.136038957629353,0.8009436835488305,7,192.38502331750882,12840,1200,250.01652767235794,2504.496183188377,1078.6269846488722,248.42372150665196,2537.1741018184653,1078.2214242671544,-1.59280616570598,32.67791863008824,-0.4055603817178053
1255,Validation,Switching,1011.1063796328381,955.197031435091,560.580724477768,189.27409114083275,9.370440530590713,0.7954653356201016,7,181.5839887056503,12545,1200,250.04786642480227,2504.725447812069,1011.1063796328381,249.48222676488533,2510.449390051536,1014.4206765626548,-0.5656396599169398,5.723942239466851,3.3142969298166918
1256,Validation,Switching,987.8623389522545,795.6703552044928,504.73288660869,112.81844931188971,24.575492245610803,0.8422569750342519,6,195.47920413720948,17655,1200,250.00378244152222,2501.8514109500375,987.8623389522545,245.46595455706023,2506.977386599997,990.9644715265321,-4.53782788446199,5.1259756499594005,3.1021325742775616
1257,Validation,Switching,1075.1667505130172,1123.5007953247987,389.8659648373723,323.46757266903296,22.996424546465278,0.7987872289237566,7,192.2855605493771,11645,1195,250.0489384797961,2495.053027601534,1075.1667505130172,248.0814913493858,2549.1010561995977,1066.5294178140568,-1.9674471304103065,54.048028598063866,-8.637332698960336
1258,Hidden Test,Switching,975.1373205916025,1180.5277098203078,374.38943395391107,153.1120768468827,24.60828845622018,0.7980693623097613,7,174.55291243095778,12520,1200,249.98569323997268,2504.7427796990796,975.1373205916025,246.49521273555447,2492.9336941161578,965.1050704903096,-3.4904805044182012,-11.809085582921853,-10.032250101292902
1259,Hidden Test,Switching,1052.4802735773847,1088.7418991536833,450.3895182162523,178.27256033895537,24.941336975432932,0.8349353160592727,7,180.07900960090117,12450,1200,249.95243103574103,2504.797352035039,1052.4802735773847,251.7512575343393,2519.2161018292913,1047.250483901703,1.7988264985982596,14.418749794252562,-5.229789675681559
1260,Hidden Test,Switching,1024.7400721884333,834.3018071260303,392.4311618320644,220.04731632303447,14.003324109595269,0.7971814255788923,7,183.6362892898016,14780,1200,249.97237602958978,2503.2219973966785,1024.7400721884333,252.2893971319889,2468.71273811168,1031.295294405917,2.31702110239911,-34.50925928499828,6.555222217483788
1261,Train,Switching,1062.887336825952,728.8751254673116,609.4847133383155,134.31040545227006,15.625414106994867,0.8460316305630841,7,179.47443409052443,14520,1200,249.96960097330927,2503.3727080258736,1062.887336825952,249.31551650211196,2464.203043263741,1068.9393600836493,-0.654084471197308,-39.16966476213247,6.0520232576973285
1262,Train,Switching,1075.9016661089845,626.8244311911985,528.3216689713299,186.54480755329132,12.823247919324785,0.8088885756535455,7,190.01410409509907,15940,1200,250.00904528075378,2502.6102511119957,1075.9016661089845,248.89700441317905,2513.4458224463674,1091.2760980853038,-1.1120408675747342,10.835571334371707,15.374431976319329
1263,Train,Switching,1032.3469953844324,677.5773623143323,726.8925823271275,92.515781854745,20.39117111172527,0.7940989451645873,7,185.71758984922124,14285,1200,249.98454218066877,2503.5142533110798,1032.3469953844324,250.61027627356364,2523.0736995106504,1035.0791603216533,0.6257340928948736,19.55944619957063,2.7321649372208867
1264,Train,Switching,1050.3114204737358,827.8217108920217,680.3179844282568,228.41102075297385,22.373553657438606,0.8300754562672228,7,180.76005922864186,12315,1200,249.99846376702226,2504.9088090284054,1050.3114204737358,250.78794508186837,2510.2179643399018,1043.6322196914896,0.789481314846114,5.309155311496397,-6.679200782246198
1265,Train,Switching,997.251680213958,766.4794491021894,385.97600255161524,236.29651030758396,8.689631747081876,0.8551550672878512,6,194.36078873522715,17965,1200,249.9884368327807,2501.729316789402,997.251680213958,252.92704137433495,2522.202493373968,1005.7749057638548,2.9386045415542412,20.473176584565863,8.523225549896779
1266,Train,Switching,1082.8632637509145,1074.5224763872102,367.5092943944037,300.424396218732,27.98770207213238,0.8122253549331799,7,190.45792036022164,12275,1200,250.03399201437622,2504.9431858393427,1082.8632637509145,248.47952688519302,2561.118655930276,1074.6791632495379,-1.5544651291831997,56.17547009093323,-8.184100501376633
1267,Train,Switching,1026.5023743500933,816.9929016032256,481.0678716748953,232.204277634155,19.813646686263382,0.8200489253248089,7,178.82249681339985,13975,1200,249.9963810767194,2503.7079789143704,1026.5023743500933,249.2891691778074,2493.1847835245703,1033.5621010941934,-0.7072118989119929,-10.523195389800094,7.0597267441000895
1268,Train,Switching,1045.470794418361,1074.454146111384,375.230913143605,317.57971765007824,24.591387092601508,0.8147984797693789,7,183.30050231987101,12100,1200,249.97844150233306,2505.0876017193195,1045.470794418361,249.73448217887173,2565.584388384139,1039.2948334416358,-0.24395932346132554,60.49678666481941,-6.175960976725264
1269,Train,Switching,1042.3195984680206,881.8841040018015,437.17401903122663,222.78446353273466,18.399736016988754,0.8338682796643115,7,178.56873011297333,13870,1200,249.99521514487836,2503.7753740649164,1042.3195984680206,252.34112008780252,2504.5902579680746,1051.684128981131,2.3459049429241645,0.8148839031582611,9.364530513110367
1270,Train,Switching,980.4976665531285,1093.2613493641838,627.5351387448609,249.52904919162393,21.166795930359513,0.7906028815871105,7,177.16997810669142,10855,1195,250.02494204419796,2495.826868771827,980.4976665531285,248.98716372036233,2473.0668974243695,971.2358257460855,-1.0377783238356244,-22.759971347457395,-9.261840807042972
1271,Train,Switching,953.9198444457725,662.773946498055,446.454681456089,156.92367857089266,25.16793833207339,0.8146453768364155,6,195.16055115708014,19705,1200,249.99474699610886,2501.117593548637,953.9198444457725,249.35383822914739,2436.0309862409204,956.5386122072833,-0.6409087669614735,-65.0866073077168,2.618767761510867
1272,Train,Switching,958.5432915831916,1067.2750676982105,679.5412591658533,179.27514439914376,9.649822061415762,0.8003735974151641,6,199.6033049813325,12955,1200,250.02445955574416,2504.4104260050144,958.5432915831916,251.7839729327138,2482.7000901831752,961.813040306137,1.759513376969636,-21.71033582183918,3.269748722945451
1273,Train,Switching,968.1382674723864,968.6569026089273,617.236496694386,282.55463250214234,13.164070708677173,0.8599677245062777,6,187.63073696132244,13355,1200,250.03064005936682,2504.1228082994967,968.1382674723864,254.1949125634543,2472.9684764728227,966.7081401674785,4.164272504087478,-31.154331826674024,-1.4301273049078418
1274,Train,Switching,1029.37658081064,1200.5307814339176,382.25259939208627,175.26893845759332,15.814674448687583,0.80966426350642,7,181.62317875043135,12165,1200,250.0109862477005,2505.0339741610132,1029.37658081064,250.7018556730796,2505.9906150319957,1030.649881006864,0.6908694253791055,0.9566408709824827,1.2733001962239996
1275,Validation,Switching,1054.7014941228554,772.9651809320785,670.7600925117731,134.63459267048165,25.985600748099387,0.8513413994270377,7,176.98145787219377,13550,1200,250.01198551431182,2503.9879484526246,1054.7014941228554,251.45145208665457,2507.764559929145,1044.7593388652729,1.4394665723427522,3.7766114765204293,-9.942155257582499
1276,Validation,Switching,954.0975626907311,734.1079357545823,697.819125186652,157.36156310420483,13.706185739021748,0.8282159927487374,6,191.99853883610922,15700,1200,250.01765433604976,2502.7299145185366,954.0975626907311,251.68111698812166,2505.575555790357,956.8763481371703,1.6634626520718996,2.8456412718205684,2.7787854464392012
1277,Validation,Switching,1043.0243256967515,1038.2758517633192,513.4464746341109,103.51095789344981,19.98600372299552,0.7901289098360577,7,188.58122167742522,12920,1200,249.9982893547553,2504.435443994514,1043.0243256967515,250.45820068939918,2546.660681548024,1042.043464548699,0.4599113346438912,42.22523755350994,-0.9808611480525542
1278,Hidden Test,Switching,1075.5031932261772,765.164993959479,359.23974411562085,254.68827683478594,13.545356544200331,0.8020757332770154,7,191.55711480048112,15505,1200,249.96562734680882,2502.827976258393,1075.5031932261772,248.3753159770882,2468.9122518088757,1082.7448072989887,-1.5903113697206095,-33.915724449517256,7.241614072811444
1279,Hidden Test,Switching,958.9959129923955,849.0967395831831,383.16854164004326,305.75036383932456,24.13802475389093,0.8499676181538962,6,188.04557815102524,16220,1200,249.9655876610264,2502.4740828626036,958.9959129923955,251.14101076293082,2468.9498432011237,956.0408166477175,1.1754231019044141,-33.524239661479896,-2.9550963446779406
1280,Hidden Test,Switching,1011.5145372110419,1121.9994235783815,500.1390694640577,285.6417810963467,25.133282290305942,0.8087656219583005,7,178.66990487867818,11210,1195,250.00554385432233,2495.464297321267,1011.5145372110419,250.99857515317387,2563.314871049304,993.4535730907412,0.9930312988515482,67.85057372803703,-18.060964120300696
1281,Train,Switching,1096.1096505634487,1039.8953880532645,641.8421799317002,266.86125153908506,10.968687811866403,0.8481430892203935,7,184.62343787009942,10975,1195,250.001142240184,2495.700920183846,1096.1096505634487,253.81118517763187,2471.9705281289284,1088.4110958206265,3.810042937447861,-23.730392054917502,-7.698554742822125
1282,Train,Switching,977.7627324336208,1022.9951641755179,552.5190376676619,139.75059629417956,22.98759349482134,0.8576310182968155,6,190.01231523695296,14545,1200,249.98478528191015,2503.358485236786,977.7627324336208,248.9866520216597,2492.5010979086182,971.9583853833622,-0.9981332602504551,-10.857387328167533,-5.804347050258684
1283,Train,Switching,1052.3515853798017,1068.279544787947,388.6045169085264,253.7089712987654,28.633190219290555,0.7968194636772387,7,188.67001575834811,12500,1200,249.96109005160537,2504.757704163672,1052.3515853798017,250.71365539097468,2506.5280902978043,1042.2450302378654,0.7525653393693119,1.7703861341324227,-10.10655514193627
1284,Train,Switching,1019.4057583226822,839.5564537961036,448.27639488503337,86.63949956651777,23.138899705838412,0.847992951180786,7,171.73420350171085,15560,1200,250.01201551265385,2502.8010784336193,1019.4057583226822,247.72414684565845,2506.5702901141485,1018.0261384923208,-2.2878686669953936,3.7692116805292244,-1.3796198303614347
1285,Train,Switching,1024.369556689635,1127.622378792148,622.925035469234,229.43225990282372,11.645993195474148,0.8536910654813983,6,199.98834045662463,12600,1200,249.97671539658936,2504.679306582209,1024.369556689635,253.4533043115738,2547.6936508576946,1024.419364961595,3.4765889149844327,43.014344275485655,0.04980827196004611
1286,Train,Switching,993.3320148964413,849.1913441335782,488.79269333556294,81.4384794048965,25.067461712751538,0.8087756327679381,7,175.45604467704226,15065,1200,249.97478274756543,2503.0627423552273,993.3320148964413,248.7241257488979,2540.0419319729494,990.1732545165754,-1.2506569986675231,36.97918961772211,-3.1587603798658392
1287,Train,Switching,1030.474580754526,760.0760340807028,420.1983779668808,235.94531962415203,24.910465869121253,0.8548909369087778,7,172.19816942475316,15100,1200,249.9901827785046,2503.0440983020076,1030.474580754526,245.8829867824776,2530.761028412434,1025.2358236422963,-4.107195996027002,27.716930110426347,-5.238757112229678
1288,Train,Switching,1049.475077248644,982.9258126206696,591.0440630279481,307.1492403233424,21.04742601281032,0.8217464906815439,7,182.44679196764818,11370,1195,250.03006366999267,2495.3097440537376,1049.475077248644,252.56407092821885,2509.6125803001123,1046.66773492258,2.5340072582261826,14.302836246374682,-2.807342326064145
1289,Train,Switching,955.8521660044789,1085.4581386200152,418.69579274207354,304.2757431813516,20.3583620544523,0.8402478537824937,6,189.5972642083278,13795,1200,249.97233279782392,2503.8233407041016,955.8521660044789,249.8704526607884,2509.7454821774218,948.9949879859876,-0.10188013703552201,5.922141473320153,-6.857178018491368
1290,Train,Switching,998.3917251811363,694.3250827724114,603.4436495043337,195.6989939045161,23.562439892906696,0.858269841563888,6,193.87681216937682,16705,1200,249.98324196265224,2502.2518065665536,998.3917251811363,250.88179060431673,2484.6030997617663,993.5936614889665,0.8985486416644903,-17.648706804787253,-4.798063692169762
1291,Train,Switching,1073.8592910347506,694.5525283575989,381.20530135929585,141.6701694088988,16.602205962873995,0.7965986080351286,7,192.57938515134396,17565,1200,249.9806774543394,2501.886891868511,1073.8592910347506,246.02862552343146,2480.6788480891364,1089.4845812503256,-3.952051930907942,-21.208043779374748,15.625290215574978
1292,Train,Switching,1080.9174569672905,883.697592234239,435.0202332250774,328.83510067593306,12.837324860971421,0.8134108759090305,7,189.83859712250185,12980,1200,249.99371524680714,2504.3907350936183,1080.9174569672905,253.2079396188826,2536.2481770898808,1085.2548064869225,3.2142243720754493,31.857441996262423,4.337349519631971
1293,Train,Switching,968.3276997413486,1032.5627117301337,412.26878967136145,112.22182003082708,15.392334897071123,0.8582119540893474,6,188.05138892307895,16025,1200,250.0171645297832,2502.5690732526186,968.3276997413486,250.12204081085082,2512.3961081478665,967.9400576212515,0.10487628106761804,9.827034895247834,-0.3876421200970981
1294,Train,Switching,1058.9851806056686,1003.6840011132881,482.5521712191403,140.76608039438725,27.27072053635493,0.8132090459717438,7,186.03285093638496,13145,1200,250.01400119231926,2504.2711055135733,1058.9851806056686,248.57609388722813,2511.7142080737917,1050.3989678017606,-1.4379073050911302,7.443102560218449,-8.586212803907983
1295,Validation,Switching,1060.260964767076,1110.419490665663,507.62735083699226,305.3619585535489,23.230893849395216,0.7988395999162459,7,189.607340604375,11120,1195,250.02991846536563,2495.554895026442,1060.260964767076,250.37637086405738,2486.8115325978038,1049.0211140396066,0.3464523986917527,-8.743362428638193,-11.239850727469502
1296,Validation,Switching,983.9486352982931,979.5137112960219,696.9164266251028,304.65958644170314,13.028220483567566,0.8278442454244942,6,198.09455718604676,12595,1200,250.01764716849354,2504.68484528868,983.9486352982931,255.21032723142847,2488.245104594449,976.7764522815553,5.192680062934926,-16.439740694231205,-7.17218301673779
1297,Validation,Switching,1050.0764423049986,1143.9976697205566,611.3143334165215,289.53582791844383,24.1024988014251,0.8568529830058106,7,175.07194735210282,10460,1195,250.03936333768087,2496.258870409998,1050.0764423049986,251.28501450188367,2550.0088629332713,1036.0672984931025,1.2456511642027976,53.74999252327325,-14.009143811896138
1298,Hidden Test,Switching,954.3673302629031,1101.8695705803111,627.1780767478049,287.89114315994084,13.639505848754197,0.8271203413093463,6,192.3072299959243,12370,1200,249.9947026624327,2504.8637177890187,954.3673302629031,251.25218589652982,2484.640792439042,954.9942631447852,1.2574832340971227,-20.222925349976776,0.6269328818821123
1299,Hidden Test,Switching,1070.478788181208,774.6659256168641,382.788672670722,117.37776417983696,10.810582396574318,0.8277273058588617,7,184.75352943692764,16775,1200,249.99449975471404,2502.221054148395,1070.478788181208,247.69002984799337,2499.4918054716877,1083.791178900658,-2.3044699067206693,-2.729248676707357,13.312390719449922
1300,Hidden Test,Switching,1008.5593973635696,670.662763575092,743.8363152556121,134.42377307917923,11.511342033278197,0.8020636657066643,7,179.63650526687138,13805,1200,249.96611552328295,2503.816589705538,1008.5593973635696,249.78683596484686,2512.445937390792,1014.3586841256661,-0.1792795584360931,8.629347685254288,5.799286762096472
1301,Train,Switching,977.0341270137578,884.6036750706844,556.5792081877589,299.3349490989931,13.73460753262043,0.8561714149848558,6,190.1944147152355,14335,1200,250.00257107563425,2503.48448777633,977.0341270137578,252.40346130771619,2539.8261180692666,982.4101278601555,2.4008902320819345,36.34163029293677,5.376000846397687
1302,Train,Switching,1092.6877384190448,787.2093444457278,496.158589143306,280.0130941160023,17.196038013789803,0.8293539964174852,7,188.21667107154101,13680,1200,250.0150181069038,2503.9007536384765,1092.6877384190448,247.859854957769,2490.967745111293,1093.1805693046244,-2.1551631491348076,-12.933008527183574,0.4928308855796786
1303,Train,Switching,1080.4182631196454,1227.594169427175,435.1138159632683,185.5896551697515,23.821381296031177,0.8278485917649232,7,186.4416605829988,11570,1195,249.9889692582554,2495.119479765957,1080.4182631196454,248.35458167360662,2556.3580230221824,1063.845735539574,-1.6343875846487776,61.23854325622551,-16.572527580071437
1304,Train,Switching,962.0882074232213,638.4424447081983,727.6751360855997,205.20004494581372,22.417077293153852,0.8306473528314382,6,193.03984298987592,15880,1200,250.02478058311496,2502.64024642539,962.0882074232213,250.44289983236584,2432.615529479255,955.8041005985193,0.4181192492508785,-70.02471694613496,-6.2841068247020075
1305,Train,Switching,1018.0134937167168,1016.169060242828,416.7353080585599,256.9208522164263,29.168623534962535,0.7972641829145142,7,182.41193097468138,12655,1200,249.98827651233222,2504.6368105736783,1018.0134937167168,250.326202866536,2478.069877310034,1010.3556212543689,0.33792635420377337,-26.566933263644387,-7.657872462347882
1306,Train,Switching,996.3513022870757,1193.0148924002424,483.67181280627847,185.39909987710416,29.625113841611892,0.8084886050270871,7,176.05183232230758,11485,1195,250.0037576915425,2495.1994089973505,996.3513022870757,249.62776259275006,2550.882212384134,980.7653439264957,-0.37599509879242987,55.68280338678369,-15.58595836057998
1307,Train,Switching,1069.9016318423674,1029.6613205806352,450.35917796194553,114.45268532959744,22.525741242803633,0.7983862326550297,7,191.44003743015003,13410,1200,249.95474120751268,2504.0817472979566,1069.9016318423674,251.24225632998943,2538.580134167257,1066.9988861507704,1.2875151224767478,34.49838686930025,-2.9027456915969196
1308,Train,Switching,1096.7059500864707,1063.5708070825785,719.9097300879657,134.93866268079728,15.613385762553662,0.8413224410265685,7,186.22144250973795,11150,1195,250.05389056602914,2495.5259705884823,1096.7059500864707,254.81481595545944,2545.1744431161824,1100.4145139345665,4.760925389430298,49.64847252770005,3.708563848095764
1309,Train,Switching,967.2207682859153,750.5456724087708,650.806394778192,241.68459953041747,18.300431799143553,0.8072898880788125,6,199.68472758232818,15185,1200,249.99452737338336,2502.9980957522525,967.2207682859153,248.863162838503,2490.6895936695646,964.4375486404484,-1.1313645348803618,-12.308502082687937,-2.783219645466829
1310,Train,Switching,1021.9004541751929,985.2166882483289,387.81583504751325,265.78728195279837,19.836833792272955,0.8439686590014026,7,172.9753559102745,13050,1200,250.00978928416058,2504.3398978503137,1021.9004541751929,247.71595107573125,2540.5233065203533,1023.5061518744367,-2.293838208429321,36.183408670039626,1.6056976992438194
1311,Train,Switching,1016.1950987065211,739.0335611184128,529.5475743710995,280.41077717905864,13.095284990034997,0.8359503335668705,7,173.65951367855178,13805,1200,249.97729479574474,2503.8169917220266,1016.1950987065211,253.54357559529046,2495.4370927056966,1016.8936499448934,3.566280799545723,-8.37989901633,0.6985512383722607
1312,Train,Switching,1015.4065308975987,995.427592843771,453.029206302017,320.0294087128714,8.928821118082851,0.7937070481013507,7,182.76022140601077,12095,1200,250.04745774544148,2505.0947119131865,1015.4065308975987,254.64819773930031,2515.1622733267964,1012.5927807589575,4.600739993858838,10.067561413609837,-2.8137501386412396
1313,Train,Switching,1040.7858139835298,783.8682338013314,519.4229805842042,130.7400697679259,23.28097560442984,0.8126273694937117,7,182.96662565594696,14915,1200,250.0329259760968,2503.1477829113137,1040.7858139835298,250.1727274925838,2456.000819955385,1043.6099010357427,0.13980151648698325,-47.14696295592876,2.824087052212917
1314,Train,Switching,1016.7625980102457,1028.407200728543,626.4534526504576,191.06262006796896,13.868335374165326,0.8476932934531942,6,199.90771934904362,13515,1200,249.97584047949545,2504.0104187651905,1016.7625980102457,255.00646515890938,2473.525636878498,1017.9613587223913,5.030624679413933,-30.484781886692417,1.1987607121455994
1315,Validation,Switching,1027.7215987211093,1161.2596185528673,423.85593466460705,295.04674636526033,29.51693527866155,0.8214624848286621,7,178.72681218850235,11375,1195,250.01300541782297,2495.3041974417542,1027.7215987211093,249.48254865001155,2480.2440911761005,1015.056591521948,-0.5304567678114154,-15.060106265653758,-12.665007199161323
1316,Validation,Switching,1042.5970862968825,1035.4068950284272,574.8562308959663,150.09956089314073,10.693913049530238,0.8116753877513111,7,183.50000892867908,12150,1200,250.03073615348646,2505.047423272502,1042.5970862968825,253.7519153645399,2540.8522756323805,1047.398768923245,3.721179211053453,35.80485235987862,4.801682626362435
1317,Validation,Switching,1011.5247047040612,1009.533467690926,626.1553360149264,301.9421465997584,13.331564135849476,0.8313213826180437,7,173.82390524872432,11035,1195,249.95310588041656,2495.637340049219,1011.5247047040612,252.49990369462245,2509.043683620645,1014.5799080429704,2.5467978142058882,13.406343571426078,3.055203338909223
1318,Hidden Test,Switching,1052.7065302361734,914.8234374588355,556.5725234337151,94.99730860814452,25.963260917458683,0.8347749537369237,7,180.1523230942432,13655,1200,250.03914712714734,2503.9182885004175,1052.7065302361734,249.4433575346109,2548.2105383866847,1044.5545515958233,-0.5957895925364483,44.2922498862672,-8.15197864035008
1319,Hidden Test,Switching,1010.9278629766777,974.9696184066124,477.70612239837646,159.88271670183167,15.747089642100036,0.8459364017075859,6,199.17333835342,15470,1200,249.9620731111545,2502.8460216795756,1010.9278629766777,253.39264564528077,2545.0841125905436,1016.2599902632564,3.43057253412627,42.23809091096791,5.332127286578725
1320,Hidden Test,Switching,1092.8815529565327,610.1623968221247,422.0089412294328,315.8294442528859,13.694658470805734,0.8173146787378938,7,191.02304191788028,15865,1200,250.0029763058891,2502.6469821539504,1092.8815529565327,247.01146507190177,2477.2442756511796,1110.2097312556764,-2.9915112339873247,-25.402706502770798,17.3281782991437
1321,Train,Switching,1043.6534700915217,720.0952399871312,370.1746227219701,116.4459227421321,26.354101976379752,0.8434091374394485,7,176.7746473827139,17720,1200,249.96775698505067,2501.8245339302684,1043.6534700915217,245.41025350828005,2509.962765095941,1044.7981300602657,-4.55750347677062,8.13823116567255,1.1446599687440084
1322,Train,Switching,1013.3515950874425,813.3001920068637,353.41194281354547,179.08681618981063,11.672709722537547,0.8101867343159392,7,178.68042940267176,15890,1200,249.9878919923841,2502.6341648536204,1013.3515950874425,247.958258822914,2476.3147226027,1030.2607889627734,-2.0296331694701166,-26.319442250920474,16.909193875330857
1323,Train,Switching,950.7745309500024,650.005577376578,711.3088805228472,179.2371758329682,14.082592085935175,0.8274987984332256,6,191.49565186684364,16195,1200,249.991624292819,2502.4867364316706,950.7745309500024,250.6530982044096,2474.4811455376744,953.9719578745677,0.6614739115905763,-28.005590893996214,3.1974269245653204
1324,Train,Switching,959.1313464916311,773.0264389421791,618.753484915942,198.0668108863756,27.131872105877846,0.7919426009431482,7,173.01602871387269,13450,1200,249.97299859617576,2504.0548158122947,959.1313464916311,246.67582203179052,2478.62207850249,952.1922714690847,-3.2971765643852393,-25.432737309804907,-6.939075022546376
1325,Train,Switching,976.6717625316232,820.7319664652459,491.4921512827277,153.46316968323663,16.054990474134684,0.8352214459353127,6,194.89277709616061,17025,1200,250.0326553002257,2502.1131932893663,976.6717625316232,251.599164308884,2515.5711714488543,978.8566363913142,1.5665090086583007,13.457978159487993,2.1848738596909243
1326,Train,Switching,950.5733242374845,807.7252440853044,605.6032453663647,134.01289835572243,19.321424583438784,0.8455171395046637,6,187.37513406969822,16125,1200,250.00823326461244,2502.520614588603,950.5733242374845,248.59010107399666,2510.195236407673,954.830382720853,-1.418132190615779,7.674621819069671,4.257058483368496
1327,Train,Switching,972.8180596837774,886.8897871230729,673.9109016954899,260.0449215224944,15.217251642607152,0.7994942465960049,7,173.8274029087283,11745,1195,250.00075887353623,2494.9603418566385,972.8180596837774,250.50128046471076,2467.936091439764,970.1382710603923,0.5005215911745324,-27.024250416874565,-2.679788623385093
1328,Train,Switching,1028.4368995460682,884.3841651454568,507.49718388542533,139.0212979586795,28.680146449711174,0.847154048299417,7,173.4272029661395,13970,1200,250.0112518755654,2503.711690488655,1028.4368995460682,246.74968184565563,2540.642148644359,1016.4851222408975,-3.2615700299097625,36.930458155703946,-11.951777305170708
1329,Train,Switching,995.135196018964,1239.4425356178544,590.0267640128732,232.37232303479686,16.801450984552503,0.7912522289087065,7,179.6673243573946,10370,1195,249.94785242577183,2496.357382485303,995.135196018964,255.0342606648098,2543.0671103596037,991.7974903700651,5.086408239037979,46.709727874300825,-3.3377056488989183
1330,Train,Switching,1012.149310822133,1107.027762872167,682.5778313912451,210.76481339521706,17.682962686289102,0.8175510160857812,7,176.86083907172934,10690,1195,249.97898169394998,2496.0010372328247,1012.149310822133,254.51047139679974,2509.183175847135,1004.3567793518918,4.531489702849768,13.182138614310134,-7.792531470241215
1331,Train,Switching,992.3531798413023,869.0373386838473,398.99502359330654,290.04614856792614,18.95265780109912,0.8470177679206246,6,195.26414073490398,16015,1200,250.02573779411753,2502.5741885377124,992.3531798413023,250.77319023347104,2477.438696663851,993.6983088977327,0.7474524393535091,-25.13549187386161,1.3451290564303235
1332,Train,Switching,972.0338092534803,1084.2839958611876,517.1723234467208,208.8202138384804,10.24017110420391,0.796365928594023,7,174.36955520643224,11815,1195,250.03085599034586,2494.89907349744,972.0338092534803,250.80976383624514,2551.4880573387513,970.1067880396054,0.7789078458992833,56.58898384131135,-1.927021213874923
1333,Train,Switching,958.5351068992168,1181.6269971313886,399.7503427788615,319.8382335086353,11.92901998758316,0.844690132199321,6,189.12953408596462,13125,1200,250.0339293127557,2504.2863052251305,958.5351068992168,255.84554888584958,2508.9578180406,960.0496605491924,5.811619573093878,4.671512815469669,1.5145536499755963
1334,Train,Switching,980.4890678380616,821.2311634561047,630.4898184724152,85.94999128952622,27.207600882742554,0.8378954078024253,6,195.03012323252872,16225,1200,249.9866730540358,2502.4723630879685,980.4890678380616,249.4754588593724,2471.9511862239224,971.2646706274776,-0.5112141946634097,-30.521176864046083,-9.224397210584016
1335,Validation,Switching,993.5846486361697,1131.6190375131555,492.68354922533035,98.25092633953318,24.032042811624706,0.8067189114145004,7,175.94810544605025,12415,1200,249.9970940608441,2504.8273285103296,993.5846486361697,246.733558271316,2544.2711057633087,990.0540437899806,-3.2635357895280777,39.44377725297909,-3.530604846189135
1336,Validation,Switching,1042.7973440731876,1183.065679948777,475.7605663500726,143.206902355887,10.478161489125341,0.8248287601489575,7,180.60845638603766,11870,1195,250.05092356376272,2494.8512870509285,1042.7973440731876,254.6104341279463,2550.354168045151,1043.558993528409,4.559510564183569,55.50288099422232,0.761649455221459
1337,Validation,Switching,953.0044864863157,939.2082659876905,499.1614418104291,232.09793351823464,18.718966079875827,0.8352060022694059,6,190.17353880296798,14935,1200,249.98374698031492,2503.1349653431116,953.0044864863157,250.60783555918394,2498.2095040198424,955.5277308537908,0.6240885788690207,-4.925461323269246,2.5232443674750584
1338,Hidden Test,Switching,999.7916209162213,960.6016664067283,652.9045180417597,228.32540578208864,21.646725338418037,0.8303690817253665,7,172.00468750574373,11610,1195,249.97559709136874,2495.081996427829,999.7916209162213,252.04576918625597,2544.622029958137,997.447454464601,2.0701720948872264,49.54003353030794,-2.3441664516202536
1339,Hidden Test,Switching,1069.2970496369526,1063.480959145818,686.5946922451258,314.0853169444017,23.065940865315497,0.8422210648912005,7,181.37366511539446,10360,1195,249.98789617352352,2496.3708276045863,1069.2970496369526,249.4722528149102,2525.247000618951,1057.789324550483,-0.5156433586133176,28.876173014364667,-11.50772508646969
1340,Hidden Test,Switching,1051.3990600011311,1058.2871745806187,573.2079918496311,190.66293518524617,10.74614692805335,0.8135738153755665,7,184.61737936478596,11735,1195,249.96783910455815,2494.967950296369,1051.3990600011311,251.44692614345655,2545.356323268057,1051.045534898884,1.479087038898399,50.38837297168811,-0.3535251022472039
1341,Train,Switching,1014.0688355546445,876.9510921905749,639.3370455130935,105.06866940530017,28.76437884196639,0.8500899711647072,6,198.81598221995063,15390,1200,250.02651650530171,2502.8899219247505,1014.0688355546445,247.85693419151306,2467.690364311935,1006.5311307862756,-2.169582313788652,-35.199557612815624,-7.537704768368826
1342,Train,Switching,1056.4745854702778,1227.423810469918,732.5025369413197,286.08089957386255,18.41745555633679,0.8103744764951989,7,186.2409850742164,9520,1195,249.95602823495764,2497.424980480374,1056.4745854702778,252.5714796075859,2519.0992168966636,1041.891878739564,2.6154513726282573,21.67423641628966,-14.58270673071388
1343,Train,Switching,988.9913894468918,721.026895486284,686.4021472632885,254.12538401549682,18.018394148908556,0.804999750868883,7,175.50873034954643,12870,1200,249.981779481917,2504.4722406290844,988.9913894468918,248.96561015353294,2467.0243635533234,986.7592808636215,-1.016169328384052,-37.44787707576097,-2.23210858327036
1344,Train,Switching,979.7192761558108,658.7316032499075,580.9807597659528,169.73538235295564,16.47686810931191,0.7902645612042397,7,177.10511576073998,15175,1200,250.0303636734852,2503.004677215341,979.7192761558108,247.90686359265263,2510.2222633936003,988.2294468732451,-2.123500080832571,7.217586178259353,8.510170717434335
1345,Train,Switching,1007.1606907062232,1181.1345461173914,370.8124512806535,167.43444929132238,19.94367958046496,0.8423319008504041,6,199.2802539571814,14510,1200,249.9816906138944,2503.3790256664015,1007.1606907062232,251.9619138014872,2571.1142114031195,998.8936520447731,1.9802231875928271,67.735185736718,-8.267038661450101
1346,Train,Switching,1015.2184782200493,1132.4341683881357,650.0495039857924,326.90571264363825,11.551252775359899,0.847970822439529,6,199.53879924377688,11830,1195,250.04018549463885,2494.886155070169,1015.2184782200493,252.50175989981815,2558.4541873287258,1009.6884449459021,2.461574405179306,63.56803225855674,-5.530033274147172
1347,Train,Switching,1050.957241258584,1195.4699417226948,447.3477851599455,277.825342125725,11.22245577443391,0.8580636568437331,7,174.97157414111123,11135,1195,250.00685565946097,2495.5388622356722,1050.957241258584,250.49113515482222,2527.7211327835394,1052.27688611396,0.4842794953612497,32.18227054786712,1.3196448553760547
1348,Train,Switching,1077.6091597392224,1128.775541903451,634.5113995485008,99.85041087027639,13.647033921908587,0.797421146389097,7,193.05252484728518,11480,1195,250.03562295322433,2495.2055047588574,1077.6091597392224,250.41990119790043,2562.5442541154516,1080.9840583585797,0.3842782446760964,67.33874935659423,3.374898619357282
1349,Train,Switching,1090.1165726128966,918.2342694955878,350.5392773076892,164.3673565541394,19.72030394524336,0.7967389369220473,7,195.46043468933183,14920,1200,249.96137819120594,2503.142599826624,1090.1165726128966,251.4701310817319,2483.5928063950596,1088.2701569662765,1.5087528905259546,-19.549793431564467,-1.8464156466200166
1350,Train,Switching,950.4700130899437,1180.4445158457384,356.8814215250313,325.36946369335055,22.57026274362579,0.8338671835651622,6,189.97230250870635,13395,1200,250.0076513012696,2504.094104973149,950.4700130899437,252.66279954796659,2525.8472208525563,940.459503896174,2.655148246696996,21.753115879407233,-10.010509193769622
1351,Train,Switching,1061.2491852836683,1187.359473865945,707.957473397255,116.14609682699665,20.39373958390206,0.8172821499384009,7,185.5014531768768,10630,1195,249.95442386078028,2496.0653406361234,1061.2491852836683,251.764590432547,2534.588015341588,1055.6252072812485,1.8101665717667288,38.5226747054644,-5.62397800241979
1352,Train,Switching,976.5961703727953,928.8998831994832,584.7857243381441,81.3944614911452,23.402687666472048,0.795986685687676,7,175.27144754205918,13405,1200,249.95666555038306,2504.0852800978305,976.5961703727953,247.1423097876324,2496.6862116053417,977.8937826746034,-2.8143557627506652,-7.399068492488823,1.2976123018080443
1353,Train,Switching,969.3751061335206,963.7707420042716,410.17159540206194,92.03987892949954,28.987306421622634,0.832683921691496,6,194.0262246936695,17020,1200,250.0097861141011,2502.114664866629,969.3751061335206,245.7683104114214,2465.504466221668,966.6601385761787,-4.241475702679708,-36.6101986449612,-2.714967557341879
1354,Train,Switching,950.7481314823963,682.1857035392895,357.15564200654626,104.6488347183913,22.135142866987735,0.8150541714252905,6,194.41409843548945,21810,1200,250.0036199354083,2500.5080534034464,950.7481314823963,247.57946771037018,2433.818039890427,953.6990255443295,-2.424152225038114,-66.6900135130195,2.9508940619332407
1355,Validation,Switching,1070.0362960575148,604.7897669137456,713.2100213319063,239.4904253142886,17.610766828991473,0.7927030259254388,7,192.8368165742243,13730,1200,249.9833244940377,2503.866462031175,1070.0362960575148,248.83919624143462,2470.694466462843,1072.3293272377578,-1.1441282526030818,-33.17199556833202,2.293031180242906
1356,Validation,Switching,991.6266138083301,1140.6245288904756,625.3203700296581,163.3442535949871,21.440432641189545,0.8197040909156204,7,172.81961429706212,11085,1195,250.00490708903135,2495.588983106227,991.6266138083301,252.19693408930232,2558.490178858168,984.2510046415915,2.1920270002709685,62.90119575194103,-7.375609166738627
1357,Validation,Switching,999.0950623061508,1223.9798135007732,566.9301887974143,215.58450323762372,17.17563669756055,0.8595784166478553,6,193.7180372292998,12435,1200,250.00708750054577,2504.8116049848213,999.0950623061508,252.02214131115198,2513.5128871940205,989.5422260850953,2.0150538106062186,8.701282209199235,-9.552836221055486
1358,Hidden Test,Switching,960.5965169263072,611.9034823728725,656.1174695380032,252.13120870292187,8.80812373245135,0.7942930808616803,7,172.76755539371555,14070,1200,250.03222980759517,2503.649109757365,960.5965169263072,248.688100612325,2499.9021832100393,967.8043443367185,-1.3441291952701704,-3.746926547325529,7.207827410411255
1359,Hidden Test,Switching,1083.2934266189113,714.1965036396869,558.4092505276203,143.8510477147065,27.73085972573608,0.8297042426257395,7,186.51972094652598,15100,1200,250.03208587561437,2503.045478335115,1083.2934266189113,248.07676944099484,2459.6582051552873,1085.2077594560308,-1.955316434619533,-43.387273179827844,1.9143328371194457
1360,Hidden Test,Switching,1019.439055013936,1156.6481603309512,400.78095933422446,249.22686819452792,22.23826710274443,0.8432721988763661,7,172.70123562751095,11835,1195,249.95349392640307,2494.878085395543,1019.439055013936,247.52894668877326,2489.3235859146293,1012.4735347711046,-2.4245472376298096,-5.554499480913819,-6.965520242831417
1361,Train,Switching,1009.9120722152293,935.461751872208,458.2949349656701,155.65682573476806,28.844837905839086,0.818664084293414,7,176.22997752261946,13800,1200,249.95511000365073,2503.819445939388,1009.9120722152293,247.88202913237765,2490.716662140361,996.4368445077001,-2.0730808712730777,-13.102783799026838,-13.475227707529143
1362,Train,Switching,962.526344100479,1242.7375317784026,530.6323864497244,90.92651044018567,8.775055006612092,0.7951811976218597,7,172.92129624563142,11470,1195,249.97310977744502,2495.212223860686,962.526344100479,253.21996952429708,2532.562079080758,965.419504807906,3.246859746852067,37.34985522007173,2.8931607074270005
1363,Train,Switching,1055.303039564751,935.1474240073003,485.0091900676489,246.57783900154755,11.210331884212792,0.8373233876819722,7,180.0470156435409,12830,1200,249.98159402280754,2504.5023945982484,1055.303039564751,252.92593474425917,2486.9759943282274,1063.2981085317144,2.944340721451624,-17.526400270020986,7.995068966963345
1364,Train,Switching,1029.6623406349681,1219.474337110296,703.4908908419311,154.6911590686068,17.729778602253646,0.82474994616583,7,178.35056646506754,10295,1195,250.04344715247896,2496.449059804458,1029.6623406349681,253.91821772988715,2554.592177816332,1026.9062820383995,3.874770577408185,58.14311801187387,-2.756058596568664
1365,Train,Switching,1041.5527627337724,1240.4650565120392,381.77531342953444,141.25842808978632,29.474916741251945,0.812216179354582,7,183.19414904705192,12125,1200,249.96124894077147,2505.0656792031,1041.5527627337724,247.43137096877416,2514.34984029501,1030.758823248271,-2.5298779719973084,9.284161091909937,-10.793939485501369
1366,Train,Switching,1088.793012232054,704.4149411609396,678.2339048571885,101.81850047782063,29.870185709092766,0.8220120278513059,7,189.2209038557152,14405,1200,249.97668073206123,2503.4413813174224,1088.793012232054,250.66650659386843,2497.0843073585825,1078.9085079488277,0.6898258618072077,-6.357073958839919,-9.884504283226306
1367,Train,Switching,1004.9363349797204,983.0333652091213,359.64239686727524,145.67043153336272,19.797725613228977,0.8486086307070219,6,197.36941518464434,16765,1200,250.02069269054252,2502.2262521676353,1004.9363349797204,250.259520383396,2510.6187290992184,1007.7889106123636,0.2388276928534765,8.392476931583133,2.852575632643152
1368,Train,Switching,1032.2319808299653,1134.3051738105714,364.08075308427215,242.4717420199886,15.515447696205229,0.8401773408520967,7,175.5126023722375,12285,1200,250.0078188800573,2504.933880662287,1032.2319808299653,252.39417143720073,2487.7471808906553,1036.1992046733565,2.386352557143425,-17.186699771631538,3.967223843391139
1369,Train,Switching,991.0250641405582,947.96128742164,421.0090385749936,88.97576898569241,25.67813545279205,0.858752899367828,6,192.33803361248283,17115,1200,250.02705109355105,2502.0745678355233,991.0250641405582,248.01984522395452,2480.487308315037,983.894557213426,-2.0072058695965325,-21.58725952048644,-7.130506927132274
1370,Train,Switching,990.3506128699519,770.2893944690004,600.93704322353,252.68677218817174,8.747428860981017,0.8511491994606332,6,193.92420927250078,15365,1200,250.0134912994885,2502.9026773520204,990.3506128699519,252.7271616032615,2513.8436468672808,989.8724492335542,2.713670303773,10.940969515260349,-0.47816363639765314
1371,Train,Switching,986.182425240986,976.0659423307516,667.6014009863138,309.00245821801946,19.068846100009978,0.835334909807425,6,196.76387950559393,12775,1200,249.95299360427248,2504.543041241739,986.182425240986,253.57463183338083,2479.906136347737,984.9314695511325,3.621638229108356,-24.636904894001873,-1.2509556898535266
1372,Train,Switching,992.2186404815875,894.4838448893279,642.528363596648,123.0268122581765,9.20481103239581,0.8258819810301066,7,171.62926825452928,12885,1200,250.04466956375447,2504.4634191475557,992.2186404815875,250.6686962671007,2502.8459490310734,999.8668020763774,0.6240267033462317,-1.617470116482309,7.64816159478994
1373,Train,Switching,1025.603439612314,603.1671599368565,639.4388174638152,231.2913413462229,10.549475710839033,0.8003443446406163,7,183.06467468482444,14510,1200,250.00548042694956,2503.3798510718893,1025.603439612314,251.81233003039236,2441.3860520503094,1030.2611065012095,1.8068496034427994,-61.99379902157989,4.657666888895392
1374,Train,Switching,977.8278820333071,993.2573078898713,580.0674279220402,254.9307019636035,15.541860508266836,0.7981327853677794,7,175.02062312721637,11695,1195,249.9495157667451,2495.003296218735,977.8278820333071,249.88265187317472,2480.784921933729,973.8181441947601,-0.06686389357037115,-14.21837428500612,-4.009737838547039
1375,Validation,Switching,980.8943066978827,735.4881196399219,452.02327594161034,322.3836863017641,9.272342464886606,0.8569291024818085,6,190.77702458251804,16525,1200,250.0093778252158,2502.3337725005645,980.8943066978827,251.52243286167183,2451.759582783783,982.5029802951933,1.5130550364560236,-50.57418971678135,1.6086735973105988
1376,Validation,Switching,1050.6624897825532,670.2671676874161,725.8394329808652,221.63103990722448,26.983233810868114,0.7914398702513427,7,189.64756141213996,13220,1200,250.0086955842888,2504.217174353318,1050.6624897825532,250.48711978548783,2485.1553085295945,1043.2724426334714,0.47842420119903295,-19.061865823723565,-7.390047149081738
1377,Validation,Switching,1047.327786590904,900.6701550795697,622.8172326460481,329.12334518739954,16.374524349346757,0.8356148375873454,7,179.05169762095406,11545,1195,250.03071271865358,2495.144482525106,1047.327786590904,250.1519326680117,2452.821436044081,1043.9346771286384,0.12121994935813518,-42.3230464810249,-3.3931094622655564
1378,Hidden Test,Switching,1036.8693867349066,822.5821706699207,498.35601979866624,328.9266025368124,17.865203120280057,0.8422367986151948,7,175.870014642595,12960,1200,249.95888690026618,2504.404192933043,1036.8693867349066,249.5089430438662,2471.739921400613,1041.2193859826477,-0.44994385639998313,-32.664271532429666,4.349999247741152
1379,Hidden Test,Switching,969.2203782266006,970.4039225005545,530.0273340195417,137.8662917832844,25.45458569098264,0.8009479308943265,7,172.87023124932614,13055,1200,250.02600328066688,2504.336857688184,969.2203782266006,247.71317071060923,2516.354125593754,966.258175183426,-2.312832570057651,12.017267905569952,-2.9622030431745543
1380,Hidden Test,Switching,1097.507164196577,1024.2095135618001,438.6188539676368,325.20479363854975,13.99704161984846,0.8437592798285187,7,185.81927510679665,11960,1200,249.98955654874177,2505.2084986377913,1097.507164196577,250.93855547923366,2542.1362885487865,1100.0747940314754,0.9489989304918822,36.927789910995216,2.5676298348985256
1381,Train,Switching,983.2347600255162,1138.8138955342583,351.78974997252226,316.2501260940917,12.413530983030796,0.8595323514402844,6,190.65304491408392,13810,1200,250.0258716048886,2503.8154775787793,983.2347600255162,249.7611483771283,2519.315479050811,980.7090580160374,-0.26472322776029955,15.500001472031727,-2.5257020094787777
1382,Train,Switching,1057.685695879627,896.1583390599117,665.5494657345116,123.0493294261396,29.479043363127857,0.8276966093620286,7,182.55234447643275,12695,1200,250.02631684534708,2504.6073082297244,1057.685695879627,247.3191622531321,2546.8259364534697,1051.4474938904327,-2.7071545922149767,42.21862822374533,-6.238201989194295
1383,Train,Switching,1020.6902566598728,751.1335399118252,417.05594658851624,326.201524452772,21.332593428902328,0.8099523515230976,7,180.02650839195084,14310,1200,249.98800099891648,2503.4991489529602,1020.6902566598728,250.482420485051,2450.8314330204857,1017.8747713798332,0.49441948613451814,-52.66771593247449,-2.8154852800396384
1384,Train,Switching,1030.227083794307,1128.93929714337,372.78261547908187,284.66094242874533,13.65076164668426,0.8002564080152661,7,183.9101770517699,11970,1200,249.96764252698168,2505.198891875824,1030.227083794307,252.87722616644461,2489.37243667738,1029.8517640643286,2.9095836394629373,-15.82645519844391,-0.3753197299784006
1385,Train,Switching,1013.0402674898505,975.4995372495614,485.8058514073491,285.7756293215789,28.980387499555945,0.7985787983355113,7,181.22198900656736,12240,1200,249.98284178068323,2504.970108021856,1013.0402674898505,251.49360983282924,2553.480163107023,1004.8205829032848,1.5107680521460054,48.510055085167096,-8.219684586565677
1386,Train,Switching,1006.1562855378725,715.245533385314,703.7860752083361,243.2895905058831,22.48953424813226,0.8383250337513164,7,171.45690088307038,12865,1200,250.00008173992572,2504.476704164198,1006.1562855378725,251.0534264389456,2494.1787028690756,1006.4865050585158,1.053344699019874,-10.298001295122504,0.330219520643368
1387,Train,Switching,986.4236390916631,787.5000676722266,690.6684894114733,149.85301355598494,20.883751676417887,0.8471221791836434,6,194.07346884370762,15325,1200,249.99376842601959,2502.923176428863,986.4236390916631,249.37526293909858,2475.361259592963,981.513888463714,-0.6185054869210092,-27.561916835899865,-4.909750627949052
1388,Train,Switching,969.2418819642626,725.6092937197536,542.6603416912258,111.05048544239253,18.410223263781518,0.796591586060822,7,173.8194683672225,15505,1200,250.00688465052514,2502.829298287512,969.2418819642626,246.4978982935838,2460.85468295311,976.8605065786459,-3.5089863569413353,-41.97461533440173,7.618624614383293
1389,Train,Switching,1033.4918861743063,1108.0594266648404,639.6082928404212,291.29211952211335,14.535279426723719,0.8573949267738499,7,172.19800749281026,10490,1195,250.0341842511413,2496.2247380440504,1033.4918861743063,252.45054502532452,2513.0993511058678,1030.6031412512193,2.416360774183204,16.8746130618174,-2.8887449230869606
1390,Train,Switching,1001.3289285940118,1121.2052882416174,648.9874218590558,162.99820870161057,21.407331655267626,0.8597358446521685,6,194.1156179584302,12905,1200,249.97782178503388,2504.4458494084556,1001.3289285940118,253.47058210883745,2519.039934805548,995.0391593211334,3.492760323803566,14.594085397092385,-6.289769272878402
1391,Train,Switching,1060.4309620568529,740.9541421686299,625.0384129583836,85.47296408331022,25.121083333157003,0.8104546954273246,7,186.91993308375834,14735,1200,250.0185647473525,2503.249271080427,1060.4309620568529,250.79205194906632,2470.8765582485776,1059.735379390878,0.7734872017138059,-32.37271283184964,-0.6955826659748254
1392,Train,Switching,1038.7116934987716,673.8020347431302,371.73845609650016,266.2882600398734,10.205267989542335,0.8119347811397165,7,182.75776359432066,16300,1200,249.9652197027673,2502.4364175246196,1038.7116934987716,251.95107056011443,2520.7019701661475,1046.963493252871,1.985850857347117,18.265552641527847,8.251799754099466
1393,Train,Switching,1096.1099517531693,612.3592735617422,733.5504868999124,247.89641609648243,16.009759174659848,0.8204935784568079,7,190.84504751304578,13420,1200,250.0363499799101,2504.07786451498,1096.1099517531693,252.84694346794794,2460.4938079229814,1105.8660636086256,2.8105934880378243,-43.58405659199843,9.75611185545631
1394,Train,Switching,1001.6593187698163,656.2706058146432,524.5155700482428,94.78858781047165,10.916515231598169,0.8208934542769567,7,174.31517774949913,16765,1200,249.99097175467955,2502.225375814295,1001.6593187698163,249.67168228278118,2507.7033815012514,1012.1488990745274,-0.3192894718983723,5.478005686956294,10.489580304711126
1395,Validation,Switching,1065.4746075859293,1061.942714790348,627.403437718749,237.24749368382618,25.02281363029033,0.80289099131478,7,189.5782364892495,11100,1195,249.99353720215467,2495.5733574043297,1065.4746075859293,248.54958628824147,2536.13276070498,1056.4574886460127,-1.4439509139131985,40.55940330065005,-9.0171189399166
1396,Validation,Switching,958.8070520549081,1006.1715314630419,517.2939705662429,261.73997791018337,12.025818824302405,0.83222914615646,6,192.0158361197817,13975,1200,249.98173014354467,2503.7074612627057,958.8070520549081,249.84248656864406,2483.165817207966,957.2197849327698,-0.13924357490060402,-20.541644054739663,-1.5872671221383143
1397,Validation,Switching,992.5360691267997,1188.785089540761,598.9920107647777,280.7158941705711,24.082991153001785,0.790135054497514,7,179.4514320191579,10340,1195,250.02895788283203,2496.3959401218635,992.5360691267997,252.22531946267694,2531.801846136886,979.218658514657,2.196361579844904,35.40590601502254,-13.31741061214268
1398,Hidden Test,Switching,1039.834679022897,1052.8800623258576,743.3459264226258,219.12863144651055,20.69624366471544,0.854207518673502,7,173.901315595612,10610,1195,249.9668290686671,2496.087899888766,1039.834679022897,249.95331473903167,2477.5795723217902,1028.968557423366,-0.013514329635427202,-18.508327566975822,-10.86612159953097
1399,Hidden Test,Switching,1006.4594061346725,1156.4282169681974,707.7188745141029,145.0173602043651,15.08498243521899,0.8332137945643626,7,172.5606514199275,10645,1195,250.02094742389986,2496.0520158223826,1006.4594061346725,255.72201619374636,2541.1385708441226,1001.3703062988013,5.701068769846501,45.08655502173997,-5.089099835871139
1400,Hidden Test,Switching,1083.0471469904296,763.6025766842067,739.1688994131982,240.45183932874352,21.805058961268514,0.7994213664252311,7,193.54126308944942,12270,1200,250.042032395525,2504.947651563759,1083.0471469904296,248.51153616078835,2494.7717587289126,1078.5906045667107,-1.5304962347366597,-10.175892834846309,-4.456542423718929
1401,Train,Switching,1099.2077950388193,775.2711421228014,720.0222389772534,181.1005011969246,18.6279187630862,0.8589583410066552,7,182.81408714363826,12755,1200,249.96073791792477,2504.558624067627,1099.2077950388193,251.63682227790028,2513.9398432448124,1103.2867576846256,1.6760843599755049,9.381219177185358,4.078962645806314
1402,Train,Switching,1033.5251043201424,858.6076176026836,595.0057164765894,226.65336511097848,8.138894331175834,0.7908912140922622,7,186.6836308755381,12730,1200,250.04689515578897,2504.581168509326,1033.5251043201424,251.06027105810958,2507.12789606448,1035.4647823590908,1.013375902320604,2.5467275551541206,1.9396780389483865
1403,Train,Switching,971.8211863888428,797.9643658385612,712.7640698105097,303.5803298535757,17.465853431262076,0.8500605310755782,6,190.53960489911648,13750,1200,249.9668321057551,2503.852675016352,971.8211863888428,250.3249116494635,2515.6111643320073,971.2067509971577,0.35807954370841344,11.758489315655424,-0.614435391685106
1404,Train,Switching,1001.8001895747148,799.168874649331,518.9352984540164,281.3039755402133,13.183469872456044,0.8421275532245637,6,198.2677061487011,15600,1200,250.00698055296428,2502.7804068984715,1001.8001895747148,251.8237289167559,2525.991575457641,1005.9712198173963,1.8167483637916177,23.211168559169437,4.1710302426815815
1405,Train,Switching,1080.5782425682992,750.0251744757406,692.7621012553573,193.13703918131068,29.04610326513648,0.8034619440534152,7,192.12897575225702,13075,1200,250.04637726228563,2504.323042621968,1080.5782425682992,250.80649596113602,2485.880005664174,1064.0600998757218,0.7601186988503912,-18.443036957793993,-16.518142692577385
1406,Train,Switching,1036.9063887861557,1216.219377773814,573.5280861146748,193.7295113876462,23.308437319938093,0.7958019352285192,7,186.13863268599835,10780,1195,249.95484296166336,2495.903106934442,1036.9063887861557,248.07236165975326,2487.992061491897,1021.0594265803671,-1.8824813019101043,-7.911045442544946,-15.8469622057886
1407,Train,Switching,1050.8821219438687,814.2348605324514,555.951976031065,272.0814359909855,22.190870172344148,0.8388953708275222,7,178.9567836957569,13020,1200,249.95997996857267,2504.359972068194,1050.8821219438687,250.9950350979988,2538.272651867846,1044.2372814870128,1.0350551294261265,33.91267979965187,-6.644840456855945
1408,Train,Switching,1020.5396385747008,1151.6712490469217,435.7009290717542,225.86896926630288,17.24747876962647,0.8307034342270345,7,175.50352018816574,11795,1195,250.0165624770415,2494.9162592031275,1020.5396385747008,250.28239404448448,2544.664425601778,1017.3921914314359,0.265831567442973,49.74816639865048,-3.1474471432649125
1409,Train,Switching,1037.599357496947,1059.107140765991,483.493965305388,165.64196253428236,29.709984520450234,0.8319280840014108,7,178.17463130883993,12520,1200,250.01711329152482,2504.7440245509674,1037.599357496947,247.04686062266026,2521.863823019261,1026.1165580781194,-2.9702526688645605,17.11979846829354,-11.482799418827653
1410,Train,Switching,1035.2980872266926,1180.8885610895231,402.67182821407914,123.30326826311648,23.9827938308008,0.7934831653395668,7,186.3930240830976,12530,1200,250.01461983703393,2504.735994723427,1035.2980872266926,247.51316439598932,2569.134123444605,1029.7812375566302,-2.5014554410446124,64.39812872117773,-5.516849670062356
1411,Train,Switching,1072.6416248595342,1189.4612190895714,374.0918468683958,314.8973785410635,18.386909012682736,0.7992840081523173,7,191.7147300260696,11385,1195,250.0046722702827,2495.2942739119862,1072.6416248595342,248.57349281574147,2487.503430858347,1062.218691622224,-1.4311794545412226,-7.790843053639037,-10.42293323731019
1412,Train,Switching,1058.9500352158211,1002.0371791440994,404.80554727837443,141.2567033385858,18.836465440224856,0.8371875908039511,7,180.69854130796446,13815,1200,250.0143620515736,2503.811796400525,1058.9500352158211,250.25992140694152,2506.725535359241,1063.2255529049735,0.2455593553679023,2.9137389587158395,4.275517689152366
1413,Train,Switching,1025.687616551295,666.5177071350627,466.86964463442564,167.28894154774025,24.231313608586788,0.7978839992196299,7,183.64424215522706,16440,1200,249.96909202922257,2502.371496838658,1025.687616551295,246.00654580135446,2458.7484977698823,1021.5582830259292,-3.9625462278681027,-43.6229990687757,-4.129333525365723
1414,Train,Switching,1072.7605610270984,1069.0999168669805,714.656734187156,295.56254057213664,12.123928947839886,0.8346262682368979,7,183.61692478466117,10285,1195,250.00032881980354,2496.458698991302,1072.7605610270984,251.09584200374246,2497.408622082488,1073.7018370094506,1.0955131839389196,0.949923091186065,0.941275982352181
1415,Validation,Switching,1058.9715360896662,736.5860059973784,642.3550575971603,327.9213140322827,11.014578911475837,0.8573149263835512,7,176.4598321540573,12530,1200,250.0141237136448,2504.735987272641,1058.9715360896662,249.41142108846833,2510.3068358797664,1060.0429108632686,-0.6027026251764767,5.570848607125299,1.0713747736024288
1416,Validation,Switching,1004.4761975179426,938.36291404441,585.6578177772462,94.72678745631129,22.51187845831737,0.8080864922050387,7,177.57579297465904,13210,1200,249.97543199239243,2504.223053059221,1004.4761975179426,250.07131859387346,2530.6793650271197,1000.1037858526455,0.0958866014810269,26.456311967898728,-4.372411665297136
1417,Validation,Switching,1053.8908975198865,736.9527683011256,725.4465313628316,225.02744149649516,17.774507319554687,0.8376941091683694,7,179.72651455351286,12675,1200,250.02770400169135,2504.622848545643,1053.8908975198865,248.07474354178368,2504.6020344925064,1049.1986804353373,-1.952960459907672,-0.020814053136746224,-4.692217084549156
1418,Hidden Test,Switching,1039.994758425746,646.2748475605622,438.66457054391503,135.44487456791103,24.619428787846118,0.8596709521533922,7,172.82272874633193,17525,1200,250.01719291931934,2501.9041010445044,1039.994758425746,248.8919670483641,2465.836788201868,1042.253440614198,-1.1252258709552336,-36.06731284263651,2.258682188451985
1419,Hidden Test,Switching,1072.684362786822,705.6377003551461,378.69405038654804,116.65428626118228,11.067318112589419,0.805510896879714,7,190.2402858221588,17805,1200,249.97395955090636,2501.791179918601,1072.684362786822,250.92997864867155,2502.275086560761,1091.0646996693793,0.9560190977651928,0.4839066421600364,18.38033688255723
1420,Hidden Test,Switching,1041.4095240063034,917.8794150706381,464.962853025645,228.3498130692169,10.782210770528764,0.8554700766131282,7,173.90764821694353,13275,1200,250.0326825329191,2504.1790713428804,1041.4095240063034,251.62371485518563,2502.2922361111655,1047.2582951106513,1.5910323222665284,-1.8868352317149402,5.848771104347861
1421,Train,Switching,1014.4752712454647,973.8802297855727,591.8018540367484,158.44856736483052,22.133674520999193,0.8083767868601718,7,179.27907023686018,12405,1200,250.02439019960033,2504.8365093466905,1014.4752712454647,250.139753668939,2487.7878247960903,1004.1042627566859,0.1153634693386607,-17.04868455060023,-10.371008488778784
1422,Train,Switching,987.3884791624732,1222.648483957164,455.35568045452237,116.52234561741352,22.639312023762614,0.8537631554855034,6,192.75222345885496,13905,1200,250.02853549901906,2503.753969474441,987.3884791624732,251.70756049566026,2569.550829328282,978.3827298953515,1.6790249966412034,65.79685985384094,-9.0057492671217
1423,Train,Switching,978.443312481977,1207.183454663027,468.9644046127796,155.00954758143052,14.706037699244916,0.8300744624226355,6,196.45693584852532,13625,1200,249.99456259853125,2503.9367429972544,978.443312481977,249.2545185711838,2544.9858429283763,979.6083051753977,-0.7400440273474373,41.04909993112187,1.164992693420686
1424,Train,Switching,964.10515679745,1126.6233762726188,521.5903772972524,184.498686385341,28.67758465697989,0.8593466290738434,6,186.9841427931725,13615,1200,250.0235791210287,2503.9445019904,964.10515679745,251.39859644886295,2495.8485862955677,947.6579300836464,1.3750173278342572,-8.095915694832456,-16.447226713803616
1425,Train,Switching,1079.6504654921591,1148.095305764582,714.4750604405999,295.25442419806495,23.79206440038979,0.8192394906957634,7,188.2670239121467,9910,1195,249.98018649209277,2496.913791629604,1079.6504654921591,254.37708603447064,2559.706059306827,1058.1154359101859,4.3968995423778665,62.79226767722275,-21.535029581973276
1426,Train,Switching,1065.5528735020198,739.4299634965137,573.6512103118002,283.2946490217,15.451825783122331,0.7947891044104473,7,191.5248186305109,13395,1200,249.97292298156242,2504.0928229398583,1065.5528735020198,247.80459496574065,2483.0169956717064,1074.522243279709,-2.1683280158217713,-21.075827268151897,8.96936977768928
1427,Train,Switching,971.9828741392121,942.2759942361154,444.000032171607,266.23602081788704,14.298062023706734,0.7928111549909227,7,175.14220811788596,12940,1200,249.97351337881756,2504.4196031293095,971.9828741392121,251.2286870097197,2476.945243101452,973.8180936036879,1.255173630902135,-27.47436002785753,1.8352194644758129
1428,Train,Switching,970.4237540601753,750.0945730600506,579.3335157446563,245.45128950383514,18.267696067225188,0.8217857063002885,6,196.81200476400375,15845,1200,250.03911788068035,2502.658018146008,970.4237540601753,248.70269400207735,2488.0849493381684,976.3983132456311,-1.336423878603,-14.573068807839718,5.97455918545586
1429,Train,Switching,1039.6527506876737,1164.410582545679,428.9883254095912,165.4872430791147,26.68268658220768,0.8284260056749918,7,179.281940100126,12160,1200,250.0270242947143,2505.0388280624015,1039.6527506876737,249.30929833095678,2556.9296177985734,1025.5577891299351,-0.7177259637575162,51.89078973617188,-14.094961557738543
1430,Train,Switching,983.1929256324656,989.7771617164835,586.0309612937272,286.421643961221,12.041975921485573,0.7937042923783884,7,176.9627978353539,11485,1195,250.0226294094396,2495.200243536496,983.1929256324656,251.7823026568191,2471.005185493258,980.7793658683769,1.75967324737951,-24.195058043238078,-2.4135597640887454
1431,Train,Switching,1070.6086960854009,1142.8009072435088,739.8914977908134,229.86715180566534,23.829116011969745,0.8425741979083978,7,181.52003683525945,10125,1195,250.0458916912579,2496.6513915602254,1070.6086960854009,250.3088809864147,2501.2369702422425,1053.571806616184,0.2629892951567854,4.585578682017058,-17.03688946921693
1432,Train,Switching,1068.9916218514554,880.6807889603078,653.8082084618509,112.88571967277676,22.2168683311902,0.8407578583527356,7,181.63742071364882,12980,1200,249.9668899780109,2504.389697703153,1068.9916218514554,250.7710056816975,2488.6456743339904,1061.7270280674584,0.8041157036865911,-15.744023369162733,-7.264593783997043
1433,Train,Switching,993.9039975404739,976.6370976692997,515.1951836422086,84.6745227300562,22.86885312013328,0.7929695439827629,7,179.05641703436126,13565,1200,249.9948327254669,2503.9771614076863,993.9039975404739,250.79794767566926,2509.576435937624,989.3180915575723,0.8031149502023709,5.599274529937702,-4.585905982901636
1434,Train,Switching,1009.6556714386679,781.6171268234029,658.5968659259379,137.92660056613386,15.376541670877486,0.7938761314796284,7,181.68643541708434,13550,1200,249.97701932425363,2503.986672021808,1009.6556714386679,250.61690018197095,2454.636486436741,1014.5402671078924,0.6398808577173156,-49.35018558506681,4.884595669224495
1435,Validation,Switching,1095.4455108148977,1138.6305753723718,572.7174643427134,131.10140255419537,18.65710934344679,0.8285744423675351,7,188.86922867611648,11605,1195,249.95168477162892,2495.0855780821153,1095.4455108148977,249.1405706441605,2542.8565397436164,1097.94302637701,-0.8111141274684144,47.77096166150113,2.497515562112312
1436,Validation,Switching,1071.372955327388,1050.131570501253,599.7432495467365,315.5493566719815,16.96996524510905,0.8491598971933126,7,180.2408237110156,10880,1195,249.9772629854723,2495.7984558541157,1071.372955327388,250.49505881862004,2527.170945650063,1063.857384622559,0.5177958331477441,31.37248979594733,-7.5155707048288605
1437,Validation,Switching,1044.4656565319747,1173.5126846353523,722.2072875127196,98.5464367386885,13.863392364233732,0.8484454549499788,7,175.86207650009115,10725,1195,250.03203505942452,2495.9656526876643,1044.4656565319747,253.287288236806,2520.740494388665,1044.2256613091251,3.2552531773814906,24.774841701000696,-0.23999522284952945
1438,Hidden Test,Switching,1036.9999006506987,1011.8434673873708,412.15208964422345,205.90140011161566,15.659324663225561,0.8236590256867931,7,179.85943009192866,13120,1200,249.98221596077454,2504.2879561669215,1036.9999006506987,252.72686954711125,2493.106654914832,1042.98155793182,2.7446535863367103,-11.181301252089725,5.981657281121215
1439,Hidden Test,Switching,1063.4018566692248,1080.4909951169975,458.97926315665245,81.52063503628597,25.076467505656183,0.8353992883278989,7,181.8466367822893,13195,1200,250.03768258852514,2504.2361121881354,1063.4018566692248,249.88211676986938,2543.339379116782,1052.7267455275899,-0.15556581865575936,39.10326692864646,-10.675111141634943
1440,Hidden Test,Switching,1077.7479393291287,1137.8620602190495,564.9109511636198,295.88300832081586,27.66291353246197,0.8419944621156902,7,182.8562992515003,10700,1195,249.99866189044752,2495.99109902014,1077.7479393291287,252.48439781966587,2510.7579115956323,1060.4325701132082,2.4857359292183503,14.766812575492168,-17.315369215920555
1441,Train,Switching,978.5064092837274,670.7338332547806,742.1492898836732,324.48175641009584,12.805284703150392,0.8018172943894751,7,174.33725971714364,12310,1200,250.01389210261422,2504.913548436828,978.5064092837274,254.0298895992675,2447.5177501805683,983.2204766404305,4.015997496653284,-57.395798256259695,4.71406735670314
1442,Train,Switching,1003.9310933672823,983.9219431625679,550.5457573570311,280.7449383381754,10.420382328797132,0.8539206159720197,6,195.94543774316094,13745,1200,250.00024292844765,2503.8571849828445,1003.9310933672823,255.59751695560107,2541.4656324249845,1005.1104795470967,5.597274027153418,37.608447442140005,1.1793861798144007
1443,Train,Switching,1044.3203463917598,859.9477396928705,512.9885893315077,252.55263560218737,28.6617597239092,0.8370843397895806,7,178.22412130014325,13155,1200,249.9715124241644,2504.2622963608837,1044.3203463917598,247.94548962536297,2495.2969582577093,1035.2928897945433,-2.0260227988014208,-8.965338103174417,-9.027456597216542
1444,Train,Switching,1052.19045834383,1068.3681577909738,356.9484326057136,288.88138411100954,16.351584679912776,0.7921726320497692,7,189.74768445560682,12475,1200,249.9865955504411,2504.778689249204,1052.19045834383,248.79804217760324,2498.4604105815392,1056.1339232729993,-1.1885533728378732,-6.318278667664799,3.943464929169295
1445,Train,Switching,964.0022417996079,1106.7473156261258,613.9918519183993,287.3385392432101,29.212470181286335,0.8285700033069588,6,193.90883046536337,12425,1200,250.0034803655248,2504.8195045257876,964.0022417996079,251.05431562410504,2493.743609700565,950.377026776938,1.0508352585802356,-11.075894825222804,-13.625215022669863
1446,Train,Switching,1071.445340954233,1213.4355090325698,592.5333050079644,107.4659818969667,18.782995669636875,0.7997379472991452,7,191.3922187301998,11175,1195,249.9634908829469,2495.4970762731355,1071.445340954233,249.7123159315602,2501.8139411918532,1068.794361138393,-0.25117495138670165,6.316864918717783,-2.6509798158399462
1447,Train,Switching,1076.2822325574234,680.4173115757294,552.4583220481873,225.58403001865372,13.859373765997589,0.8450815444416366,7,181.9405543315343,14665,1200,250.02963703958528,2503.289985393996,1076.2822325574234,249.4618893501644,2485.1707718445455,1079.9713288107484,-0.5677476894208837,-18.119213549450706,3.689096253325033
1448,Train,Switching,971.1391658405773,623.5342592932284,729.3195343576372,168.97114696446806,8.652786148246378,0.8029083347413689,7,172.78954588675762,14055,1200,250.0405107185271,2503.65884734431,971.1391658405773,251.74064285971582,2503.9558762395,982.0058796573492,1.7001321411887318,0.2970288951901239,10.866713816771835
1449,Train,Switching,1020.3876895830035,1052.4578277370892,638.7127758935094,159.82583303237334,21.529577990993857,0.8027239459869452,7,181.59377288939098,11555,1195,250.02935976177264,2495.135124538531,1020.3876895830035,247.92145416625507,2510.2084753075296,1017.1926819753962,-2.1079055955175647,15.073350768998807,-3.1950076076072946
1450,Train,Switching,1027.5260013178922,828.600062080659,363.402456138283,91.08172792010009,18.752121408004314,0.8029823074908927,7,182.8053088970005,16665,1200,249.96291742705495,2502.2690900136245,1027.5260013178922,248.96703738745217,2538.1129671424887,1034.154530093646,-0.9958800396027812,35.84387712886428,6.6285287757536935
1451,Train,Switching,1019.5350198773667,1095.610135665629,543.5464698821306,225.1298391330056,12.795987621881068,0.8424675676855259,7,172.88245336566834,11470,1195,249.97187562359105,2495.21216598406,1019.5350198773667,254.29374240392227,2476.888775225202,1024.1850685473453,4.32186678033122,-18.32339075885784,4.65004866997856
1452,Train,Switching,966.1556629813276,1208.114824583754,492.66735715791583,253.18779311608523,27.391111958306283,0.8021733028069139,7,172.06037284686792,10945,1195,250.00544038580352,2495.7320564759016,966.1556629813276,249.29856411421002,2497.439853632309,946.5421419290279,-0.7068762715935009,1.7077971564076506,-19.61352105229969
1453,Train,Switching,963.377004629001,1007.5078966910951,587.0362630113959,130.07264559390023,28.189327839761972,0.8158235574536957,6,196.81073516186945,14465,1200,249.96543054543247,2503.4051480117064,963.377004629001,250.72033269345619,2545.6346760434394,950.7239914505071,0.7549021480237172,42.229528031733025,-12.653013178493893
1454,Train,Switching,985.7368385535665,1235.2821417851374,602.614823449403,194.64331671595573,27.868078509811312,0.8300114879710601,6,197.93638458410027,12275,1200,249.99409812674114,2504.94156299082,985.7368385535665,250.88970840023939,2498.5600235403667,966.7482740958066,0.8956102734982494,-6.381539450453147,-18.988564457759935
1455,Validation,Switching,1017.0118743786588,1144.3114430760033,416.6032411158085,113.96592516219243,24.772588058374822,0.7942361510335468,7,182.92721936222478,12770,1200,250.02893321590074,2504.5498150031717,1017.0118743786588,248.39565285726525,2507.580925552069,1008.8953787996574,-1.6332803586354885,3.0311105488972316,-8.11649557900148
1456,Validation,Switching,1069.5635367068462,1169.171022810042,657.8074260614812,111.43261012155563,23.34540265193209,0.8521813266631216,7,179.298449963012,11035,1195,250.05400985547763,2495.6418622963743,1069.5635367068462,251.1061055514214,2495.8935943563324,1064.0782196371536,1.0520956959437626,0.25173205995815806,-5.485317069692655
1457,Validation,Switching,1060.6739942915738,668.2863035588525,481.0002962127328,181.55043011764064,11.406353192403913,0.8384943503071555,7,180.71064673466364,16070,1200,250.00899368198503,2502.547068518391,1060.6739942915738,252.60359207181125,2514.5138614473303,1071.7046427985183,2.594598389826217,11.966792928939412,11.030648506944544
1458,Hidden Test,Switching,980.0553969689645,1228.549833339639,543.7131353653967,111.91954758949578,25.06921908305958,0.8061882163817063,7,173.66653469717744,11350,1195,249.99682121321428,2495.3275024169207,980.0553969689645,251.23162958533754,2520.341804634499,964.031726059328,1.2348083721232683,25.01430221757846,-16.023670909636508
1459,Hidden Test,Switching,1016.9115794589743,1172.9062955477275,383.8712390512228,91.63057860685512,25.412786048837006,0.8310182048822754,7,174.8133577897169,12975,1200,250.02741777349456,2504.3957133085937,1016.9115794589743,247.1577211873459,2493.330657459831,1011.5741434802534,-2.869696586148649,-11.065055848762768,-5.337435978720919
1460,Hidden Test,Switching,959.0620071976446,1132.743706041947,516.6114795021713,247.0909629901871,20.688564627896994,0.8543705543316901,6,187.0893923671185,13155,1200,249.97699298127344,2504.2625077027265,959.0620071976446,248.34165947558202,2523.254527485399,951.6585068773621,-1.6353335056914204,18.99201978267274,-7.403500320282433
1461,Train,Switching,972.7892820257694,665.3212718549185,530.602147988975,133.00533614354208,9.422196388244629,0.8556620309338905,6,189.48082437097338,18775,1200,250.00556128574013,2501.4308229208746,972.7892820257694,252.9804272672935,2458.2222072925815,986.9717332033222,2.9748659815533642,-43.208615628293046,14.18245117755282
1462,Train,Switching,995.7903594826348,745.2881240984425,422.7440875954926,109.27004778757691,11.107333651278168,0.8464435110753402,6,196.0734032953089,19535,1200,250.02023620306974,2501.1732273539083,995.7903594826348,249.54973162384795,2463.1862852942604,1014.3787770590602,-0.4705045792217959,-37.986942059647845,18.5884175764254
1463,Train,Switching,1000.3077888162807,849.5550004881807,590.3887823224068,100.20149579038844,25.934179077856243,0.8110733856610023,7,176.1876486325336,13885,1200,249.99023898976148,2503.765493695792,1000.3077888162807,249.88950873636557,2510.845014047155,1001.0658206378155,-0.10073025339590913,7.079520351363044,0.7580318215348143
1464,Train,Switching,1034.9079347099178,883.5439610294998,667.0318833552301,323.7931584427133,18.21449885284528,0.8278525881189853,7,178.5873388507135,11410,1195,250.00924932495334,2495.270614019095,1034.9079347099178,249.9364465458919,2508.2459044536427,1031.4174933525803,-0.07280277906144761,12.975290434547787,-3.4904413573374313
1465,Train,Switching,1040.6837400048971,980.2146716392599,706.772013194859,98.55647616321221,10.420225633308291,0.7940274750930257,7,187.2342083598149,11975,1200,249.95442913139735,2505.194003848798,1040.6837400048971,251.0898920268656,2550.4371220633707,1037.9202621087002,1.1354628954682653,45.24311821457286,-2.763477896196946
1466,Train,Switching,1063.9266403974034,714.9099631467834,571.4468196965754,243.73914456926286,26.359540801960975,0.808603707482107,7,187.96540091319727,13975,1200,249.9688914344926,2503.7069944126542,1063.9266403974034,247.971099042709,2471.642151520636,1056.8837014729258,-1.9977923917836051,-32.06484289201808,-7.042938924477539
1467,Train,Switching,1044.256326253526,1236.4251666353084,629.3463502079248,253.75439702300355,16.511510320939124,0.7928969073551707,7,188.14485691044771,10090,1195,250.00302054924802,2496.6917751487567,1044.256326253526,253.50346843432035,2501.0247273478194,1034.5165847782466,3.500447885072333,4.3329521990626745,-9.739741475279288
1468,Train,Switching,950.759935786482,675.942489085719,488.5166699998081,176.59913729410619,28.945888947229832,0.8567971281707287,6,184.9445849988559,18605,1200,250.00344512597775,2501.4913444756153,950.759935786482,246.42163691459746,2517.994875201347,946.0291987379163,-3.5818082113802916,16.503530725731707,-4.730737048565629
1469,Train,Switching,1019.4568436127156,764.7734892438166,531.9247668609023,90.61645784648135,22.82922386750579,0.837891312877182,7,173.8133451277601,15415,1200,249.99642597627036,2502.8758364128525,1019.4568436127156,247.01755661241285,2519.3726171933813,1022.2804084236136,-2.9788693638575126,16.496780780528752,2.823564810898006
1470,Train,Switching,1083.741962548811,927.6942739961669,451.45701663568616,226.90169040113688,16.38041121000424,0.7936999063519762,7,195.0614824634474,13315,1200,249.98628759191436,2504.149155613189,1083.741962548811,247.88875133472567,2520.778091341955,1081.6761575660294,-2.0975362571886933,16.62893572876601,-2.0658049827816285
1471,Train,Switching,988.369282358326,1098.8866503466852,353.1461529433727,170.40953539079055,29.20037469919771,0.8182853374048137,7,172.55058267727986,13180,1200,249.97716607317406,2504.2445613419286,988.369282358326,247.13979916459823,2503.33194997559,974.6306508847225,-2.837366908575831,-0.9126113663387514,-13.738631473603505
1472,Train,Switching,1056.778358842712,1177.0390640944242,474.06520238146186,158.3882449613884,8.216598646249622,0.7997209129016847,7,188.7762775013111,11820,1195,250.02828266355337,2494.8945285667137,1056.778358842712,250.3800784317534,2478.799041677768,1056.6476750476706,0.3517957682000201,-16.095486888945743,-0.13068379504125005
1473,Train,Switching,994.7986978106201,1197.4948126240633,569.3398470059037,300.790431892965,8.234399506822228,0.8569218730484136,6,193.48296289674647,12065,1200,249.95812268090557,2505.1166221566623,994.7986978106201,254.69762123416373,2516.4803582930745,987.8910618224611,4.739498553258159,11.363736136412172,-6.907635988158972
1474,Train,Switching,976.0386688285507,602.7821704046801,685.7766353525221,266.49209127761424,13.038076036144048,0.8049785938719288,7,173.21466261141302,13750,1200,249.9552763358307,2503.8522622818186,976.0386688285507,248.8468189877707,2488.035239178707,984.6031499106824,-1.10845734806,-15.817023103111751,8.564481082131692
1475,Validation,Switching,1010.3246580576524,1193.075642513577,711.4148270338774,148.37234616978094,11.39022180903703,0.8032051269779914,7,179.69518515310833,10420,1195,250.05913499120535,2496.305332835258,1010.3246580576524,250.68742111562514,2494.186997028712,1003.3126869096466,0.6282861244197875,-2.118335806545929,-7.011971148005841
1476,Validation,Switching,1001.0748691274785,955.0933186430484,725.1744630746543,184.73533009644598,19.82242863578722,0.8511497063003481,6,196.0240487498576,13380,1200,250.03700663038933,2504.1056195267074,1001.0748691274785,252.57452572220603,2508.5509356653615,991.2033046270661,2.537519091816705,4.445316138654107,-9.871564500412319
1477,Validation,Switching,1006.42448537983,825.0605823355727,392.61926244944334,156.40990550862625,8.614569060504436,0.8369602367491462,7,171.78226655219834,15565,1200,250.02245945015454,2502.7988512544093,1006.42448537983,249.4318492709096,2458.0955932907277,1012.9933826769739,-0.5906101792449476,-44.70325796368161,6.568897297143849
1478,Hidden Test,Switching,1056.8345180829056,650.3626253223047,443.75925632193685,280.34778816625476,26.578069700393826,0.8048321836581454,7,187.58737882462339,15560,1200,250.0115942276664,2502.8010628419006,1056.8345180829056,248.41850706746692,2486.042108644859,1051.0484324364963,-1.5930871601994738,-16.758954197041476,-5.786085646409219
1479,Hidden Test,Switching,1003.2803050475195,1185.7341461000033,647.219255566597,189.8744868650101,20.255405726842582,0.791307625619229,7,181.12520747133377,10570,1195,249.94786070961717,2496.1312220142836,1003.2803050475195,249.68488842937046,2564.6921392309955,992.9447514015972,-0.26297228024671426,68.56091721671191,-10.335553645922346
1480,Hidden Test,Switching,1023.105393059086,989.0981082804501,615.9259683452547,153.05442134384066,27.333982763346285,0.8436220821086318,7,173.2504594104907,12165,1200,250.0149914736477,2505.0341265523803,1023.105393059086,251.75550259358053,2544.3619275783262,1006.9013706783771,1.740511119932819,39.32780102594597,-16.20402238070892
1481,Train,Switching,1040.2100870385766,948.9983581355773,716.4737256243825,312.85757150733843,13.124261623248458,0.7924561505881138,7,187.52008031640338,10810,1195,249.99970443081304,2495.8732682034533,1040.2100870385766,255.2909841596096,2519.948875838175,1032.8277911585594,5.291279728796553,24.075607634721564,-7.382295880017182
1482,Train,Switching,1058.8562153861858,935.0788429612294,635.8610601164401,189.6984415780753,17.458657030481845,0.8163682306231931,7,185.29037259463942,12145,1200,249.96714570247514,2505.0490279319097,1058.8562153861858,251.22047996396677,2495.721499258124,1057.492504555762,1.2533342614916307,-9.327528673785764,-1.36371083042377
1483,Train,Switching,1035.6609130976722,672.7310943068005,582.735513523221,189.42151787457988,22.173031688667834,0.792434330272954,7,186.70513550692743,14800,1200,249.98343118203275,2503.2109827573518,1035.6609130976722,245.3763702259911,2480.8392527116416,1037.6880979835341,-4.607060956041636,-22.371730045710137,2.0271848858619705
1484,Train,Switching,1010.1001719362102,1137.7767038997263,732.4633072130382,224.2912322236225,23.165393623989075,0.815503754876554,7,176.9458738840007,10210,1195,249.9932437105658,2496.546882418402,1010.1001719362102,249.5265838225193,2518.516927184754,1001.6884351088977,-0.46665988804647895,21.970044766351748,-8.411736827312552
1485,Train,Switching,988.2476234342903,1080.1643512095325,670.0869103893638,304.3394030374475,17.139495242387056,0.8266285491012968,6,199.25265999839635,12145,1200,250.02958728554168,2505.051585580269,988.2476234342903,254.95512412762682,2565.801291366678,978.1010603145285,4.925536842085137,60.74970578640887,-10.146563119761822
1486,Train,Switching,1065.6794266891666,960.1865839911625,674.4074289686978,311.3320692628622,14.301394785288721,0.8038360667182133,7,189.39174839466423,10990,1195,249.99954422288158,2495.6854264727103,1065.6794266891666,250.23900415279536,2494.9125975549537,1066.2676718458065,0.23945992991377807,-0.7728289177566694,0.5882451566399141
1487,Train,Switching,1011.2867942312732,975.1713593606837,725.6209380924702,165.25347377872095,16.57634964492172,0.8459561186819338,6,199.23941126066478,13370,1200,249.98973160545992,2504.110821980138,1011.2867942312732,253.63507916581477,2502.502267237813,1012.6359466565801,3.6453475603548497,-1.608554742324941,1.3491524253068974
1488,Train,Switching,975.1246750238352,968.7850622460246,694.1103055141866,267.94574413914233,25.49265752127394,0.8375812078919262,6,194.03584707885346,12920,1200,249.964287479678,2504.4341248119326,975.1246750238352,249.5750811040794,2494.597293457481,965.919750080858,-0.3892063755986044,-9.836831354451533,-9.204924942977186
1489,Train,Switching,963.5396690107882,1046.2049720226787,494.307834841311,138.2602639333345,27.785975160077214,0.832944436587859,6,192.7979079768934,14860,1200,249.96526022835334,2503.17640611405,963.5396690107882,251.45344083985609,2541.2168617086472,952.5822377399944,1.4881806115027416,38.040455594597006,-10.95743127079379
1490,Train,Switching,1060.8590278425254,854.4956938596442,656.6251733340323,180.66938702948391,9.800677553284913,0.853629608550109,7,177.53752701853838,12640,1200,249.98186605474248,2504.6482494278835,1060.8590278425254,249.89123056614642,2508.1822655230962,1064.544868219067,-0.09063548859606385,3.5340160952127917,3.6858403765415915
1491,Train,Switching,985.313213779591,654.4989019283094,527.3393239825964,225.42457525385544,21.212444690056145,0.846290217160713,6,194.04557164115198,17730,1200,250.00712628830962,2501.821678472691,985.313213779591,247.14614656846726,2474.4619041296746,987.4315749468801,-2.860979719842362,-27.359774343016397,2.1183611672890947
1492,Train,Switching,952.865122014191,611.4004245493561,562.3798149637878,83.70611750986427,28.615328803192824,0.83890336798504,6,189.30768397137237,19840,1200,249.98476562123375,2501.0743539270015,952.865122014191,249.34498029492673,2464.646064922679,948.598583003499,-0.6397853263070203,-36.42828900432232,-4.266539010691986
1493,Train,Switching,1043.5508877504617,1149.6531437966041,443.9213691279292,180.85928469197825,17.668463930487633,0.8190098783210852,7,182.0230771277963,12050,1200,249.95516694441267,2505.129334022685,1043.5508877504617,248.5395230828625,2522.9695332063357,1040.1124630588351,-1.4156438615501656,17.84019918365084,-3.438424691626551
1494,Train,Switching,1081.8933379952796,1006.6260842373595,526.1903834529221,200.27760269120336,19.936018025968224,0.7950850868737326,7,194.38949829872467,12340,1200,250.0072736680444,2504.8886872025046,1081.8933379952796,248.37277607901868,2487.898830330645,1077.9061604448018,-1.6344975890257274,-16.9898568718595,-3.9871775504777816
1495,Validation,Switching,1078.9490183116868,600.5003111553378,524.6892437338829,272.4083316116594,11.272974367253482,0.8054386527440511,7,191.36848414140766,15300,1200,249.97038490879777,2502.935696816899,1078.9490183116868,252.47210555867724,2498.633423030213,1093.3463622602183,2.5017206498794735,-4.302273786685873,14.397343948531443
1496,Validation,Switching,1046.7323648626916,708.4774932824075,444.12312721833587,325.4751810291782,19.855323573108763,0.8398400772083551,7,178.04960615530018,14470,1200,250.02328675558226,2503.4041748558657,1046.7323648626916,251.34975914343266,2521.541713697587,1055.999657539565,1.3264723878504014,18.13753884172138,9.267292676873467
1497,Validation,Switching,1054.3358407914639,1036.815631610807,376.2468682602048,244.26125407451764,10.020073411986232,0.8214668511343189,7,183.3542103608561,12905,1200,250.02318154021307,2504.4476130364674,1054.3358407914639,250.27564938342357,2542.5007497627125,1058.2277755884572,0.2524678432104963,38.05313672624516,3.8919347969933824
1498,Hidden Test,Switching,1006.3660873682238,803.60941758845,669.541905913502,320.8549131359905,15.3308116463013,0.7977924479590729,7,180.20549615070001,11920,1195,249.98582378866553,2494.8047554834475,1006.3660873682238,250.63985892421587,2506.3729400507655,1003.400418343081,0.6540351355503446,11.568184567317985,-2.9656690251428017
1499,Hidden Test,Switching,1023.4233104391024,908.614985330496,695.7854930311441,262.6342839631252,20.366702848114073,0.84489193971036,7,173.0438215718442,11455,1195,250.01319485337106,2495.2280978302847,1023.4233104391024,252.51862774118467,2527.4730524091815,1016.8436620828091,2.505432887813612,32.244954578896795,-6.579648356293205
1500,Hidden Test,Switching,1048.377878998872,705.9534370433539,595.0700129382312,116.0707490472123,27.586582775693387,0.8278261113911868,7,180.91754580768196,15090,1200,249.97893778238293,2503.0491887513863,1048.377878998872,248.33970387471584,2457.5938379637455,1044.438017273079,-1.6392339076670908,-45.45535078764078,-3.93986172579298
1501,Train,Switching,1044.461715919897,700.1076371292584,607.3149299249053,97.60027633281425,21.99022863432765,0.7979897033818998,7,186.98087948708445,15220,1200,249.98462420345908,2502.978918975924,1044.461715919897,250.13548357254047,2500.122546834615,1044.4634078121542,0.1508593690813882,-2.8563721413088388,0.0016918922572131123
1502,Train,Switching,985.1098694023676,993.3677448658273,503.21044521406293,274.21695452183485,11.10133563214913,0.8596391768334434,6,190.99289871654963,14090,1200,250.00432006519296,2503.6355594535044,985.1098694023676,250.84192429093585,2539.4344716402315,981.3192487256838,0.8376042257428935,35.79891218672719,-3.7906206766838295
1503,Train,Switching,1051.1689204955474,1175.4582031746395,361.7436610162258,149.86263900762424,22.80258198734373,0.8567417504801416,7,175.2768422433754,12675,1200,249.9741492302682,2504.6207398860192,1051.1689204955474,249.84686976668033,2532.4854114712048,1048.9344849322085,-0.12727946358788245,27.864671585185533,-2.2344355633388204
1504,Train,Switching,1038.2156139123254,730.6829735636711,430.0093858502805,153.38101707864553,16.48934465786442,0.8587594955693931,7,172.71019073256284,16275,1200,250.00900386789345,2502.4494839392382,1038.2156139123254,248.33163113448992,2522.3271033528454,1054.2572131681072,-1.67737273340353,19.877619413607135,16.041599255781875
1505,Train,Switching,1035.444728937,698.9909089519642,716.8722772970796,187.3719440610148,16.290053540840745,0.829974974275101,7,178.22305508864565,13340,1200,250.01622526430458,2504.1327523405607,1035.444728937,249.41843369209,2444.8692617967718,1044.3441850308309,-0.5977915722145895,-59.263490543788976,8.89945609383085
1506,Train,Switching,1024.7348272823729,703.1003463314846,508.4132903255522,190.31645559705794,13.03973237471655,0.8273052923986689,7,176.9488131610109,15255,1200,249.98994699897835,2502.960333333029,1024.7348272823729,247.8940164090292,2519.8828545357105,1032.4753199805218,-2.0959305899491483,16.92252120268131,7.740492698148955
1507,Train,Switching,1089.691425091587,1053.9633357548155,365.3178256005049,203.80304344696924,14.152129252441227,0.8413463208894245,7,185.0251195250329,13175,1200,249.98085144704288,2504.248297772995,1089.691425091587,252.56155168057148,2477.2475659607553,1088.056113871741,2.580700233528603,-27.000731812239792,-1.6353112198460167
1508,Train,Switching,963.0434531136416,769.8847808409482,545.8605918101966,171.2562854355201,23.622776604723185,0.7945228662900627,7,173.1575540443478,14380,1200,249.96874001970934,2503.456134052054,963.0434531136416,246.1923396074946,2477.724392675024,960.9483845770209,-3.776400412214741,-25.731741377030175,-2.0950685366207153
1509,Train,Switching,1072.9189469013363,797.1716185915284,683.4647668525577,164.6702766721137,16.913928605616093,0.7970183225930669,7,192.30942492381888,13000,1200,250.03764143958537,2504.377659141511,1072.9189469013363,250.32500427522504,2463.2347962198155,1078.1609448299725,0.28736283563966936,-41.14286292169527,5.241997928636238
1510,Train,Switching,959.3663248349912,1108.11002550181,469.1646662540734,242.82734414562583,29.474727211985737,0.8584282644232736,6,186.26412258212628,13710,1200,250.03580907506787,2503.8815811183335,959.3663248349912,247.0110238072967,2512.084070105404,940.9544753199112,-3.024785267771165,8.20248898707041,-18.411849515080007
1511,Train,Switching,951.0924625443295,672.049449023325,357.7413737773895,207.88374902447686,8.559852528385818,0.8463923398382031,6,187.28360709686578,20160,1200,250.01437179125097,2500.975501043579,951.0924625443295,250.63291546644,2515.469748788537,963.3619650644567,0.618543675189045,14.494247744958102,12.269502520127276
1512,Train,Switching,974.3580334703438,777.9804863967001,363.8853228650987,180.91826098505408,10.40971635049209,0.8545966307912022,6,190.02298830507212,18860,1200,249.97622183126512,2501.4001633969033,974.3580334703438,252.45884332583557,2495.7240035682294,983.3690447734568,2.482621494570452,-5.676159828673917,9.011011303113037
1513,Train,Switching,990.2562832459807,926.2142520747148,430.8485211804509,129.46567449951544,22.155970325693488,0.8017723147687502,7,176.44059381329006,14385,1200,249.97604933114687,2503.4533794000695,990.2562832459807,247.1884495033046,2539.92854397597,993.927646761373,-2.787599827842257,36.475164575900635,3.6713635153922723
1514,Train,Switching,1038.9353518025018,608.1001062178984,370.15171060338616,280.3245565574616,11.653830577153713,0.8521566024096683,7,174.16908529734587,16990,1200,249.96995965544306,2502.1264247847125,1038.9353518025018,250.51846809208578,2497.70365301628,1057.2964281155391,0.5485084366427202,-4.42277176843254,18.3610763130373
1515,Validation,Switching,1097.7160951821133,681.2205469817854,525.0209469348192,102.57741818903014,28.770471797324717,0.8496970733138733,7,184.55587285292322,16340,1200,250.00404604520156,2502.418896651149,1097.7160951821133,248.08367930806358,2524.456704245054,1097.704683948901,-1.9203667371379822,22.037807593904745,-0.01141123321235682
1516,Validation,Switching,1048.4566739178263,949.10748465918,497.29015631601214,231.16818703245372,11.127272564452142,0.8172326730564237,7,183.276476557445,12750,1200,250.03725300957058,2504.565446197998,1048.4566739178263,249.03754302915954,2540.1026657052344,1052.943943110712,-0.9997099804110405,35.53721950723639,4.487269192885833
1517,Validation,Switching,983.8564147707075,748.2277671690099,366.9791867956519,314.58013852359727,13.640182588249445,0.8412788223498502,6,194.912869279694,17450,1200,249.99711529117175,2501.934065676679,983.8564147707075,251.37538392874652,2498.6913267975087,990.1241114959627,1.378268637574763,-3.242738879170247,6.267696725255178
1518,Hidden Test,Switching,998.8654134911485,980.4733828408644,510.6260751374066,212.59080052375793,8.990774522069842,0.8223108663363382,7,173.52933654630746,12555,1200,250.04734022977382,2504.717521732792,998.8654134911485,249.21479098685424,2553.9185947231076,1001.2662674151485,-0.8325492429195833,49.201072990315424,2.400853923999989
1519,Hidden Test,Switching,1051.8869685241953,1214.0027054701932,384.93351116776466,203.18982038414106,16.34168769326061,0.8055944727896713,7,186.53251978214732,11865,1195,249.9586259989148,2494.851825519685,1051.8869685241953,249.1790960316766,2498.215079366209,1053.19864625921,-0.7795299672382043,3.363253846524003,1.311677735014655
1520,Hidden Test,Switching,996.9201635452919,906.0868324711919,650.4697187803686,238.1750513287261,19.99703481188044,0.8331573567446322,6,199.4261459084841,13900,1200,249.96712866897778,2503.754992804234,996.9201635452919,253.34924931227235,2491.6776580841843,989.5633364937685,3.38212064329457,-12.077334720049748,-7.356827051523396
1521,Train,Switching,986.8253705091774,752.7802662341855,396.8293169513345,244.51600572327152,13.583029912784696,0.828369778834749,6,198.54767675882718,17895,1200,249.97799576620298,2501.756129038419,986.8253705091774,249.84318335837807,2493.8161056265485,998.4469711106183,-0.13481240782491,-7.940023411870698,11.621600601440832
1522,Train,Switching,1063.4996547945775,1242.6642735721543,690.5611523427069,234.08152085728943,17.021933615673333,0.8448708492750302,7,179.82455217135075,9865,1195,249.93836118409126,2496.9687591685556,1063.4996547945775,251.38339107651007,2542.128529943674,1052.741371299242,1.4450298924188019,45.15977077511843,-10.75828349533549
1523,Train,Switching,955.2090173354372,1141.625346580986,585.9765525907278,183.51766896201298,13.011246931739151,0.8122490179981106,6,196.00085609412196,13055,1200,249.99599968950156,2504.3357221971596,955.2090173354372,250.09674702185708,2532.3177476043675,958.4676094028192,0.10074733235552458,27.982025407207857,3.258592067381983
1524,Train,Switching,963.5701590566896,619.1274727229029,356.1404752545059,248.12512220349163,10.468642889987677,0.8122725749947131,6,197.71075800570216,20395,1200,250.01021728039578,2500.904242062975,963.5701590566896,247.85576338622906,2504.75488759877,980.6391042995876,-2.1544538941667213,3.850645535795138,17.068945242898053
1525,Train,Switching,1065.2615424711257,835.6984346988611,590.2838794514537,216.7944500525482,16.00718256831169,0.8242300458834507,7,184.63318719460614,13020,1200,250.03723269679114,2504.3629320997775,1065.2615424711257,248.26623593366446,2486.338238128401,1073.9500946752971,-1.770996763126675,-18.024693971376564,8.688552204171401
1526,Train,Switching,1023.1119685922749,968.0354268988594,425.3249269910157,279.0793184377253,13.41548021743074,0.8390076818829403,7,174.20442722052644,12785,1200,249.95754367342695,2504.535605820553,1023.1119685922749,250.9477388732309,2522.7357951409213,1027.5926158715515,0.9901951998039351,18.20018932036828,4.480647279276582
1527,Train,Switching,1020.3934685559943,1135.8529036981054,539.5213976502419,329.2818487226032,23.687054614536464,0.8147410440794193,7,178.9163520940646,10670,1195,250.0460343326795,2496.0258814458725,1020.3934685559943,252.4804011668783,2491.8024843250296,1009.9459053464384,2.4343668341987836,-4.223397120842947,-10.447563209555938
1528,Train,Switching,1041.494941606652,830.0480361096561,356.6151431761682,308.5140628227964,23.790465538855642,0.82132359710522,7,181.1527054409375,14305,1200,250.03218309730806,2503.503725761763,1041.494941606652,250.25248175474186,2519.4119225326217,1042.8700121272996,0.22029865743380128,15.908196770858922,1.3750705206475686
1529,Train,Switching,1048.8678682595491,919.9079951620661,386.36388946324587,265.9599990420975,19.125183565542102,0.8007161389035173,7,187.13031949050816,13600,1200,249.96013316049203,2503.952276241205,1048.8678682595491,249.96628560137702,2539.4177693168094,1048.687142728329,0.006152440884989119,35.46549307560463,-0.18072553122010504
1530,Train,Switching,1061.8458385230042,1162.3700311640278,645.1184527017176,165.56907228194177,22.87702412577346,0.8083796087699011,7,187.64978854052399,10840,1195,250.02569365057536,2495.8427061348225,1061.8458385230042,251.7867955247102,2562.181133890589,1050.8267260008797,1.7611018741348232,66.33842775576659,-11.019112522124487
1531,Train,Switching,1006.084891106002,1201.3731271610595,416.41965843737125,127.74228407768533,11.02908340934664,0.8162673031049781,7,176.07763102653502,12250,1200,249.96525430741352,2504.9611087475987,1006.084891106002,252.5530017005658,2516.9296010371463,1011.9266157976242,2.5877473931522843,11.968492289547612,5.841724691622176
1532,Train,Switching,1081.2372830114327,920.2974710147828,535.467731487006,186.36287357192487,27.461138527374715,0.8180024620890618,7,188.82885585351187,13025,1200,250.034744387701,2504.35915595644,1081.2372830114327,250.46836712687931,2506.3452712612066,1071.5355944165747,0.4336227391783041,1.986115304766372,-9.70168859485807
1533,Train,Switching,1095.1089355628937,1190.9714271198027,515.0281673297286,82.90731602581218,17.611787524074316,0.8085245620110073,7,193.49335938876786,11955,1200,250.007246242181,2505.213584907259,1095.1089355628937,251.1534705712234,2537.100307089995,1093.4000431791287,1.1462243290424112,31.88672218273632,-1.7088923837650327
1534,Train,Switching,1001.4246661332436,720.4910772619769,635.4299535043538,197.36501473933458,13.29548660153523,0.8569101867405698,6,194.77433411902896,16065,1200,250.03476195457907,2502.5502760526547,1001.4246661332436,252.7037284019274,2502.2775648428546,1011.3514873569226,2.668966447348339,-0.27271120980003616,9.926821223678985
1535,Validation,Switching,982.6540425652638,1057.6482805539854,539.3128030002117,322.400697839912,15.09182960446924,0.8373005099757574,6,195.59963455130242,13000,1200,250.01646954399732,2504.3768475444435,982.6540425652638,253.6233515675604,2511.014857150276,983.8994858513372,3.606882023563088,6.638009605832394,1.245443286073396
1536,Validation,Switching,1048.738171334844,773.555751517415,405.83920469507575,234.13891256321222,19.65571211418137,0.7944556691031903,7,188.5816220950911,15130,1200,250.01169872656322,2503.028463356917,1048.738171334844,247.46226656423283,2454.1893195394014,1059.5626863463751,-2.5494321623303904,-48.83914381751583,10.824515011531048
1537,Validation,Switching,1023.6317585222423,982.4792023166083,717.8032213822007,174.68649799237028,16.98372141458094,0.8348035023664124,7,175.17069339766093,11405,1195,249.97964433608087,2495.274091715753,1023.6317585222423,251.9705271576282,2471.2865374748944,1025.8336525731797,1.9908828215473306,-23.98755424085857,2.201894050937426
1538,Hidden Test,Switching,962.9773324006237,945.0388244586065,474.7545504011214,306.5210098121315,24.972958766389638,0.800767654911615,7,171.79538846150123,12390,1200,250.03842286508967,2504.849221296052,962.9773324006237,249.63673384898647,2550.880693193506,951.3501154349617,-0.4016890161032052,46.03147189745414,-11.627216965662
1539,Hidden Test,Switching,1094.4262627279386,861.6354776197113,501.8948506563902,124.19751063687727,22.996066038496792,0.7900516226957552,7,197.8941685198492,14375,1200,250.00384209112346,2503.4603612958804,1094.4262627279386,250.05425517158307,2464.3495435120026,1096.722567228413,0.05041308045960591,-39.11081778387779,2.2963045004744345
1540,Hidden Test,Switching,979.1301458491944,996.1959135252982,661.6337719373405,266.66324426885694,25.220157883595675,0.8106649147532881,7,172.544454034849,11110,1195,249.94592825031705,2495.561179666542,979.1301458491944,251.88896063103715,2465.8846837546403,970.013646425557,1.9430323807200978,-29.67649591190184,-9.116499423637379
1541,Train,Switching,1095.1689759735018,708.9507857221179,448.4912557527423,112.44313906179741,27.805617175996304,0.841301633885596,7,185.96506241260022,16840,1200,249.9895810868551,2502.19225561294,1095.1689759735018,244.56709879101902,2460.7094347813386,1092.4606292747692,-5.42248229583609,-41.4828208316012,-2.708346698732612
1542,Train,Switching,1086.822743632365,871.9377193367109,525.829612929374,130.5552846007049,16.28229437628761,0.8257642267039046,7,188.02024467348676,13995,1200,250.03629597261894,2503.6966716173047,1086.822743632365,248.64058950217884,2502.0182264752257,1098.1986069859056,-1.3957064704401034,-1.6784451420789992,11.37586335354058
1543,Train,Switching,1061.3141640322283,1225.2824097988196,446.3781923055649,83.10913095017895,11.098641905002296,0.803078607020434,7,188.79385881039087,12185,1200,249.95432254281985,2505.0148655700573,1061.3141640322283,252.21240316594964,2579.24186919146,1065.832588545691,2.2580806231297856,74.22700362140267,4.518424513462605
1544,Train,Switching,959.9739913712256,1221.3886690326035,397.85580104216933,124.78556627873331,8.327984956558794,0.8356696272734553,6,191.45803557627968,14305,1200,249.982666241382,2503.502012269389,959.9739913712256,249.4740249656298,2494.663395473373,957.0640561718203,-0.5086412757521828,-8.83861679601614,-2.909935199405254
1545,Train,Switching,1096.643221564591,1006.4016521326266,635.2063031867146,277.64940958702937,24.940866207703948,0.7916477803257295,7,197.8952272207595,11145,1195,250.05120910839156,2495.5308293852067,1096.643221564591,251.51938983457634,2519.788622324733,1086.5952764219978,1.4681807261847837,24.257792939526098,-10.047945142593107
1546,Train,Switching,987.5571117387153,759.5840178662911,436.63573572412133,231.52086387388408,14.596186969894916,0.8068940537096932,7,174.84276497345843,14980,1200,250.0208020893619,2503.111163682383,987.5571117387153,251.47567847982765,2519.480666403221,1000.9954807398171,1.4548763904657562,16.369502720838227,13.438369001101819
1547,Train,Switching,950.3233688650653,994.2047143937089,630.4125357419252,186.55188577948138,15.629079432226717,0.7983854354801588,6,198.3844157288785,13775,1200,249.98792031429176,2503.8370095205614,950.3233688650653,254.31207303434314,2489.395062462675,944.8523524555967,4.324152720051387,-14.44194705788641,-5.471016409468575
1548,Train,Switching,1015.0325419730507,935.1308485027403,706.3373575918376,164.10796418320388,18.39271557657048,0.8221000475808978,7,176.38321428150013,11845,1195,250.01507448650042,2494.871825752411,1015.0325419730507,254.0619464574952,2474.3990234856833,1011.6633417186663,4.046871970994772,-20.47280226672774,-3.3692002543843955
1549,Train,Switching,1081.6914157476276,1203.2325683976524,684.9884828552604,329.2824008804746,16.56614573672414,0.8438551877462306,7,183.12069102699454,9645,1195,250.0241373122589,2497.2597455493274,1081.6914157476276,255.66190438353956,2511.00174224808,1076.9908725906757,5.6377670712806776,13.7419966987527,-4.7005431569518805
1550,Train,Switching,1009.2877188813873,711.285360599868,607.4133400805295,226.45295776426792,22.831481392029673,0.8242286114348099,7,174.93200046672007,13840,1200,249.98996071482267,2503.794636834138,1009.2877188813873,251.42367405408348,2463.03487219686,1009.8693481939905,1.4337133392608052,-40.759764637278295,0.5816293126032406
1551,Train,Switching,1034.9000437418,1166.4512333576567,714.706975966692,313.4988419315778,27.261717437766492,0.8008550707786344,7,184.60626496120568,9745,1195,250.01408061039504,2497.1273062199925,1034.9000437418,249.2929888679746,2556.713357827441,1012.2481662870666,-0.721091742420441,59.58605160744855,-22.651877454733267
1552,Train,Switching,1097.1753440680914,924.9789213761687,653.1063689850271,219.53874458093196,11.329970070626587,0.8269896072056144,7,189.52999348624232,11895,1195,249.96449004850078,2494.825727661237,1097.1753440680914,252.21686993850346,2538.2726975068595,1092.410889127061,2.252379890002686,43.446969845622334,-4.764454941030408
1553,Train,Switching,1003.3277296461165,706.597391271498,612.2463831678033,177.1059855655767,21.168367059901357,0.8516441563447007,6,196.3511250897028,16680,1200,250.02391034479464,2502.26419092252,1003.3277296461165,247.25761765351243,2452.0063511501216,1001.6143313303025,-2.766292691282217,-50.257839772398256,-1.7133983158139472
1554,Train,Switching,1083.3569164969958,1062.9835509927943,379.9449005164206,161.22455258853734,17.45246969209984,0.806888256915845,7,191.80508881966102,13330,1200,249.9718635171323,2504.1380954674537,1083.3569164969958,252.6863268077654,2481.818118703313,1084.2178241116892,2.714463290633091,-22.319976764140847,0.8609076146933603
1555,Validation,Switching,997.588980360888,742.7634127088822,702.605190500617,235.71576793445274,16.592151758261025,0.8173601835663431,7,174.35729601888474,12720,1200,249.97225551383767,2504.5859283413033,997.588980360888,248.48235971211056,2507.362958346423,999.5868025818293,-1.4898958017271013,2.777030005119741,1.9978222209413161
1556,Validation,Switching,986.5079288720153,1014.7688447032124,543.6454134993255,158.95759621169418,25.762911185156554,0.7993353530950844,7,176.30860886971107,12455,1200,250.04815561161712,2504.7971650389163,986.5079288720153,251.89193624174848,2486.119315743548,973.6322262380661,1.8437806301313628,-18.677849295368105,-12.875702633949231
1557,Validation,Switching,1012.9639707971364,1201.9056308898143,672.2775695845485,308.71244355337694,20.242795661091805,0.8556767816678621,6,197.30268728002144,11430,1195,250.0045982243391,2495.2513937050007,1012.9639707971364,253.66763048047295,2504.621278563806,997.2171234437177,3.663032256133846,9.369884858805108,-15.74684735341873
1558,Hidden Test,Switching,978.4001086954959,930.7917868485674,505.3527963347733,272.34145479276776,27.27692139754072,0.8243087082123384,6,197.82234878510755,14605,1200,250.02408440127624,2503.3246619350853,978.4001086954959,249.47717927272953,2496.050746054381,966.7274769394617,-0.5469051285467117,-7.273915880704408,-11.672631756034207
1559,Hidden Test,Switching,1018.9709735335782,1012.2350925696082,362.8637596964836,170.02248657634482,28.98672255408019,0.8203953545889817,7,177.43552680926328,13840,1200,249.98518794688363,2503.7944603376695,1018.9709735335782,246.40890019661396,2548.2080868092303,1010.055702510146,-3.576287750269671,44.41362647156075,-8.915271023432183
1560,Hidden Test,Switching,977.3194442386739,961.1034899018705,682.2911343537271,201.77332921419293,13.26479779696092,0.792375169293955,7,176.20070501082625,11590,1195,249.99679633567501,2495.1013371420268,977.3194442386739,250.78129646955904,2457.651889512361,979.2282146680168,0.7845001338840234,-37.44944762966588,1.9087704293428942
1561,Train,Switching,1087.506140768528,1225.616029871162,581.1172174289823,130.48010364407673,25.9110932033509,0.833297555197496,7,186.43762860070916,11040,1195,250.01280567452685,2495.634919248689,1087.506140768528,251.5792184928754,2501.42015853044,1076.8950449587826,1.5664128183485673,5.785239281750819,-10.611095809745393
1562,Train,Switching,970.0814700336196,1225.3775948891416,746.6627881862223,93.70803802274168,23.928598162252456,0.8315211957739667,6,194.43911451362808,12080,1200,250.04218325495648,2505.1072583219106,970.0814700336196,252.8374729356896,2579.5341878185936,962.6922464012745,2.795289680733106,74.42692949668299,-7.389223632345079
1563,Train,Switching,1033.3482459886,1139.778937830124,466.8836120516062,197.98586806980893,28.773798489011824,0.8285745112108999,7,178.1628278459038,11850,1195,249.99235318289436,2494.8664476232016,1033.3482459886,251.27486880034775,2554.6820825779646,1016.0249850407646,1.2825156174533845,59.81563495476303,-17.323260947835365
1564,Train,Switching,974.9423958710395,1149.8888976406306,732.0242787711322,240.65544250886887,13.232397999148816,0.8360505454987288,6,194.35475544712384,11755,1195,250.0073486798311,2494.9516401793785,974.9423958710395,255.82992880555128,2494.0379990304364,975.7043424959086,5.8225801257201795,-0.9136411489421334,0.7619466248690969
1565,Train,Switching,1083.745914651081,833.9774080435745,502.9648697003722,295.10325075360015,12.178031396120787,0.7928735743113794,7,195.26548741975446,13105,1200,250.02549036997993,2504.30046343049,1083.745914651081,253.0703347891631,2473.010440032925,1093.5909249644506,3.044844419183164,-31.29002339756471,9.845010313369585
1566,Train,Switching,1095.351147663314,1052.7227184502408,372.38311963155866,177.89494331926107,20.280002790037543,0.7926650356827304,7,197.40839867586274,13340,1200,249.97976901217703,2504.1313881486917,1095.351147663314,252.21707277083613,2480.8727805942663,1091.3295108715615,2.2373037586590954,-23.258607554425453,-4.021636791752371
1567,Train,Switching,1069.1466700518504,1234.3057594378479,471.64459452033043,181.95071384077892,14.245607784949243,0.8138373483135365,7,187.6729286206136,11330,1195,250.04852921255258,2495.3490586554717,1069.1466700518504,254.6038817436204,2559.5979763878145,1064.439947638617,4.555352531067825,64.24891773234276,-4.706722413233365
1568,Train,Switching,1061.118247907143,1193.700610846281,480.90036204084754,217.22076930571347,26.484011562075466,0.8426236424874515,7,179.90038907773626,11305,1195,250.0152522793193,2495.371786589296,1061.118247907143,247.51156884030888,2504.3065968205465,1046.833226861163,-2.503683439010416,8.934810231250594,-14.285021045980102
1569,Train,Switching,1006.7657924257219,1102.8730227961205,486.4393198862672,300.8505487651564,14.045627737417817,0.846328111619223,6,198.2615210743629,13200,1200,250.00087487929412,2504.2311567631664,1006.7657924257219,251.84129194747044,2552.664856183289,1006.7448779820367,1.840417068176322,48.43369942012259,-0.020914443685228434
1570,Train,Switching,1093.5676978551783,633.2912083016708,597.3492437042296,263.93998243846,8.729112633038312,0.7944513747701422,7,196.64382465403145,14310,1200,250.0194258484583,2503.5002516249874,1093.5676978551783,248.89399581098368,2515.937360272913,1107.7226141043818,-1.1254300374746151,12.43710864792547,14.154916249203552
1571,Train,Switching,979.5035362010822,639.0229763113894,579.5931678265333,118.81478094263002,28.439366151578724,0.8127084835688584,7,172.1762223838024,15990,1200,249.99726494693815,2502.585452901079,979.5035362010822,248.00465128518354,2501.1940280856347,976.543783875037,-1.9926136617546035,-1.3914248154442248,-2.959752326045191
1572,Train,Switching,1073.9626328810118,1193.2613358367234,521.3709565810859,164.95645073708147,25.17585176927969,0.7959174044243992,7,192.76275705978608,11380,1195,250.0464853325209,2495.3008725666878,1073.9626328810118,251.82321146416317,2537.7797483169084,1060.8404027445808,1.7767261316422776,42.478875750220595,-13.122230136430971
1573,Train,Switching,1016.5766722057015,906.4246950554661,730.9116197749972,210.20822900580242,22.20345313102007,0.8409612936736085,7,172.68956369220624,11575,1195,249.99505747084854,2495.1151141056685,1016.5766722057015,248.67947540349607,2466.6948275351383,1010.3732631880698,-1.3155820673524659,-28.420286570530152,-6.203409017631657
1574,Train,Switching,1074.3295068969019,634.1369665926322,527.0841744728386,286.213494297117,14.653847365174443,0.8487968576094136,7,180.81551842059085,14775,1200,250.00084412996867,2503.2258064993725,1074.3295068969019,250.23132746007343,2448.5906794349935,1084.311252128713,0.23048333010476085,-54.63512706437905,9.981745231811146
1575,Validation,Switching,1056.009618495591,797.758467879612,606.733226776123,185.4541970952414,26.166451591067016,0.7964530970877968,7,189.41293276346155,13450,1200,249.98856769656655,2504.0553930250608,1056.009618495591,251.350308973064,2458.671755634828,1051.9755500224667,1.3617412764974404,-45.38363739023271,-4.034068473124307
1576,Validation,Switching,986.1239210586064,838.8111815787852,648.7456060014665,95.16048761550337,14.130536628421396,0.792147468039766,7,177.83916701030628,13510,1200,249.96185834605458,2504.0133138023693,986.1239210586064,252.28105846680896,2491.206531659623,995.4937501006211,2.319200120754374,-12.806782142746215,9.369829042014771
1577,Validation,Switching,1034.7065953537822,734.5129508874379,364.1662122681737,148.0642943480052,10.513861378654838,0.8291516390559264,7,178.27285257011113,17155,1200,250.02454688537028,2502.05754301482,1034.7065953537822,248.3177849870089,2512.497992781976,1047.9601425112103,-1.7067618983613784,10.44044976715577,13.253547157428102
1578,Hidden Test,Switching,1039.3589463667013,970.9819939220324,661.9244636036456,181.37940454296768,17.888021130580455,0.8013459653826431,7,185.28807268663056,11785,1195,249.94853800772344,2494.922315356689,1039.3589463667013,249.13498999441472,2504.6790600537356,1033.589944730575,-0.8135480133087185,9.756744697046543,-5.769001636126177
1579,Hidden Test,Switching,1006.074286880903,763.7160672456957,590.1700455695391,292.2055163490586,25.258376077748835,0.8524728054436855,6,196.6972397743669,15155,1200,249.96469663406816,2503.0133387928777,1006.074286880903,249.5863115582204,2503.449465947355,998.065802795088,-0.37838507584777403,0.43612715447716255,-8.008484085814985
1580,Hidden Test,Switching,1052.2288991487585,789.6517270710319,685.0443641655147,214.18112031649798,20.171439457219094,0.7978146186843514,7,188.41270972446364,12665,1200,250.0452483106376,2504.631292023893,1052.2288991487585,250.1708013366927,2454.1791007718452,1055.8829285910945,0.12555302605511542,-50.45219125204767,3.6540294423359683
1581,Train,Switching,1049.9594134744257,721.8694287235849,512.6401891931891,302.08998893620446,21.010890547186136,0.8020322058373132,7,187.01767938149763,13920,1200,250.0433138303787,2503.7448536314128,1049.9594134744257,247.36673570257838,2514.5636149318852,1050.4562541244015,-2.676578127800326,10.818761300472488,0.49684064997586574
1582,Train,Switching,1023.2830127817579,999.7965895337984,517.1618019230664,262.98323825001717,28.562529067043215,0.8501007766230032,7,171.95995058486986,12015,1200,250.0030335057373,2505.1613962148494,1023.2830127817579,248.3234698178965,2520.873444280062,1008.5036109065795,-1.6795636878408118,15.712048065212457,-14.779401875178337
1583,Train,Switching,961.8824163684621,879.5689449761994,566.3573481142521,273.3106653741561,29.498304112814367,0.8467855200706982,6,189.32035593620654,14510,1200,249.96091253953398,2503.378304727955,961.8824163684621,246.50343587757413,2509.763301113259,952.6592718373721,-3.457476661959845,6.384996385304021,-9.223144531090043
1584,Train,Switching,1034.2093083891086,1182.6451668515801,534.4909592531621,272.7362867863849,23.556648844387382,0.8476265432592481,7,174.30339822138154,10745,1195,249.9466371894805,2495.9401809345472,1034.2093083891086,251.96093306161276,2514.0331701717646,1027.6624229928664,2.0142958721322657,18.092989237217353,-6.54688539624226
1585,Train,Switching,1010.0621272809803,1023.8978022127412,745.4906741157174,210.47478353837505,16.631586210802197,0.7907350984145888,7,182.48157935682502,10800,1195,249.9621555228599,2495.8821584249686,1010.0621272809803,249.91767488558733,2543.974770015825,1006.4453038351829,-0.04448063727255658,48.09261159085645,-3.616823445797422
1586,Train,Switching,955.6542016216554,1229.9127546371892,615.4502459801733,245.69833573885262,15.155518204439431,0.8158768998319283,6,195.2202597022748,11930,1195,249.9629866447758,2494.7950864786994,955.6542016216554,251.2624284362699,2498.7482459245143,951.9627934243485,1.2994417914940755,3.95315944581489,-3.691408197306828
1587,Train,Switching,1026.4118430903181,1070.2971335151233,651.2975033372641,155.73103037429973,8.206868153996766,0.8549330400372855,7,171.51081597246727,11390,1195,249.9644378712033,2495.287753640001,1026.4118430903181,252.00724950213987,2534.6430115762764,1026.4441902808921,2.042811630936569,39.35525793627539,0.032347190574000706
1588,Train,Switching,1000.6029920070432,732.9497846309096,376.8965828232467,160.59440867509693,27.106287985574454,0.8129176300205291,7,175.83981364609463,16835,1200,250.02468590799782,2502.1954898460035,1000.6029920070432,249.42552578398673,2498.4840269221872,1001.6017172533751,-0.5991601240110924,-3.7114629238162706,0.998725246331901
1589,Train,Switching,1023.4196473378688,1136.879468697589,473.7403301522136,184.67112652258947,9.398496568202972,0.8462980837211944,7,172.75568688480917,11910,1195,249.95482075733844,2494.8122027533827,1023.4196473378688,251.57377747270866,2482.86225454084,1029.0024551507677,1.6189567153702171,-11.94994821254295,5.582807812898864
1590,Train,Switching,1034.0553657268174,1003.2020488521084,407.729069609195,313.76152152195573,26.095292738173157,0.803804327971302,7,183.7788003414497,12400,1200,250.00517390039042,2504.839780795871,1034.0553657268174,248.4620904650666,2503.180262999569,1027.8230064371921,-1.5430834353238083,-1.6595177963017704,-6.232359289625265
1591,Train,Switching,999.4801172288135,1152.6754422229715,653.9448454976082,260.2369346260093,24.951030920259655,0.7961601291946135,7,179.33939248410746,10345,1195,249.9520670727521,2496.3864576407955,999.4801172288135,250.94065792217572,2506.10014057472,985.5302209585707,0.9885908494236162,9.713682933924702,-13.949896270242789
1592,Train,Switching,983.4234020556323,702.7730050496757,405.18430387601256,172.39775559399277,24.116943394299597,0.8485355652589351,6,193.1609081024073,19485,1200,249.97656931279883,2501.1884596299265,983.4234020556323,245.766077773222,2499.107309785525,980.3220080707728,-4.210491539576822,-2.0811498444013523,-3.1013939848595555
1593,Train,Switching,982.6957266777754,772.7202533162199,585.750992782414,277.3052104585804,9.272089434787631,0.8468270668131299,6,193.40739984767708,15255,1200,250.03698531064984,2502.9618702076373,982.6957266777754,254.72299288423017,2526.420737524285,987.042459601299,4.686007573580326,23.458867316647684,4.346732923523632
1594,Train,Switching,1035.6323080719449,1046.3491497794166,578.9112404920161,190.6294763740152,15.759703677613288,0.8025919648306444,7,184.33709663779766,11775,1195,249.95718530206673,2494.9316136830007,1035.6323080719449,252.84223015511213,2483.5137857302266,1036.0371833146082,2.8850448530454003,-11.417827952774132,0.4048752426633655
1595,Validation,Switching,1064.2893028212711,977.8180130408145,554.0621194988489,201.178756642621,19.344744571484625,0.8032088277000002,7,189.2924028360592,12340,1200,250.00218432925902,2504.8884824057077,1064.2893028212711,247.6310231680047,2532.645941715462,1065.2375030415096,-2.371161161254321,27.757459309754267,0.9482002202385047
1596,Validation,Switching,1013.6912156245671,626.4232735615224,413.3041079156101,182.90963749866933,27.65695298789069,0.8436634768545628,7,171.64786052303361,17490,1200,249.97851345553414,2501.9172146148617,1013.6912156245671,244.93023461063493,2451.3709988437345,1011.545920098933,-5.048278844899215,-50.54621577112721,-2.145295525634083
1597,Validation,Switching,1009.4388152938336,1160.894378728699,700.2754276618361,267.91000434430316,26.391841109842062,0.7980081758298911,7,180.70685164598623,10045,1195,250.01021582469184,2496.7471585634403,1009.4388152938336,248.47285732287403,2484.703162778757,988.6013621193906,-1.5373585018178062,-12.043995784683375,-20.837453174443
1598,Hidden Test,Switching,1081.8978589144535,1115.752365696244,694.5875217206776,229.38706252723932,13.215772869531065,0.8457745732693002,7,182.73998991285254,10485,1195,250.00899423284648,2496.2291849438443,1081.8978589144535,255.31489242476823,2479.4047646692025,1079.885604096527,5.305898191921756,-16.824420274641852,-2.0122548179265323
1599,Hidden Test,Switching,952.4375744396821,985.685766779352,475.78005120158195,163.8459389633499,27.41015676315874,0.7975717479153537,6,199.0286092189841,15350,1200,249.98494666668284,2502.9096555424485,952.4375744396821,247.37127317026608,2545.9532125569954,941.7195473501666,-2.613673496416766,43.04355701454688,-10.71802708951543
1600,Hidden Test,Switching,994.2218104260974,792.4420144408941,440.7885610125959,282.4666751967743,21.33630354842171,0.8595463747065515,6,192.7803315179909,16460,1200,249.98318597912333,2502.362723001844,994.2218104260974,248.9994027373709,2519.9610244740707,995.3056371814712,-0.9837832417524339,17.598301472226467,1.0838267553738206
1601,Train,Switching,1006.4715865068138,612.7419504686259,718.337213434279,201.63680145749822,12.924747118726373,0.8405632063304075,6,199.56293965104297,16280,1200,250.02548769106198,2502.447639580762,1006.4715865068138,248.5597501870577,2433.4088429970648,1015.9611092521483,-1.465737504004295,-69.03879658369715,9.489522745334511
1602,Train,Switching,1009.1511873179115,667.0823513763025,444.99619835987687,105.93885199166834,23.543301396537572,0.8566608953336254,6,196.3342385174278,20485,1200,250.01028633188972,2500.8774196276604,1009.1511873179115,249.49153564897455,2508.662438583834,1018.9903726754815,-0.5187506829151687,7.785018956173644,9.839185357569932
1603,Train,Switching,992.8663607453927,662.9629900329746,488.11004273593426,150.8201375673525,25.468113576062024,0.837548104680609,6,197.5739970828328,19165,1200,250.00730408853735,2501.2959261627097,992.8663607453927,245.46717144564562,2487.6003438229895,996.3359410896101,-4.540132642891734,-13.695582339720204,3.46958034421732
1604,Train,Switching,955.7623497559689,646.0969169158489,580.1990988664329,235.9173989808187,27.144887558650225,0.844590638037771,6,188.6046538822804,17065,1200,250.02632608989396,2502.0958600543013,955.7623497559689,245.5261733126554,2451.446291394649,949.382425586265,-4.500152777238554,-50.64956865965223,-6.379924169703941
1605,Train,Switching,1092.2628852073103,1095.7762079196982,655.1887495443225,328.6015328322537,10.24000483006239,0.8257421750039794,7,188.9664349878505,10285,1195,250.0300073225015,2496.4601325680906,1092.2628852073103,255.9513558895447,2525.776318073089,1090.5759517114534,5.9213485670431965,29.31618550499843,-1.6869334958569198
1606,Train,Switching,1084.3560970504768,894.0302770351991,442.50842900946736,259.5151080004871,25.086212350521237,0.8562016942491755,7,180.92467569828455,13400,1200,250.01600404286825,2504.0909484623194,1084.3560970504768,249.27095914584973,2508.1286784083973,1081.867557661006,-0.7450448970185164,4.037729946077889,-2.488539389470816
1607,Train,Switching,987.7117849187925,1008.2093127188273,663.659992814064,201.2287619127892,18.02670932095498,0.8139462299621665,7,173.35504283420065,11415,1195,249.94920574559094,2495.263246476589,987.7117849187925,254.1332609477948,2541.342007674761,981.2710009831393,4.184055202203865,46.07876119817229,-6.440783935653258
1608,Train,Switching,1080.0722268293612,638.0177994258702,553.7129408679903,190.82842538598925,29.452869412954897,0.8048052995745093,7,191.7184597141307,15470,1200,250.02851228655385,2502.8481534152556,1080.0722268293612,246.79629107826773,2440.635392622429,1076.5949399099104,-3.23222120828612,-62.21276079282643,-3.477286919450762
1609,Train,Switching,979.0008479729295,1128.1567909172736,433.59738904982805,104.02209636056796,24.628617947921157,0.8074467327562161,7,173.20927600849976,12840,1200,250.0329247754088,2504.496816859759,979.0008479729295,251.24593152160801,2511.9821612095056,970.619752724541,1.2130067461992269,7.485344349746811,-8.381095248388533
1610,Train,Switching,993.8220568583347,793.2767004007474,628.8792223669589,287.5234695803374,13.47537798108533,0.8304964682878927,6,199.44336406132774,14595,1200,250.02708395465285,2503.3306162960594,993.8220568583347,253.96591339071136,2451.852269955613,998.9409493367236,3.938829436058512,-51.47834634044648,5.118892478388943
1611,Train,Switching,995.5291519640014,1020.6933262408711,726.8032420426607,149.3051556008868,27.63663321826607,0.8157763218763284,7,174.33510444806944,11275,1195,250.00820798083652,2495.400655269263,995.5291519640014,250.3545964834533,2513.3697912300254,981.4649634048828,0.3463885026167759,17.969135960762287,-14.06418855911852
1612,Train,Switching,1061.0406184918247,907.25630200468,565.1006291620433,123.23946207296103,27.76691100327298,0.8050538766011596,7,188.28209591767774,13405,1200,250.03767294033415,2504.088285724327,1061.0406184918247,247.27406916748413,2480.6119069974966,1050.077990003749,-2.7636037728500185,-23.476378726830262,-10.96262848807578
1613,Train,Switching,1043.5859450604767,1165.9852719749324,619.7096964344382,221.80295151891187,18.28667287901044,0.8070781871699728,7,184.7202771765823,10655,1195,250.04832984817043,2496.0423550294386,1043.5859450604767,250.55434996154673,2512.8449354157283,1039.4874048214276,0.5060201133763087,16.80258038628972,-4.0985402390490435
1614,Train,Switching,969.5317151141353,875.2123919082806,448.51403879001737,314.27758924663067,26.766681218985468,0.8321575865102933,6,194.1803112837336,15230,1200,249.96755972388146,2502.972984857917,969.5317151141353,248.56741100344126,2506.4541816390447,963.0952547025107,-1.4001487204401997,3.481196781127892,-6.43646041162458
1615,Validation,Switching,1089.859232888557,1141.8140922789462,722.550643235445,301.161667665001,24.182062952779233,0.8457771780877374,7,184.0841537944473,9875,1195,249.9863913460222,2496.9584374552787,1089.859232888557,252.98038029880942,2531.7825470782996,1076.7330354917765,2.9939889527872197,34.82410962302083,-13.126197396780526
1616,Validation,Switching,962.4348983052187,749.5506567880511,633.3441927097738,321.74839083570987,12.336006680037826,0.8240854988899082,6,194.64705616138036,14635,1200,249.97378056197152,2503.305487911968,962.4348983052187,254.14147461314562,2502.4339897447494,971.3935372799982,4.167694051174095,-0.8714981672187605,8.958638974779547
1617,Validation,Switching,978.262694273144,1018.5792041360401,382.74383042007685,216.72322971979156,11.781036974862218,0.8147038843412884,7,171.53694262865258,13215,1200,249.96147321516372,2504.218970913603,978.262694273144,249.2687678865263,2542.3386009749997,979.3878491846799,-0.6927053286374303,38.11963006139695,1.1251549115359012
1618,Hidden Test,Switching,1005.4586488404311,1002.442363020964,644.0010168589652,165.6339738238603,25.53806157456711,0.8572505963826552,6,195.48127721407062,13770,1200,250.02274295918704,2503.84154116404,1005.4586488404311,248.97636292538996,2487.138361712236,993.5421657405619,-1.0463800337970781,-16.703179451803862,-11.916483099869197
1619,Hidden Test,Switching,1098.6050957581028,740.516792202834,637.3757567256689,221.18186448467895,12.575855103321373,0.823120663582813,7,190.66898943487712,13375,1200,250.0215614622793,2504.1085319753606,1098.6050957581028,249.09223976571832,2494.6718499779527,1103.5861119313847,-0.9293216965609759,-9.436681997407959,4.981016173281887
1620,Hidden Test,Switching,968.3736590086482,1034.0767866466194,514.1459363512695,273.2076787343249,14.200677588116378,0.8538140835054219,6,189.02898529402137,13700,1200,250.0353975986907,2503.8882091324826,968.3736590086482,253.86583784959578,2531.8602121534495,973.7529991894216,3.8304402509050703,27.972003020966895,5.379340180773397
1621,Train,Switching,1095.1087967026979,839.3809344503097,659.760051779449,232.8846102883108,13.716228649020195,0.8176357000903227,7,191.33718573857408,12345,1200,249.95422784999764,2504.882467402451,1095.1087967026979,252.2421840517447,2519.017756093938,1102.5782931411673,2.2879562017470505,14.135288691486949,7.469496438469378
1622,Train,Switching,1053.7190971081145,1100.6043476751074,630.1588249392807,244.0682783909142,13.289295411203057,0.8270294532692061,7,182.01443611449483,10830,1195,250.01935967523033,2495.852989305748,1053.7190971081145,255.84151065129868,2517.9584533758652,1056.0736478306471,5.822150976068343,22.10546407011725,2.354550722532622
1623,Train,Switching,1067.188233626075,946.60876711132,603.2431706786156,131.93813232472166,19.327782447449863,0.8481376628181898,7,179.75320355424793,12715,1200,249.97895437657232,2504.5900363561514,1067.188233626075,250.7067069788557,2519.9510389565053,1061.3341175935652,0.727752602283374,15.361002600353913,-5.8541160325098645
1624,Train,Switching,1060.1180943544023,844.4669819436967,415.5778548680246,125.81336735282093,12.779275377746671,0.8108143064845353,7,186.78190658383187,15430,1200,249.9767765189628,2502.8673577780824,1060.1180943544023,247.98022648756796,2460.089051236146,1064.940548559801,-1.9965500313948326,-42.77830654193622,4.822454205398799
1625,Train,Switching,1046.1004443466663,1152.6574330753647,606.759356148541,118.57521206373349,26.82120936922729,0.8050143905472942,7,185.64006106692403,11390,1195,250.0536470136404,2495.2916163419045,1046.1004443466663,249.1705061085984,2496.205209471863,1038.5145357925367,-0.8831409050419836,0.9135931299583717,-7.585908554129674
1626,Train,Switching,1077.9014288098551,648.5329868504778,702.8501377440989,311.2223033513874,17.988260593730956,0.8111854217993096,7,189.82826153340878,12865,1200,250.0427231013818,2504.478358717159,1077.9014288098551,252.80299899892364,2459.8516733172983,1080.4276106187428,2.7602758975418453,-44.62668539986089,2.5261818088877135
1627,Train,Switching,975.9527393383905,898.382198496256,616.0899464040995,244.04092049924657,9.954568141140044,0.8114092662441544,7,171.82675340995192,12160,1200,249.9735797794916,2505.036656256304,975.9527393383905,253.20694935286696,2517.0747591319446,976.7839898179074,3.23336957337537,12.038102875640561,0.8312504795168252
1628,Train,Switching,1090.2754903188907,1232.377405418083,414.1216720454395,217.86789018195122,17.58514529047534,0.8255031213909388,7,188.6772289990724,11470,1195,249.98279700446463,2495.212632771257,1090.2754903188907,251.20926347592123,2567.4993173231487,1081.660962857689,1.2264664714566038,72.28668455189154,-8.61452746120176
1629,Train,Switching,957.9725496005267,788.6473880033009,717.3602318391204,320.2057506260462,11.174847524613142,0.8544935521134176,6,186.84996651548252,13660,1200,249.95995251911856,2503.912074233289,957.9725496005267,254.41412033133105,2512.0808401713193,956.7256384480806,4.454167812212489,8.168765938030447,-1.246911152446046
1630,Train,Switching,1078.4170948085375,817.3009662656114,438.81073789671063,197.45294462889433,23.1074355118908,0.8068283991096542,7,190.94467317047219,14715,1200,250.04026079839437,2503.261490533543,1078.4170948085375,248.49818152236048,2495.8793873030872,1081.0065420806345,-1.5420792760338884,-7.3821032304558685,2.5894472720970043
1631,Train,Switching,979.7862772131339,983.4496795316227,400.0101886689663,144.82587516075,16.700466773472726,0.8270669412030839,6,197.44195388987063,16325,1200,249.99198881726736,2502.425534545075,979.7862772131339,249.42968147934937,2504.1116505003356,982.3718090785593,-0.5623073379179857,1.6861159552604477,2.5855318654254233
1632,Train,Switching,1013.0085756885819,1184.3856751918793,577.3495047353208,222.9979681270197,8.168398620095104,0.8119755747448654,7,178.22643354527787,10775,1195,249.99671721820334,2495.910388898947,1013.0085756885819,255.51429618100826,2556.4284574011676,1011.4482047047268,5.517578962804919,60.51806850222056,-1.5603709838551367
1633,Train,Switching,1018.592646624893,862.3118154122494,490.30354265123606,110.47421114752069,20.788804167881608,0.794616940796841,7,183.12375153518255,14615,1200,249.96832607985712,2503.316937000291,1018.592646624893,246.6069845976669,2497.5429627962444,1019.3932624566086,-3.3613414821902268,-5.773974204046681,0.8006158317156178
1634,Train,Switching,1092.2168144606985,940.1683571981266,742.7442424930632,270.4143469873816,29.994382478762418,0.8049194099614397,7,193.8467026181668,10950,1195,250.0374093441812,2495.7283288769136,1092.2168144606985,252.28805628870964,2502.6468200839427,1072.5384422833597,2.2506469445284267,6.918491207029092,-19.678372177338815
1635,Validation,Switching,1075.4266015952453,814.1989269875921,548.392741009593,187.2851137141697,13.53714229632169,0.8376454372028821,7,183.40978752237035,13800,1200,250.02951471306952,2503.822142721698,1075.4266015952453,252.02355458229874,2494.761606007476,1082.8738830959257,1.9940398692292263,-9.060536714222053,7.447281500680447
1636,Validation,Switching,1066.3444820209406,965.4997759032995,699.4951519183815,275.1088331406936,15.876044548582286,0.8289636683277786,7,183.7655036321292,11025,1195,250.0453673757006,2495.6516747965916,1066.3444820209406,252.60489784207718,2529.3917232609942,1064.5344772755932,2.5595304663765717,33.74004846440266,-1.8100047453474417
1637,Validation,Switching,989.0672145877033,993.3444356429391,627.0355356857181,248.41528686927631,9.266590632498264,0.8439829009235837,6,195.31738804687305,13350,1200,249.9833768014728,2504.124540820304,989.0672145877033,254.56155298998775,2478.7175757664963,984.4308588175976,4.578176188514959,-25.406965053807653,-4.636355770105752
1638,Hidden Test,Switching,1056.7157465149648,657.9714104300365,697.9324546642601,307.2045104764402,20.91996550420299,0.8433730237325654,7,178.9948078860418,12860,1200,250.02122178672855,2504.4812864758724,1056.7157465149648,250.1857684052558,2511.8421411323457,1050.6807109747017,0.16454661852725394,7.360854656473293,-6.035035540263152
1639,Hidden Test,Switching,1089.422372286208,641.7728837695904,573.2620060443878,133.14888985594735,26.911592829041183,0.835332175565418,7,186.31123285070942,15865,1200,250.03716377407312,2502.6480474182144,1089.422372286208,249.06970510108684,2459.2038211031586,1087.385015933898,-0.9674586729862824,-43.44422631505586,-2.037356352309871
1640,Hidden Test,Switching,990.177062980365,865.0595479644835,656.1660087667406,248.85602998081595,20.524231357034296,0.8198870183620602,7,172.52848620855517,12080,1200,249.96293195710237,2505.103998932568,990.177062980365,250.52070191426805,2515.585863653132,991.5476098282535,0.5577699571656751,10.481864720563863,1.3705468478884768
1641,Train,Switching,1003.2991727814078,777.5980648002587,640.6189741566777,231.49083320284262,15.757548024877906,0.7957896532234736,7,180.10846543921744,12965,1200,250.03148980300898,2504.4032794654163,1003.2991727814078,253.95925273135697,2469.1139174341183,1007.9722255028506,3.9277629283479882,-35.28936203129797,4.673052721442787
1642,Train,Switching,1065.2713943854906,1046.982053318061,476.6113401390612,227.10760000161827,15.648052443284541,0.833548443284817,7,182.57082596140907,12215,1200,249.9888417320721,2504.991180623122,1065.2713943854906,251.90746447717967,2479.791298160745,1065.4791192036305,1.9186227451075695,-25.19988246237699,0.20772481813992272
1643,Train,Switching,1017.2170168487355,774.9814620823599,394.07189078629017,116.52389923809096,8.210872338153422,0.8519568734499626,6,198.9961871993119,19410,1200,250.02975289982166,2501.2145162571114,1017.2170168487355,248.72458074231824,2522.6157108440757,1035.3843873551234,-1.3051721575034207,21.401194586964266,18.167370506387897
1644,Train,Switching,1001.0563230491243,1083.3120049443096,484.4456057064235,183.91604609321803,22.57634701160714,0.8574640615656972,6,194.57692512912885,14245,1200,250.0255156269809,2503.5401508776895,1001.0563230491243,248.98636786563992,2480.097317312832,995.8110064334232,-1.0391477613409847,-23.442833564857665,-5.2453166157010855
1645,Train,Switching,1004.2152976151556,832.58327197982,457.2223952040076,112.37758745672181,17.924498591572046,0.7938551922910847,7,180.71221253426526,15250,1200,249.9710647768612,2502.962389161913,1004.2152976151556,249.62437413986632,2505.9486416688346,1009.5417847722068,-0.3466906369948788,2.9862525069215735,5.326487157051247
1646,Train,Switching,1079.0579958003946,798.7693399889395,466.3626288063824,204.46320801973343,23.870451519731432,0.8043480157060549,7,191.6473208700412,14550,1200,249.96319807105496,2503.3548074432756,1079.0579958003946,249.20969617659736,2505.7956438402302,1076.1008471681162,-0.7535018944575995,2.440836396954637,-2.957148632278404
1647,Train,Switching,1031.3243897864595,883.0511772190221,697.2028769552708,306.9944757572375,11.412359192036092,0.7975651522516274,7,184.72729816221644,11330,1195,249.96202749967463,2495.345275929344,1031.3243897864595,252.5643657089319,2461.912467234713,1025.5236667494385,2.6023382092572547,-33.43280869463115,-5.800723037021044
1648,Train,Switching,982.3587056132965,859.4417290762067,594.636772479862,153.83701961953193,18.92072912445292,0.7958525580819696,7,176.33537332966958,13300,1200,249.9943057284454,2504.1599978318673,982.3587056132965,251.79943657816438,2499.6928595897225,980.8575125906955,1.805130849718978,-4.467138242144756,-1.5011930226010008
1649,Train,Switching,1003.3823114819825,1152.1955521195196,691.4374927058816,165.60840418795124,20.143818961456418,0.8137055434216746,7,176.15749501835535,10645,1195,250.03067069554712,2496.0524621716504,1003.3823114819825,252.66752875001788,2524.417748660627,990.4509185190652,2.636858054470764,28.36528648897638,-12.931392962917243
1650,Train,Switching,997.6811468251981,1234.0941046597436,468.77104127779603,243.69382035918534,9.350832224357873,0.8256419149274007,7,172.62432483265806,10985,1195,249.96694221209188,2495.6890952668787,997.6811468251981,254.91980280244172,2487.1716930356506,991.7017820992008,4.952860590349843,-8.517402231228061,-5.979364725997243
1651,Train,Switching,964.064978598617,1223.6189219751395,497.41221629083157,213.5929284687154,14.888321590609848,0.8049198803748004,6,199.6192420521226,12895,1200,249.96911464988796,2504.4530002433794,964.064978598617,249.61353987148,2536.751520913099,957.4996308458593,-0.3555747784079699,32.29852066971944,-6.565347752757702
1652,Train,Switching,985.9319904237054,954.337594890967,619.8954272083938,192.750775530003,11.841734289657325,0.840788141284138,6,195.43805429151448,14120,1200,249.99740022976746,2503.6165423566513,985.9319904237054,254.18664158156352,2499.361212645123,985.4578953437886,4.189241351796056,-4.255329711528248,-0.4740950799168786
1653,Train,Switching,1088.2303935009986,1168.3272644761018,376.6746250912547,251.7232561786659,26.656685262918472,0.8098251288221218,7,191.9692032920407,11905,1195,250.0499180703633,2494.8205168500062,1088.2303935009986,249.99427809827426,2562.0647619143742,1075.1413344439989,-0.0556399720890397,67.24424506436799,-13.089059056999758
1654,Train,Switching,978.3764102612622,945.3680680831894,526.5971404500306,111.02173516526818,9.121380588505417,0.8002377462154254,7,174.6581678629365,13510,1200,250.00433703508676,2504.0148835966575,978.3764102612622,253.64242324971067,2544.3589374549647,985.1757509714492,3.638086214623911,40.344053858307234,6.799340710187039
1655,Validation,Switching,1057.831406709738,849.876131687779,732.4872508645058,133.54526912560686,29.833529870025814,0.7947740003815853,7,190.14055859219172,12465,1200,250.03580144183874,2504.788647443147,1057.831406709738,251.3105449117325,2479.781059850976,1040.0398840139774,1.2747434698937639,-25.00758759217115,-17.791522695760705
1656,Validation,Switching,1078.8085504318587,763.8770709745586,710.0049904547632,205.72743988130242,10.277916794177145,0.8556896644551307,7,180.10677656447552,12735,1200,250.04731829742622,2504.5773428290295,1078.8085504318587,249.41265842732102,2500.035309186969,1080.6401186313806,-0.634659870105196,-4.542033642060687,1.8315681995218256
1657,Validation,Switching,1038.6028621345758,879.5205867267214,631.8864481523633,289.086251037661,16.89024011604488,0.8476629931968638,7,175.03635128416917,11880,1195,250.0478901489559,2494.8423605513285,1038.6028621345758,251.18370056396685,2497.2437229746656,1039.9255662915994,1.1358104150109511,2.4013624233371047,1.3227041570235087
1658,Hidden Test,Switching,1031.1356584192254,674.70864711795,635.7158080674708,329.9066849704832,28.57593883248046,0.8211138225393371,7,179.39668048010773,13035,1200,249.95291861398712,2504.3486956330753,1031.1356584192254,249.27240168969414,2458.709894654823,1023.3217571676038,-0.6805169242929878,-45.63880097825222,-7.813901251621587
1659,Hidden Test,Switching,1013.3519832743332,1013.2695898995735,422.3518583923578,312.1985803428106,21.28466568235308,0.7942585905152373,7,182.2637750071817,12235,1200,249.98623619765763,2504.9744099506884,1013.3519832743332,252.91923532026067,2498.243535851211,1014.5482630445064,2.932999122603036,-6.730874099477205,1.1962797701731915
1660,Hidden Test,Switching,1006.0807180008851,1001.0093498509377,375.54142428562045,101.05388219933957,9.96106670377776,0.8592000943422318,6,195.15840462655348,16885,1200,249.99273856318862,2502.1726561932533,1006.0807180008851,249.84841638676372,2478.9029137514244,1015.3018516610205,-0.1443221764249074,-23.26974244182884,9.221133660135365
1661,Train,Switching,951.8507796805352,619.3177346955054,445.86967285722494,306.0249134269543,23.667431499809027,0.8364886387088336,6,189.65206372473259,18195,1200,249.9915185235071,2501.64180099676,951.8507796805352,246.2446484916337,2450.699418539769,949.8306017459773,-3.746870031873385,-50.942382456991254,-2.0201779345578643
1662,Train,Switching,1054.6049002674408,847.120717423968,698.0703462846577,259.7354118898511,20.803379388991743,0.8481348628131673,7,177.6343002758237,11850,1195,250.03067095434932,2494.868059508088,1054.6049002674408,253.55100485200657,2515.8681508140367,1054.6166800042074,3.5203338976572525,21.000091305948445,0.011779736766584392
1663,Train,Switching,1003.9210498565808,690.665124647785,423.87602254748344,193.0362743861042,9.200278050266206,0.8282299105986022,7,173.1612092263122,16355,1200,249.99582960951892,2502.4116696865094,1003.9210498565808,250.2905699223257,2478.808087079636,1021.6816233934039,0.29474031280676627,-23.60358260687326,17.76057353682313
1664,Train,Switching,1078.5320104914717,947.4185559898615,488.6788963340223,195.21723598707467,10.529857323970646,0.8471317015867681,7,181.87963124291167,13110,1200,250.00884026376136,2504.2962090635956,1078.5320104914717,253.97693455386656,2480.960159375666,1089.5161418360708,3.968094290105199,-23.336049687929517,10.984131344599064
1665,Train,Switching,1013.1912286393344,1099.4646977051161,460.39494816213846,108.44798291334882,24.524273494258523,0.8266912193153986,7,175.08544993522156,12820,1200,250.0228279075951,2504.5115523686572,1013.1912286393344,246.8922370935276,2511.5880503512767,1000.66595538573,-3.1305908140674887,7.076497982619458,-12.525273253604496
1666,Train,Switching,1015.0973429554142,990.8365792827681,571.8922042287886,89.7944459412247,22.00496330158785,0.8559688620129601,6,197.65075343360732,15100,1200,250.030576674964,2503.0454299056773,1015.0973429554142,247.12505537031277,2523.310100909058,1007.0075812170973,-2.905521304651245,20.2646710033805,-8.089761738316952
1667,Train,Switching,1011.0648739850149,1227.3804453783669,712.6385282725096,199.18749258620664,18.570036296732724,0.8309191823075526,7,173.82898627950422,9995,1195,249.9487533465914,2496.8058622284207,1011.0648739850149,252.77375467259282,2534.7159820159286,1000.8385643307431,2.825001326001427,37.91011978750794,-10.226309654271745
1668,Train,Switching,1081.117965222802,888.0482819397002,546.8860688619316,253.87474735733122,23.21185203595087,0.819284298028797,7,188.51261274609323,12665,1200,250.03523545082274,2504.6308955222025,1081.117965222802,249.3207248468995,2488.800971205743,1079.7882257609178,-0.7145106039232303,-15.82992431645971,-1.3297394618841736
1669,Train,Switching,985.5480099562556,975.6247395533137,733.4148688241839,160.5979774449952,21.853278897702694,0.8226158444792964,6,199.6776536237869,13345,1200,250.00271183449618,2504.1287436982198,985.5480099562556,248.11158978206547,2482.3310909018314,975.9373540087972,-1.8911220524307168,-21.79765279638832,-9.610655947458326
1670,Train,Switching,1008.565437712241,689.3453765427694,575.436329562217,143.0573364906013,14.339432998094708,0.8024238831689582,7,179.55693971498704,15190,1200,249.99180893220569,2502.9953126347577,1008.565437712241,252.19752952072943,2475.427292543082,1020.5394855741368,2.2057205885237465,-27.568020091675862,11.974047861895883
1671,Train,Switching,1024.6118395822123,849.9933704850264,422.8927820920944,300.33689537784085,15.02202984970063,0.8327288538194262,7,175.77524697139467,13595,1200,250.0256676857226,2503.9580460067555,1024.6118395822123,251.3675425759076,2539.5177080241237,1028.7457264952593,1.3418748901850108,35.55966201736828,4.133886913047036
1672,Train,Switching,1085.8903338084929,1004.2687025852501,605.7630128227174,94.59120179060847,28.167620507534593,0.8591052708867938,7,180.56831426949987,12545,1200,249.98541024876556,2504.7229509255963,1085.8903338084929,249.26777438979238,2551.7886678933696,1070.7586101605045,-0.7176358589731819,47.06571696777337,-15.131723647988338
1673,Train,Switching,1080.5935131385922,1045.7579151145183,563.6001082137227,89.0947724529542,11.091813718900084,0.8295307422545739,7,186.0937684568261,12590,1200,249.97361969717798,2504.687033414801,1080.5935131385922,254.54214696457237,2549.9105046881664,1083.5751147599544,4.568527267394387,45.22347127336525,2.981601621362188
1674,Train,Switching,982.8756601200439,1222.1432186895981,500.48214504495263,196.81758682243526,17.03958943905309,0.8339235212327913,6,196.43601103593136,13000,1200,250.0270947666109,2504.3772525460986,982.8756601200439,252.15615240412527,2527.5318110343255,984.4494972010766,2.1290576375143644,23.15455848822694,1.573837081032707
1675,Validation,Switching,1087.6356842694804,915.3316954732873,376.98575742542744,181.4410929637961,11.896864921785891,0.854519098836463,7,181.8292025722731,14510,1200,249.98196919859197,2503.3790432471746,1087.6356842694804,249.3512257368663,2498.7475108134804,1096.9448604565057,-0.6307434617256718,-4.631532433694247,9.309176187025287
1676,Validation,Switching,1040.4583858675323,1163.9675175305456,587.2687469236553,239.62517901789397,22.090714279096574,0.8516601638123393,7,174.52608279978446,10740,1195,249.95446213012247,2495.945914290428,1040.4583858675323,253.31111942299802,2498.286320184075,1033.5011761197982,3.3566572928755534,2.34040589364713,-6.957209747734169
1677,Validation,Switching,960.2105082478374,953.8228525663726,557.4536761268973,282.9264455777593,25.67412354424596,0.8208190317475237,6,194.9699976708121,13905,1200,249.98353381032652,2503.7523551604227,960.2105082478374,251.39400102069908,2510.6376943043806,954.9065131214469,1.410467210372559,6.8853391439579354,-5.303995126390532
1678,Hidden Test,Switching,985.2297747624107,713.7352560414001,491.85015009716153,89.69854183495045,10.144103641156107,0.8323397888196633,6,197.28116409436578,19260,1200,249.97081500159965,2501.262948786808,985.2297747624107,247.20384544809335,2500.620920247173,1003.2187683962701,-2.7669695535063,-0.6420285396347936,17.988993633859423
1679,Hidden Test,Switching,954.2405335465446,1074.550951749552,735.4800648987293,142.15796660399064,12.257308064959943,0.7992282999842428,6,198.99206387906892,12780,1200,249.98906525068594,2504.540642150835,954.2405335465446,252.02374715274425,2519.156590021526,953.9659996466986,2.03468190205831,14.615947870690889,-0.2745338998460056
1680,Hidden Test,Switching,990.5810721102171,1009.3459716066718,569.5894016884267,169.54538602847606,16.15725172450766,0.8428825548198075,6,195.8717076390286,14270,1200,250.00761469359875,2503.5242195967207,990.5810721102171,252.8313104184926,2496.4620461772065,986.0012624575601,2.823695724893838,-7.062173419514238,-4.579809652656991
1681,Train,Switching,1005.0926097668707,1083.9570512413047,420.25330159813166,124.54363702097908,12.965781779959798,0.8189888549526222,7,175.31942915930236,13130,1200,249.99725576179463,2504.2813027257753,1005.0926097668707,249.2836557728709,2519.382502506019,1012.356887397216,-0.7135999889237326,15.10119978024386,7.264277630345305
1682,Train,Switching,1037.0763342478313,1122.9209580691531,449.18414736166596,197.07147886045277,26.688312575686723,0.8049021738255396,7,184.0643085000742,12090,1200,250.04210022694195,2505.0987307324767,1037.0763342478313,252.27326264140112,2535.281284276731,1029.245741385454,2.2311624144591633,30.18255354425446,-7.830592862377216
1683,Train,Switching,965.6564818462357,993.7063060351647,499.22914765775204,168.39513052953407,26.80222660023719,0.8581712665851229,6,187.541523750619,15020,1200,250.0315382919176,2503.0893750830364,965.6564818462357,251.39746486009633,2471.5467669440063,952.2852041599984,1.365926568178736,-31.542608139030108,-13.37127768623725
1684,Train,Switching,982.9837967990898,1205.7012035045773,564.8970085196197,290.95831820275635,25.918862387072295,0.8205719810910523,6,199.65418826757295,12105,1200,250.0512657675468,2505.0863424632203,982.9837967990898,249.00587059402517,2495.7330918509306,964.2595445453292,-1.0453951735216265,-9.353250612289685,-18.724252253760596
1685,Train,Switching,1024.702162342146,1042.7919451030903,452.07194071263075,199.7136755217798,26.899309769272804,0.8115956179634668,7,180.36817837812004,12620,1200,249.99793519122434,2504.664474900058,1024.702162342146,251.4059346977815,2512.0125295016805,1013.2787386512451,1.4079995065571609,7.348054601622607,-11.423423690900904
1686,Train,Switching,976.3561626081355,716.8938448419794,707.2490942664444,169.41315161064267,28.69774944195524,0.8364016189193353,6,194.55489255461333,15655,1200,249.9707861919462,2502.7512074702518,976.3561626081355,245.54723639797774,2494.2995560017453,962.3233737342716,-4.423549793968448,-8.451651468506498,-14.032788873863865
1687,Train,Switching,987.6144704641774,1084.7248504054733,494.6556016802788,179.88378448178992,18.153575922362506,0.7968589368066751,7,177.0549026660557,12155,1200,249.977731323829,2505.041028973907,987.6144704641774,250.4281168650784,2515.3423102561205,991.8605730764725,0.45038554124940333,10.301281282213495,4.24610261229509
1688,Train,Switching,1081.9935495848767,1026.9761725328863,391.2489137612283,294.1284985700622,12.232740690466017,0.8151086606550962,7,189.63178106747972,12490,1200,250.0177855259363,2504.767952688211,1081.9935495848767,250.66709192200662,2555.536256938445,1082.2041379513362,0.6493063960703296,50.768304250233996,0.21058836645943302
1689,Train,Switching,1070.304298400879,1240.058981848415,430.12640941888094,146.2907199584879,18.529718784615397,0.8006700915587135,7,190.9658118484324,11775,1195,250.0379518754193,2494.9350121105895,1070.304298400879,251.74350576039814,2521.495097633503,1071.7056593194986,1.7055538849788263,26.560085522913596,1.40136091861973
1690,Train,Switching,1094.4255730719306,1087.1869215974584,450.99457958713174,140.63403724692762,23.8281583157368,0.8104081729101017,7,192.92316596144533,12740,1200,250.02756319003936,2504.5727210123177,1094.4255730719306,250.67878271543574,2517.408496700499,1087.490302911065,0.6512195253963853,12.835775688181457,-6.935270160865457
1691,Train,Switching,1039.469212363474,713.1845329538919,373.482621088624,270.1842068764381,23.485183679498732,0.842683314185124,7,176.21756508826337,15760,1200,249.97914075965102,2502.6985031421814,1039.469212363474,244.66872351617866,2444.509709689854,1039.9400277546165,-5.310417243472358,-58.188793452327445,0.4708153911424233
1692,Train,Switching,1071.0861467174254,616.3584135007113,744.877817761153,138.77254519145936,23.822559024672955,0.8353537609428168,7,183.17066831808063,14255,1200,249.9633858834322,2503.53185108949,1071.0861467174254,245.7863597897592,2431.1112526025577,1074.3023158014253,-4.177026093673021,-72.42059848693225,3.21616908399983
1693,Train,Switching,950.2959176432341,1240.1429676334374,458.7041413411498,114.55816657515243,29.228723894804716,0.8117461211630144,6,195.1135321886345,13760,1200,250.0243540841876,2503.8481669628827,950.2959176432341,250.85462476927148,2498.9383659882037,943.0407433924888,0.8302706850838888,-4.909800974679001,-7.255174250745313
1694,Train,Switching,982.5010702130385,726.9950664369389,421.63392500951886,175.90853657573462,26.9957431727089,0.8237210639892146,6,198.79323903143967,18835,1200,249.9760953497068,2501.408912449819,982.5010702130385,244.13546737734217,2515.3284645893978,976.2990406011103,-5.8406279723646435,13.919552139578627,-6.202029611928197
1695,Validation,Switching,983.0389138543978,961.8059790809639,658.1685684621334,318.0291385925375,8.962080827914178,0.8243113885237836,6,198.75962076557644,12875,1200,250.0172527182324,2504.469863192342,983.0389138543978,251.9749898130257,2472.470358806504,976.3704265340865,1.9577370947932877,-31.99950438583801,-6.668487320311328
1696,Validation,Switching,1097.9393316316418,822.7088697254658,679.1224389337003,218.8083166675642,27.563990206923336,0.8027039642166347,7,195.40015116338324,12430,1200,250.0211271459286,2504.8161873869517,1097.9393316316418,251.54261601386708,2479.2871477271406,1082.4133815293428,1.5214888679384728,-25.529039659811133,-15.52595010229902
1697,Validation,Switching,1084.5483384095132,1069.738927425351,467.9180705919862,124.29957183310762,12.736379707232118,0.8460816961829551,7,183.1211780311836,12870,1200,250.04215963892963,2504.4745815844135,1084.5483384095132,253.9574902618492,2525.5370526402553,1087.1151544326033,3.915330622919555,21.062471055841797,2.566816023090041
1698,Hidden Test,Switching,1089.9692864739336,651.9056211458519,569.9889116920531,291.0383773688227,26.841401286888868,0.8557699448475614,7,181.95298748829214,14135,1200,249.994801444631,2503.6070850568954,1089.9692864739336,245.40761761661784,2486.8806567733604,1088.8630545526412,-4.587183828013167,-16.726428283534915,-1.1062319212924194
1699,Hidden Test,Switching,1026.6305431490764,991.0634534084238,564.294670149684,161.4113073865883,26.959129561670125,0.8101317911664956,7,181.03413267238687,12455,1200,249.96047202838673,2504.7936582114153,1026.6305431490764,250.08582680831668,2489.4408450523138,1010.5753278530706,0.1253547799299497,-15.352813159101515,-16.055215296005827
1700,Hidden Test,Switching,959.085484908428,826.1020541656762,396.24880282208323,319.3403857713565,18.088589317630976,0.8037690798752011,6,198.87251801585901,16185,1200,250.02216193222378,2502.492422624871,959.085484908428,248.11357882735444,2519.626397525185,957.508009176906,-1.9085831048693365,17.133974900314115,-1.5774757315220995
1701,Train,Switching,1071.982370922342,779.2687309789471,742.5396395847201,166.25434088753536,13.788887985050678,0.8471671287179925,7,180.7675646420997,12670,1200,250.0231752866593,2504.6265506559,1071.982370922342,250.45805136103976,2459.2819451707373,1070.7573070538888,0.43487607438046894,-45.34460548516245,-1.2250638684531623
1702,Train,Switching,1034.4059030641802,908.5684351390228,613.3501318283379,187.88047080859542,12.372691004071385,0.7921860596677289,7,186.53732928384576,12510,1200,250.04455484345752,2504.7530821587015,1034.4059030641802,251.31489181348957,2524.1702116178685,1032.3718636252745,1.270336970032048,19.417129459166972,-2.0340394389056655
1703,Train,Switching,1087.2193957911804,600.8212123182602,431.15583658218384,88.3213429315947,20.52769811730832,0.8405979346460664,7,184.76973370984243,19090,1200,250.00846242093056,2501.3214809985325,1087.2193957911804,249.79285055262088,2508.075666016161,1099.9970619863004,-0.21561186830967927,6.754185017628515,12.777666195119991
1704,Train,Switching,1007.7576936106198,1078.258788678795,358.41215616092086,291.6630912059918,13.79978491133079,0.8096414536330849,7,177.81375219302896,12375,1200,250.02761545571542,2504.860978090629,1007.7576936106198,254.5894664865923,2552.1082246330957,1007.841814569002,4.5618510308768805,47.247246542466655,0.08412095838230016
1705,Train,Switching,1083.0945624038577,868.2137344381772,362.159931845963,208.1144316890277,28.541327139362693,0.840114091646392,7,184.1747402735487,14865,1200,249.96931056912663,2503.1737269159216,1083.0945624038577,248.4597485143186,2491.360205836169,1078.4806737572576,-1.5095620548080433,-11.813521079752718,-4.613888646600117
1706,Train,Switching,1040.6473052338697,778.336612530984,352.1029652096331,162.8704710584134,10.627283890265971,0.7992620829911903,7,186.00144297015814,16535,1200,249.98945823563253,2502.3286164560686,1040.6473052338697,250.76911283794533,2480.2849035157956,1057.392646987139,0.779654602312803,-22.043712940273053,16.74534175326926
1707,Train,Switching,991.251706960611,959.401497116778,491.8046075850725,210.54233248112723,11.079132453538477,0.7968113867077046,7,177.71757415987426,12870,1200,250.01080761618292,2504.4733700025295,991.251706960611,253.0728656057511,2530.084033292036,997.2960613956277,3.0620579895681885,25.610663289506647,6.044354435016658
1708,Train,Switching,956.0229299939238,1046.152771404013,624.0095059387386,184.56241748761386,13.89472960261628,0.8472259235754609,6,188.06926295002046,13450,1200,249.95975181800478,2504.054334337325,956.0229299939238,251.6984334706395,2481.3027873858123,959.1474860112821,1.7386816526347104,-22.751546951512864,3.1245560173583726
1709,Train,Switching,1026.6533640678972,1147.0196875627153,533.9289298281074,327.7183247101493,21.504053596407175,0.7900192660861649,7,185.64707544666084,10645,1195,249.95921713284068,2496.0491317866777,1026.6533640678972,250.49138938677015,2518.640027617689,1017.1136174236032,0.532172253929474,22.590895831011494,-9.539746644294041
1710,Train,Switching,1073.7587219220586,695.4092123312876,702.3691807873547,208.17328795790672,25.701651255134493,0.8035193804604933,7,190.90280441501383,13315,1200,249.9707287818205,2504.1485659258824,1073.7587219220586,249.34903497502125,2460.0338419405693,1063.750858986561,-0.621693806799243,-44.11472398531305,-10.007862935497542
1711,Train,Switching,982.0390606531873,828.9904178236611,613.7982226908207,99.40726715838537,24.753774805925786,0.8351892287074588,6,195.9713693013406,16180,1200,250.0268847341799,2502.494940700924,982.0390606531873,249.53089740354906,2522.0470584833124,978.3515423224407,-0.49598733063083955,19.55211778238845,-3.687518330746684
1712,Train,Switching,979.7960895928554,909.5722222700715,415.67278346046805,132.69795295316726,18.48576002707705,0.8055990730877967,7,173.74755584727694,14670,1200,250.02636703490396,2503.2869775510894,979.7960895928554,249.24132764393636,2472.950405996527,987.2563578347871,-0.7850393909675972,-30.336571554562397,7.460268241931658
1713,Train,Switching,1027.2839699871838,970.7301565795206,699.122897721827,258.5985082970001,29.211525039747357,0.7928963482310064,7,185.0870585830415,11090,1195,250.00929583123093,2495.5841276435467,1027.2839699871838,248.95293451251985,2503.8659761939966,1012.7170839596608,-1.0563613187110832,8.281848550449922,-14.566886027522969
1714,Train,Switching,968.2425997802056,811.5071517648175,500.91416323557496,137.4918028432876,16.98873505042866,0.8581014414364473,6,188.05907884258687,17210,1200,250.02945111940656,2502.0344864927924,968.2425997802056,249.97031644073067,2485.935049473267,970.7316761628525,-0.05913467867588906,-16.09943701952534,2.4890763826468856
1715,Validation,Switching,989.2133457353339,728.7879775860347,541.8988164514303,124.92562887025997,20.4442791165784,0.8055591483856551,7,175.42621486094876,15325,1200,250.02331668633047,2502.9241390362304,989.2133457353339,246.2352482997423,2524.8446988578,989.3462102438682,-3.7880683865881792,21.92055982156944,0.13286450853433962
1716,Validation,Switching,1022.8286386816762,925.9178566280752,426.15263340994716,115.34617589320987,21.41521617723629,0.82786653066054,7,176.4999206308533,14575,1200,250.021457689846,2503.3421258957187,1022.8286386816762,250.27151524783756,2536.1472375886788,1024.8348653059716,0.2500575579915676,32.805111692960054,2.006226624295323
1717,Validation,Switching,1088.1605778355151,692.0047126594,594.7898892685771,195.5387296457775,22.34229552745819,0.8302701655612328,7,187.23003374965265,14425,1200,249.96373751149758,2503.428958789757,1088.1605778355151,249.26527532406527,2497.842776376869,1081.9578406701683,-0.6984621874323125,-5.586182412887865,-6.202737165346889
1718,Hidden Test,Switching,993.3309615706094,1051.6135627171025,638.5697645135224,131.06503749266267,15.968353143427521,0.8352122334903107,6,198.21927125028017,13700,1200,250.01045354104593,2503.887300840623,993.3309615706094,253.1067253170564,2555.7003382805983,988.899360704256,3.096271776010468,51.81303743997523,-4.431600866353392
1719,Hidden Test,Switching,1053.2110088737682,989.8084877175279,673.9767387509346,252.18536784639582,21.94197333883494,0.7975260170153342,7,188.65681161910302,11160,1195,249.95887644891897,2495.5117761568604,1053.2110088737682,252.96971079849845,2509.1280729533964,1038.6388475915871,3.0108343495794827,13.616296796536062,-14.572161282181014
1720,Hidden Test,Switching,983.2656211103313,788.0184370093048,468.34282791242003,261.28631880972534,22.857370113488287,0.8064870665688068,7,174.17082446106627,14090,1200,249.97540435118788,2503.6345301144174,983.2656211103313,245.6874704532845,2522.4078745203233,985.7996125087212,-4.287933897903372,18.773344405905846,2.533991398389958
1721,Train,Switching,1000.5248215049505,1093.6781360185705,351.7233805730939,270.2972614043392,17.508932484313846,0.8060266524297186,7,177.3292693572723,12465,1200,250.00492466528235,2504.7874257264702,1000.5248215049505,253.1163203598748,2529.821614447633,1000.5670013828393,3.11139569459246,25.034188721162536,0.042179877888770534
1722,Train,Switching,981.7054989398457,1167.809851304628,378.42278042808175,156.8870261963457,24.394088965374976,0.8413182287709788,6,194.47763944881842,14650,1200,250.00662327063145,2503.297885845202,981.7054989398457,250.75984487255226,2527.571106643932,970.2173250558322,0.7532216019208136,24.273220798730108,-11.488173884013463
1723,Train,Switching,985.2553543401882,617.7376233623363,701.367000117898,111.4365208032541,24.175018616952002,0.8474537009256893,6,193.76778406182655,17440,1200,249.9858305896126,2501.9378280935166,985.2553543401882,249.0394183414661,2442.030254237616,984.1930070720948,-0.946412248146487,-59.90757385590041,-1.06234726809339
1724,Train,Switching,1053.8647745153867,813.2451530080289,375.6953055970371,188.1100607989356,26.301214050035924,0.8075322364270687,7,186.43479957057065,15530,1200,249.99810552820236,2502.8160864835545,1053.8647745153867,244.6101060175024,2477.145945370767,1048.7968570593782,-5.387999510699956,-25.670141112787405,-5.067917456008445
1725,Train,Switching,999.2491255979985,973.5168856452219,410.014027915895,170.1524338987656,11.43660556897521,0.8316124350228348,7,171.65432967763243,13765,1200,250.00786320755844,2503.844301502233,999.2491255979985,250.3102164492753,2474.1724610844794,1008.1129324159282,0.30235324171684397,-29.67184041775363,8.863806817929685
1726,Train,Switching,986.4891495672055,760.7387105701491,415.01905219629407,287.6776409521699,24.220415534917265,0.8293328522471711,6,198.24954216597143,17050,1200,250.01526204,2502.101957290394,986.4891495672055,247.0337118829616,2463.045765688968,985.3403197916099,-2.981550157038413,-39.05619160142578,-1.1488297755955728
1727,Train,Switching,980.80564069096,792.7523697842844,744.9288420379162,220.7627197331749,19.007115340791643,0.795905857400503,7,176.0448050789674,12160,1200,249.96397438205406,2505.03625381437,980.80564069096,248.95440453364614,2467.426864942385,978.8634558134123,-1.0095698484079207,-37.609388871985175,-1.9421848775476747
1728,Train,Switching,1074.4715059059672,1114.7060792893171,559.2758356593549,176.73629805911332,12.007857815828174,0.8368503216188401,7,183.4210078550354,11555,1195,249.9915321423146,2495.133511691304,1074.4715059059672,253.78468499967806,2513.164455868729,1069.9167305058338,3.7931528573634523,18.03094417742477,-4.554775400133394
1729,Train,Switching,1001.1637317948043,1016.329084651079,733.4295505657792,184.42668298492208,19.749097416177392,0.8331777756963857,7,171.66011195732983,11055,1195,249.96100725935239,2495.6173659094234,1001.1637317948043,251.30614350937378,2514.7406152363433,994.2090027986707,1.3451362500213975,19.123249326919904,-6.954728996133667
1730,Train,Switching,1068.8529086881317,700.7253363030031,530.8331930078566,245.63661978580058,17.11380385654047,0.8395021018246189,7,181.88551563821144,14475,1200,249.96060604404116,2503.3990484019214,1068.8529086881317,247.80556493008584,2507.251274449462,1069.1980689489585,-2.1550411139553205,3.8522260475406256,0.34516026082678763
1731,Train,Switching,1041.941724321805,747.710109280888,518.0584322661161,302.7468413184397,29.565506075508893,0.812889464951586,7,183.11077234728705,13635,1200,250.01125433166658,2503.930641746736,1041.941724321805,246.50419068059227,2453.3456522138904,1038.8948219119807,-3.5070636510743043,-50.58498953284561,-3.04690240982427
1732,Train,Switching,1092.8434766246937,917.8019617218524,727.7103069238365,294.4122425233945,16.536285690497607,0.8286033166013659,7,188.41403785471306,11025,1195,250.02228311780428,2495.650635695399,1092.8434766246937,253.76403702466567,2542.499205109885,1091.1401675959519,3.7417539068613905,46.848569414486064,-1.7033090287418418
1733,Train,Switching,950.3661470953375,801.0842712479644,503.87273859232664,276.6453635250218,24.080986253917217,0.811756626686547,6,195.12542631867612,15775,1200,249.99730105129956,2502.6915632021432,950.3661470953375,248.79713289817894,2472.1157590440293,952.01320639104,-1.2001681531206145,-30.575804158113897,1.6470592957024337
1734,Train,Switching,1006.0816249926575,1043.0880959844217,606.2539395876229,319.51204819604754,16.891565694008023,0.7982100903382525,7,180.06029761740626,10860,1195,249.95318387816343,2495.8183388366288,1006.0816249926575,251.5962872929187,2479.7654750346937,996.5206563129962,1.6431034147552737,-16.05286380193502,-9.5609686796613
1735,Validation,Switching,1001.6529998974875,1228.613098722417,547.9046851396561,199.0370469703339,25.56702536623925,0.8157448379672133,7,175.41427054104426,10825,1195,249.995808737958,2495.85718269882,1001.6529998974875,252.9042630844025,2548.9851540746185,990.0078883903732,2.9084543464445005,53.12797137579855,-11.64511150711428
1736,Validation,Switching,1017.4185466836207,997.9245816357434,576.2716419063509,141.98209861759096,13.431222615297884,0.8441457130853087,7,172.18058969684085,12460,1200,249.9743938012018,2504.7902172489557,1017.4185466836207,250.45701783210166,2525.9151648720863,1023.5085775537447,0.4826240308998422,21.124947623130538,6.0900308701239965
1737,Validation,Switching,1082.2317639365792,653.1991653493606,377.1675856783986,92.4865784891881,10.73475039564073,0.7950775431958027,7,194.45215001771388,19045,1200,249.98779810199315,2501.3363538017843,1082.2317639365792,250.83860861965184,2475.443163430571,1103.0481912861296,0.8508105176586866,-25.893190371213223,20.816427349550395
1738,Hidden Test,Switching,1047.442530898843,1094.6699008578435,639.3351287581027,111.01454372517765,11.73218071879819,0.8514232594193891,7,175.74648756166658,11590,1195,249.97665330768345,2495.1004769905817,1047.442530898843,252.85197169739996,2524.0434057668112,1042.0559679275543,2.8753183897165115,28.942928776229564,-5.38656297128864
1739,Hidden Test,Switching,1030.5003876565024,1003.7545877159573,386.0382068902254,199.21946349320933,15.610946417786181,0.8020258757355623,7,183.5531066360812,13460,1200,250.0272932496088,2504.049958156848,1030.5003876565024,251.79571292091174,2473.0910786951504,1040.2812603948785,1.7684196713029507,-30.958879461697506,9.780872738376047
1740,Hidden Test,Switching,1033.1198284751736,677.5789482053369,351.35733587667346,213.7045681430027,21.66685977904126,0.8567138310894371,7,172.2728658849179,17210,1200,250.00095103312015,2502.033660928972,1033.1198284751736,248.49653243000864,2455.189109025812,1038.0581927317287,-1.5044186031115032,-46.84455190316021,4.938364256555133
1741,Train,Switching,955.3444021847099,714.645700796973,681.4235469326377,126.17827368201688,25.601544607430696,0.7970992058538832,6,199.75439175129785,16390,1200,249.99590494986677,2502.395406232835,955.3444021847099,249.69181967267224,2463.2605005114065,952.8091567526413,-0.30408527719453105,-39.13490572142837,-2.535245432068564
1742,Train,Switching,982.7002572012134,951.1215311242267,731.562299001962,130.10839365422726,28.50085803354159,0.84699201523792,6,193.37062599603786,13765,1200,250.0306316737571,2503.8451080797745,982.7002572012134,248.42585722134888,2494.138262781963,970.8153215087831,-1.6047744524082361,-9.70684529781147,-11.884935692430304
1743,Train,Switching,1043.6201175907627,650.4528273944743,439.8233659565449,162.9037543735467,23.907374649308622,0.8472142958431506,7,175.97506198697738,17065,1200,249.99709758038264,2502.095011111694,1043.6201175907627,249.47584485892423,2474.015876836187,1043.2451161191807,-0.52125272145841,-28.07913427550693,-0.3750014715819816
1744,Train,Switching,1038.7915998580866,1133.7105689570308,496.60762092098594,170.40043328423053,15.940189579036087,0.8448944468703121,7,175.64182192157935,11875,1195,249.97390867128888,2494.843666818947,1038.7915998580866,250.93677532704248,2554.708191500667,1042.2975302066077,0.9628666557536008,59.86452468172001,3.505930348521133
1745,Train,Switching,1088.0655230022967,817.037573212292,639.2279217019677,80.49884809413925,21.564398350194097,0.8388643025537021,7,185.29568058180683,13915,1200,249.9803086364947,2503.74581259352,1088.0655230022967,251.95928339700313,2475.9007213394875,1092.2761724545874,1.9789747605084358,-27.845091254032468,4.210649452290681
1746,Train,Switching,975.6220820941962,736.9681642623618,495.884917024523,321.2108958233148,19.03408207045868,0.8175285361194984,6,198.89664172562274,16055,1200,250.0043939420212,2502.5541576201886,975.6220820941962,248.69003712268446,2446.2146303099435,982.6092523414687,-1.3143568193367514,-56.3395273102451,6.987170247272502
1747,Train,Switching,1063.5380605002865,710.7792198308744,555.7434882968664,126.4278316940181,16.409938124008477,0.7946116019482725,7,191.20537413546177,15355,1200,250.03487095284652,2502.90864368241,1063.5380605002865,247.67217104489282,2463.8328441638837,1075.4238534851252,-2.362699907953697,-39.07579951852631,11.885792984838645
1748,Train,Switching,1002.3598266183399,928.5190484020859,486.9142550043762,139.2114677419886,10.407699957024306,0.8153414677269757,7,175.62489657821132,13755,1200,249.9808085326343,2503.8498981418093,1002.3598266183399,249.3371128913782,2534.1952495953747,1011.6810611638967,-0.6436956412561017,30.3453514535654,9.321234545556877
1749,Train,Switching,1023.9608645904809,1005.351553473156,594.9163613840938,268.03752987878397,28.102585896849632,0.8217655196622946,7,178.0071322206848,11445,1195,249.96514772556554,2495.235463906335,1023.9608645904809,248.40981829200726,2479.027515182549,1008.7607185001066,-1.5553294335582848,-16.207948723786103,-15.200146090374346
1750,Train,Switching,1052.3171645705588,1092.9903564741835,643.2642293162644,164.83115257695317,19.726892864797264,0.8330795020377264,7,180.452193508984,11250,1195,250.01706108571955,2495.4254894656005,1052.3171645705588,252.16661221740483,2560.5098298037437,1042.0800962813014,2.1495511316852856,65.08434033814319,-10.237068289257422
1751,Train,Switching,1031.7633559228852,970.1868580770679,585.9291777014732,148.08795867254958,22.82152485381812,0.8022525359294378,7,183.7261442384582,12550,1200,250.0234582105639,2504.7205122924984,1031.7633559228852,249.13947555900572,2540.7184321165587,1023.6678380326158,-0.8839826515581706,35.99791982406032,-8.095517890269434
1752,Train,Switching,1017.3110443050973,1039.539264794439,656.5699360333383,215.7519259909168,10.959178110118955,0.8127094036806375,7,178.8217886101284,11185,1195,249.9812009567858,2495.487953799806,1017.3110443050973,253.1661387578389,2506.711367133265,1019.0201893957911,3.1849378010530813,11.22341333345912,1.7091450906938235
1753,Train,Switching,1037.8032498061657,772.439816815313,528.1715022400022,213.87076795333996,12.315918324515224,0.8318173926067539,7,178.2333579856464,14120,1200,249.98491394345226,2503.616103124895,1037.8032498061657,248.0196178957833,2510.6865660772637,1045.726254637634,-1.965296047668943,7.070462952368871,7.9230048314682335
1754,Train,Switching,971.7535121948458,817.9507272550836,403.9867387153208,311.6795678343624,29.26665070326999,0.8503124959813432,6,190.46987956142485,16270,1200,250.01915621828817,2502.452135551872,971.7535121948458,249.80017308806597,2482.919261500633,969.4588022199046,-0.21898313022219895,-19.53287405123865,-2.29470997494127
1755,Validation,Switching,999.6300869388506,625.4457068280317,669.1397611051798,208.30049282638356,24.44181697908789,0.8491837644088083,6,196.19430030647945,16600,1200,249.97853989655758,2502.298799789806,999.6300869388506,249.70564563465499,2469.7008565347987,1002.3203790086171,-0.2728942619025929,-32.59794325500707,2.6902920697665422
1756,Validation,Switching,1081.5833494416438,1077.2713750135154,527.8083409182727,156.93386066239327,20.622373576741666,0.8522723860293627,7,181.29404354275147,12135,1200,249.9564930391759,2505.05703343207,1081.5833494416438,252.51643220928707,2497.556302946097,1077.596552199776,2.5599391701111642,-7.500730485973236,-3.986797241867862
1757,Validation,Switching,1081.3703156542033,1076.989537558984,635.1997232064605,182.3108892259188,16.08770738169551,0.7910277658351698,7,195.2921001474381,11290,1195,250.03674418653839,2495.387313171992,1081.3703156542033,251.65240649802396,2511.1449957633,1078.451867461336,1.615662311485579,15.757682591307912,-2.918448192867345
1758,Hidden Test,Switching,1043.2964332518168,734.1975970892236,539.9933059699833,268.77929728478193,22.857035147491843,0.8524348271964118,7,174.84309985033158,13860,1200,249.99776975406394,2503.7819381302425,1043.2964332518168,248.95388474053064,2443.9249136820467,1037.2764202615374,-1.0438850135332984,-59.857024448195716,-6.020012990279383
1759,Hidden Test,Switching,1016.3557518506423,1220.7906737108715,657.4478588998318,293.6015197611414,19.3253718232736,0.8209515496506357,7,176.86022871580508,9845,1195,249.95342192232994,2496.995037332397,1016.3557518506423,254.93977565412902,2568.2259255063504,1008.4962103700052,4.986353731799085,71.23088817395364,-7.859541480637063
1760,Hidden Test,Switching,957.4632501113228,1041.1408975720406,445.9847896359861,315.247518052347,24.19227069756016,0.7981974827777595,6,199.92196391869342,13845,1200,250.03825534555963,2503.793121344967,957.4632501113228,250.50223539178856,2521.456988450627,948.7941833903367,0.46398004622892586,17.663867105659847,-8.669066720986166
1761,Train,Switching,955.7559146545827,1030.0859994604252,658.7360287085176,162.8832714469172,15.605151230469346,0.8394626121525653,6,189.75550564898813,13475,1200,250.01672661709205,2504.039268762963,955.7559146545827,250.04367944117737,2529.996593694876,957.2651405958771,0.02695282408532762,25.957324931913263,1.5092259412944031
1762,Train,Switching,1043.6122232698835,909.1768282698467,604.4738763011992,219.61090170778334,20.77602843241766,0.8215635263035074,7,181.4679640634988,12340,1200,250.031461791951,2504.8896624624704,1043.6122232698835,247.71389070935905,2487.0205964689626,1044.7653599029004,-2.3175710825919396,-17.869065993507775,1.1531366330168566
1763,Train,Switching,969.7852827375755,743.6888211988844,619.8770802468061,105.8906275848858,21.718999822624028,0.851642154834699,6,189.7873179934765,16980,1200,250.0131910840415,2502.1320002972507,969.7852827375755,249.41952973525278,2458.4995481620404,976.4299843413194,-0.5936613487887143,-43.632452135210315,6.644701603743897
1764,Train,Switching,958.582125918474,1027.0701237488538,627.6475342921913,177.77806175407022,15.678720451425761,0.8579410609416664,6,186.2175561077869,13615,1200,249.99368148710502,2503.9434206434894,958.582125918474,254.1952752279453,2547.1113608281803,955.6787455457063,4.201593740840281,43.167940184690906,-2.9033803727677423
1765,Train,Switching,1084.4139380846173,798.0354716884904,748.1270564720035,163.18828168557957,10.955892063677311,0.8390979614318349,7,184.6223968949731,12510,1200,249.97897136564026,2504.750472934276,1084.4139380846173,249.94298260980295,2513.745693036237,1093.401512916868,-0.03598875583730887,8.995220101960967,8.98757483225063
1766,Train,Switching,1022.7808359195478,627.3831188445911,404.9778309650719,122.82145341858268,24.61163323977962,0.8027652622899041,7,182.01030220430903,18515,1200,250.02848007876017,2501.5245478056722,1022.7808359195478,246.64210073592187,2460.082459309206,1027.3939892885007,-3.3863793428382962,-41.44208849646611,4.613153368952908
1767,Train,Switching,972.7893608855084,1234.1319691506214,454.2428433895111,150.82507194718346,22.247189330868423,0.8473187337047421,6,191.34660157777333,13565,1200,249.98700985716317,2503.9768717436377,972.7893608855084,249.29632758331593,2542.297376930388,964.5904020273848,-0.6906822738472442,38.320505186750324,-8.198958858123547
1768,Train,Switching,1097.6060473243706,1212.44210684672,627.7496731840074,185.73987441603094,27.666181666310877,0.7907369457278401,7,198.29712618164427,10555,1195,249.97633534384806,2496.149214374587,1097.6060473243706,247.64297885182225,2545.0275229569015,1083.8548077460255,-2.333356492025814,48.87830858231473,-13.751239578345121
1769,Train,Switching,1048.6533110961318,981.6041004261933,730.7422103360295,218.80423043156043,23.0194955971092,0.8380526886996813,7,178.7567988157365,11075,1195,250.0204041696354,2495.5997734740204,1048.6533110961318,251.86435167506497,2524.671976239645,1039.4408358263877,1.8439475054295542,29.072202765624752,-9.212475269744118
1770,Train,Switching,1076.9612882868387,919.7819996858016,526.2899638153613,296.52934583835304,14.019074846524745,0.8464849313767627,7,181.75351611064602,12270,1200,249.9526249109837,2504.9440307419272,1076.9612882868387,251.10537004930956,2542.9779604535734,1082.9802983411817,1.1527451383258551,38.033929711646124,6.019010054342971
1771,Train,Switching,975.7857790915295,1073.86093797395,738.4463209658861,271.7705817031674,28.814328298904,0.7931984545919113,7,175.74160367390684,10260,1195,249.96388326780857,2496.4862846179262,975.7857790915295,248.1021289897958,2510.1526103511965,962.5999024228917,-1.8617542780127678,13.666325733270241,-13.185876668637889
1772,Train,Switching,1015.7127043581568,706.7384795751423,732.2516898624599,322.80968762468547,17.179321605246514,0.8456451265886427,7,171.58712365984192,12140,1200,250.0290675976322,2505.055789327931,1015.7127043581568,252.66368553983085,2516.0708392558313,1012.4902439358466,2.634617942198645,11.015049927900236,-3.222460422310178
1773,Train,Switching,1034.8029097076505,1244.3290660972707,375.96291806548834,92.88759132148698,10.372602436691523,0.8512959115975537,7,173.6517056961721,12485,1200,250.0382071869192,2504.772760944809,1034.8029097076505,251.16663569678923,2503.2404074473584,1041.3990414861282,1.1284285098700195,-1.5323534974504582,6.596131778477684
1774,Train,Switching,952.45355052175,1170.2337846858427,469.32208286598325,257.75605618953705,26.343237648252398,0.8435816677613184,6,188.17651507477515,13150,1200,249.99620798425676,2504.2668275746996,952.45355052175,252.41569768682774,2541.2806957498756,944.1724527923053,2.419489702570985,37.01386817517596,-8.281097729444696
1775,Validation,Switching,1023.3526008436456,1134.4276824151166,652.4715103209019,258.2150552025996,27.69247282948345,0.8044136088131927,7,181.73888045931795,10455,1195,249.95250590099386,2496.2604148140163,1023.3526008436456,250.0584411247415,2543.2483507000316,1002.6369373668446,0.1059352237476503,46.98793588601529,-20.71566347680107
1776,Validation,Switching,1052.4491947027855,1168.6323495581746,482.3646171949804,273.03978991229087,18.148225927259773,0.812129760151729,7,185.13037242897136,11115,1195,249.99895226795928,2495.5585352563676,1052.4491947027855,250.14931869116728,2482.0967705837825,1053.685461742081,0.15036642320799842,-13.461764672585105,1.236267039295626
1777,Validation,Switching,1029.7651496715844,1125.0582562177442,533.0000141635537,200.62673649052158,10.426501320675015,0.8514227472175845,7,172.78056943708393,11505,1195,249.98122929647934,2495.17969475716,1029.7651496715844,251.93294014242747,2477.6883340186996,1032.5432992625254,1.9517108459481278,-17.49136073846057,2.778149590940984
1778,Hidden Test,Switching,983.500669861678,980.950724077411,662.2702368535101,149.01611131615937,16.950086057651788,0.844691026234068,6,194.05530924257448,13920,1200,249.97878290802637,2503.742546095684,983.500669861678,249.9181797812698,2539.123738311522,980.5859343799978,-0.06060312675657542,35.38119221583838,-2.9147354816802817
1779,Hidden Test,Switching,1060.4018663754687,825.5015659728087,502.3354288190603,220.05139720393345,17.76341260690242,0.8077004534448498,7,187.55218009930806,13815,1200,249.98025684856572,2503.8105679074856,1060.4018663754687,247.29323164737917,2484.5878675157687,1065.4811227755995,-2.687025201186543,-19.2227003917169,5.0792564001308165
1780,Hidden Test,Switching,952.0644211559556,1102.8175229672343,436.68382642790675,261.6325628897175,8.066968023311347,0.7936352200247347,6,199.93745176914803,13850,1200,249.95616359002852,2503.7869377687366,952.0644211559556,254.72096476744673,2482.707488046476,951.477997874562,4.764801177418207,-21.079449722260506,-0.5864232813936496
1781,Train,Switching,1039.1769972164184,932.3747038724832,723.7892476841807,106.20543754892424,22.51587423682213,0.8305921783135273,7,178.7325484410775,12135,1200,250.00701447595006,2505.0591046878612,1039.1769972164184,251.48084189312627,2489.8540749374024,1027.611926732566,1.47382741717621,-15.205029750458834,-11.565070483852423
1782,Train,Switching,953.6748790298589,1091.5186108788475,700.2875667996705,146.59650662913918,17.61081977793947,0.7931320866709576,7,171.7737445280761,11035,1195,250.05277455484182,2495.6418137487835,953.6748790298589,254.47419596505372,2496.3715326101956,944.2429369940887,4.421421410211906,0.7297188614120387,-9.431942035770135
1783,Train,Switching,1030.8825955959037,1197.3260259372182,477.2414341568947,231.63574641337618,12.383783201687038,0.8088595384708606,7,182.06985913326366,11220,1195,250.02137287733953,2495.455155146947,1030.8825955959037,255.0319247060078,2554.3916768591794,1028.7713512221512,5.0105518286682695,58.93652171223221,-2.11124437375247
1784,Train,Switching,989.9098484660499,712.3553062789142,577.4634412489831,254.35759550426155,19.939287727233022,0.8221289434749633,7,172.01157283220465,13850,1200,250.0126164098757,2503.788959328059,989.9098484660499,246.96748439516037,2440.354763988274,986.2485525216963,-3.0451320147153353,-63.434195339784765,-3.661295944353583
1785,Train,Switching,989.8971516638994,781.0620418167673,472.21491504460573,252.43238218361512,14.157463414594531,0.8122207788866945,7,174.10768412372252,14205,1200,250.0330447898014,2503.5650352044486,989.8971516638994,250.8814180044784,2529.6282067697375,997.9497142326221,0.8483732146769967,26.06317156528894,8.052562568722692
1786,Train,Switching,1008.1914390088059,1208.5140904644504,669.922782573849,307.5568281766027,15.782513451296836,0.8580782304005697,6,195.82352814501152,11415,1195,250.03072438888702,2495.2667873625333,1008.1914390088059,254.04901491108535,2523.6284121416966,1002.1712562781188,4.018290522198328,28.36162477916332,-6.020182730687111
1787,Train,Switching,999.4818378938362,1213.731879054103,571.1856696754694,312.0273436489515,18.841975250281394,0.828331268306356,7,172.37441729208214,10200,1195,250.03606595390113,2496.560874209149,999.4818378938362,253.721407929293,2541.149485688635,992.1640986657433,3.6853419753918786,44.58861147948619,-7.3177392280929325
1788,Train,Switching,1040.0023695430718,944.8201361577958,467.28137684985995,253.8926264224574,24.10512940166518,0.8590798249840736,7,172.94291258712312,12835,1200,249.96823664237616,2504.4980850844504,1040.0023695430718,248.9337712676342,2490.125412314146,1035.4017555960731,-1.0344653747419557,-14.372672770304234,-4.600613946998692
1789,Train,Switching,966.0381499212235,1193.2672222028486,550.9116178378463,145.69295638473704,19.197410192340612,0.8485260491468944,6,189.7482799521349,13200,1200,249.96250927424686,2504.229704315444,966.0381499212235,254.2348059019048,2565.9848268536425,962.6038202538882,4.272296627657937,61.75512253819852,-3.434329667335305
1790,Train,Switching,981.9939661887474,1215.2489232597873,514.5742644555867,124.98132783919573,17.12899068230763,0.8422103384463117,6,194.3287247380318,13450,1200,249.9705928390087,2504.0547326108103,981.9939661887474,249.588105598856,2574.5972038703926,978.4689859476572,-0.38248724015269886,70.54247125958227,-3.5249802410902475
1791,Train,Switching,1064.2925188178197,774.6135178138502,700.2666346728802,120.31629062956199,10.875590509735048,0.7947304476960563,7,191.31239886847004,13405,1200,249.9746232041641,2504.0859575346685,1064.2925188178197,249.68856945066474,2475.1086334015713,1074.1449895554417,-0.2860537534993455,-28.977324133097227,9.85247073762207
1792,Train,Switching,1092.3430310445838,683.025287464261,362.3450039885938,243.86956453789026,12.041789398994297,0.8558409066777677,7,182.3341268422152,16590,1200,250.03165533289203,2502.3049230496936,1092.3430310445838,249.52519251328647,2448.8326322626294,1104.1933838687648,-0.5064628196055594,-53.47229078706414,11.850352824181073
1793,Train,Switching,965.2621428482234,1049.5167519315146,426.8941456452012,281.379542297218,16.06601575948298,0.8475131098483689,6,189.82246048892415,14195,1200,250.0177834205711,2503.570671178795,965.2621428482234,250.7337696349833,2521.8088052200183,970.1322504121148,0.7159862144121973,18.238134041223475,4.870107563891338
1794,Train,Switching,995.9549938910641,693.6724505620077,497.20978969708085,123.51420165039599,11.125682436395437,0.795571161643602,7,178.83916826200712,16270,1200,249.99354390789446,2502.4513645676434,995.9549938910641,249.9090259236142,2445.6108034479444,1006.5630276833608,-0.08451798428026791,-56.84056111969903,10.608033792296737
1795,Validation,Switching,1015.916833630763,829.274247365538,546.947879716754,307.44544938905165,25.21819478739053,0.8436835619877093,7,172.02062807889624,12700,1200,249.96293156448695,2504.600965696155,1015.916833630763,251.03759007526054,2511.530768895672,1006.2055693296439,1.0746585107735882,6.929803199516755,-9.711264301119058
1796,Validation,Switching,1066.085368336644,743.6099093873054,588.6874380521476,143.90683760400862,15.733422897290438,0.8439051156304778,7,180.4680490040597,14485,1200,249.96546189830156,2503.393279801975,1066.085368336644,247.82650646347935,2446.430507339183,1069.8174215375518,-2.1389554348222077,-56.962772462792145,3.732053200907785
1797,Validation,Switching,1049.5590934995562,1187.2426936286502,687.2654838487506,157.4565816973336,27.85867377370596,0.7904985060007311,7,189.67399965831282,10525,1195,250.00814540937114,2496.184187950874,1049.5590934995562,248.6462357504019,2524.896446096574,1032.0329984109292,-1.361909658969239,28.71225814570016,-17.526095088627017
1798,Hidden Test,Switching,961.0355182667263,952.963513485156,716.601884085685,139.70932124182582,27.09221981326118,0.8548396126320585,6,187.37150690129454,13790,1200,249.9986652175981,2503.8275571369873,961.0355182667263,251.15173601018617,2548.055435923511,946.8976734886064,1.1530707925880677,44.22787878652389,-14.13784477811987
1799,Hidden Test,Switching,1085.9739377396181,834.5470130559988,362.52382695674896,278.43273231526837,12.644117745570838,0.8068125417805277,7,192.2864679575149,14495,1200,250.01924997850293,2503.389201395236,1085.9739377396181,250.43668781805957,2452.8245397131927,1098.2950535252555,0.4174378395566407,-50.56466168204315,12.321115785637403
1800,Hidden Test,Switching,952.1470998297445,759.2686397023499,587.5044531188905,201.40931899193674,21.702660111244768,0.8330027980450541,6,190.5049823090443,16115,1200,249.98904340668622,2502.524810961983,952.1470998297445,250.21648019060925,2504.265431556549,948.6953943875419,0.22743678392302513,1.7406205945662805,-3.4517054422026376
1801,Train,Switching,1002.2261472418904,656.9746822468005,526.2529464438558,286.31665509426966,11.461724853143096,0.7987648699549027,7,179.24569454310395,14555,1200,250.04018215694512,2503.354511184769,1002.2261472418904,250.47044773548745,2513.5096530310207,1009.8985000155624,0.4302655785423326,10.155141846251809,7.672352773671946
1802,Train,Switching,1017.7472785697319,921.8430750304833,533.3287985064089,244.22566841356456,11.496511195320636,0.7947437297226861,7,182.94258001612303,12585,1200,250.01334460636525,2504.692532971202,1017.7472785697319,249.2386356203036,2511.164629046213,1022.9419593491089,-0.7747089860616541,6.472096075010995,5.194680779376995
1803,Train,Switching,965.4806840000674,1124.0967685938813,459.03871543705463,181.40003281412646,25.48004958126694,0.8432087619486265,6,190.83464806684304,14140,1200,250.00495966543335,2503.6043264148498,965.4806840000674,250.05671808974682,2552.7516061555953,960.563601359537,0.051758424313476326,49.14727974074549,-4.917082640530452
1804,Train,Switching,1006.3589306897484,1182.905047154054,735.8820210210979,308.4170825732872,8.298081878107041,0.8025098003074527,7,179.14492941024312,9600,1195,249.94601638497662,2497.31597996566,1006.3589306897484,256.4382981789241,2525.340620439924,994.8074812251716,6.4922817939474555,28.024640474263833,-11.551449464576763
1805,Train,Switching,1040.266923746094,758.8542072917335,474.8224338516593,177.58382645668462,10.441982943564653,0.8054401938640513,7,184.50725661232622,15155,1200,250.02186187119818,2503.015229433993,1040.266923746094,250.5184400750291,2492.081510185381,1049.379528280636,0.49657820383092144,-10.933719248612306,9.112604534541788
1806,Train,Switching,1075.7615218055435,1174.1387952817604,461.7911105044186,325.3997228294611,10.874053771141917,0.8458310626400635,7,181.69138518171127,10905,1195,250.0295196924619,2495.7747199839555,1075.7615218055435,250.80994306001784,2506.5510643687467,1073.848242075006,0.7804233675559544,10.776344384791173,-1.913279730537397
1807,Train,Switching,1061.0741568962112,1017.810734838713,421.9086714088917,252.31504659866914,9.05218458082527,0.8432410250394605,7,179.76120458163308,12640,1200,250.0179315749056,2504.6496709569087,1061.0741568962112,253.61710248121915,2559.828433037205,1061.4505314309438,3.59917090631356,55.17876208029611,0.37637453473257665
1808,Train,Switching,1001.7442159238271,714.490151964128,549.1644754074514,294.2842357279733,10.331304618623108,0.8091348469164222,7,176.86337092750202,13725,1200,249.96411485131685,2503.8690737098746,1001.7442159238271,250.583682058514,2513.8582239431043,1002.9631338829103,0.6195672071971501,9.989150233229793,1.2189179590831145
1809,Train,Switching,968.9294808544219,944.627410674002,654.120815731585,327.0205035642721,17.918683560565114,0.7961954615195282,7,173.84989484962347,11105,1195,249.9988670032844,2495.5685754103547,968.9294808544219,252.91965565611724,2514.608904376611,968.0233845479903,2.92078865283284,19.04032896625631,-0.9060963064315501
1810,Train,Switching,956.008001754526,619.63280972559,384.4939508475363,166.22605283744633,28.20622943388298,0.8003152301395312,6,199.0898847836601,21320,1200,250.01871854996796,2500.6395923977934,956.008001754526,245.58155969419624,2494.4816822487633,957.1625123697787,-4.437158855771713,-6.157910149030158,1.1545106152526614
1811,Train,Switching,994.5447535952553,1212.6827992149629,374.49690364301205,206.85223360313103,10.037661549635231,0.802041279047262,7,177.1452737581691,11920,1195,249.98927250164505,2494.8049044639083,994.5447535952553,255.2112461408509,2552.01862803621,1001.8518166760437,5.221973639205856,57.21372357230166,7.307063080788339
1812,Train,Switching,1036.0232328413986,1063.9072744641453,571.2133008055389,307.46908047702163,10.657424672972411,0.8313549652881921,7,178.026625397055,11010,1195,250.02498122757186,2495.6660853919325,1036.0232328413986,250.22807062957145,2515.784226406819,1036.704054996968,0.20308940199959125,20.118141014886533,0.6808221555693308
1813,Train,Switching,1052.6017003227025,732.7726501855068,533.996438793838,309.1940639843233,13.136603906750679,0.8498543895618059,7,176.93815943247057,13570,1200,250.00052432283906,2503.973996706032,1052.6017003227025,251.0329614363256,2459.2965585055313,1054.9733256512332,1.0324371134865373,-44.677438200500546,2.3716253285306266
1814,Train,Switching,1025.1079623703845,1104.7239606967196,444.8448550887406,159.2773594148457,26.101335054729134,0.8152173994993791,7,179.63796493336767,12515,1200,250.00541548412332,2504.7475353550763,1025.1079623703845,252.05400629898807,2498.239105207666,1020.4627936232522,2.0485908148647525,-6.508430147410309,-4.6451687471322884
1815,Validation,Switching,1038.6485618771985,959.0983057511039,725.892023742199,183.27917052200064,14.1890511168167,0.8075118195614778,7,183.74760887467176,11445,1195,249.95997607333763,2495.2352555367665,1038.6485618771985,252.65585649522046,2521.0917074828244,1040.1935272252165,2.6958804218828334,25.85645194605786,1.5449653480179677
1816,Validation,Switching,1027.935812890064,1225.5644618533552,558.8065466843545,212.21685274038464,13.792572011705488,0.8285677074361593,7,177.23110851664913,10710,1195,249.9729846198093,2495.9791100194966,1027.935812890064,256.0196473492678,2569.802009090499,1030.6874836752745,6.046662729458518,73.82289907100221,2.7516707852105355
1817,Validation,Switching,1013.7828454375267,1146.9190786010586,677.8477596119046,134.0594966732897,24.95910486392677,0.8575090280664154,6,197.04026668257376,12735,1200,249.9561286901497,2504.5737598805476,1013.7828454375267,251.02715809684096,2508.0841249120094,998.2669105455506,1.0710294066912525,3.510365031461788,-15.515934891976144
1818,Hidden Test,Switching,999.4848555536009,879.9357319483534,674.7172401286662,116.59522323869169,27.62209713133052,0.8295214378880338,7,172.12761994060008,12795,1200,249.97516929448835,2504.528669994572,999.4848555536009,249.97735518499277,2494.2443721998757,992.8806550499284,0.002185890504421195,-10.284297794696158,-6.604200503672587
1819,Hidden Test,Switching,969.6677849395201,838.9254857436754,533.1394914537668,302.7745439740829,17.400639914907515,0.8451977262902074,6,191.21123077232355,14895,1200,249.96668781480398,2503.1567792748374,969.6677849395201,247.89110571133014,2473.3887357186068,975.6024644976884,-2.0755821034738346,-29.768043556230623,5.934679558168341
1820,Hidden Test,Switching,1023.4760828665458,653.0557430814952,666.4288665167987,238.41628971975297,24.16232332168147,0.8104289185255766,7,180.4117124138886,13725,1200,249.95832426029233,2503.8688527151103,1023.4760828665458,245.75162608481585,2488.9744075996473,1017.309925959368,-4.206698175476475,-14.894445115462986,-6.166156907177765
1821,Train,Switching,959.3500405084342,650.2124884049408,655.0501024350524,90.11430920334533,14.99984486028552,0.7962349705048837,7,172.1225654030459,15325,1200,249.98101699690207,2502.9227680105323,959.3500405084342,247.72463095875224,2457.9444626905824,968.0214092280622,-2.2563860381498273,-44.97830531994987,8.671368719628049
1822,Train,Switching,1083.9965432998724,953.8011363474652,713.0295057781041,194.08280488103628,29.10342081123963,0.8495614856062458,7,182.27833025214585,11490,1195,249.95511382257772,2495.1926129020576,1083.9965432998724,250.11109928940922,2477.2850157988746,1063.245049392969,0.1559854668315097,-17.90759710318298,-20.751493906903534
1823,Train,Switching,1054.6879630768672,674.3197790463455,709.1761849820614,226.0840342915617,15.585261634550989,0.84986828395864,7,177.28595342935938,13285,1200,249.9707793951221,2504.16968708622,1054.6879630768672,253.1032757112249,2474.633704097316,1059.8309975310278,3.1324963161028165,-29.53598298890438,5.14303445416067
1824,Train,Switching,1020.633065502625,984.6524618566036,437.7021818421781,185.41127540636808,9.07472446700558,0.7993448023032398,7,182.40529396464328,13300,1200,249.97082527925073,2504.159126968295,1020.633065502625,252.2457342424943,2527.5979145193114,1030.1569347081386,2.2749089632435755,23.438787551016503,9.52386920551362
1825,Train,Switching,1020.8384222351015,860.7846721424721,602.2105420008302,109.28195061394945,16.611915612593293,0.8409999230806716,7,173.40555726223448,13600,1200,249.96727701963002,2503.952539831485,1020.8384222351015,251.94830237748758,2517.72430783001,1018.7398735911019,1.9810253578575612,13.771767998524865,-2.0985486439996066
1826,Train,Switching,1097.4327342235483,1065.155806695111,671.5897613205016,262.4307481292635,16.804123290348798,0.8043607012042776,7,194.90771323655588,10695,1195,249.94658785440132,2495.9941151499943,1097.4327342235483,251.35260749930623,2470.1266118576773,1088.83806496843,1.4060196449049158,-25.867503292316997,-8.594669255118333
1827,Train,Switching,1079.0607422357425,1108.647295983974,407.7180963009596,147.9203399340622,22.3304249541834,0.8211511375824921,7,187.72614144935062,12850,1200,250.003695923044,2504.4881401043936,1079.0607422357425,251.99884496597042,2568.5266597033715,1077.8716347271213,1.995149042926414,64.03851959897793,-1.1891075086211913
1828,Train,Switching,1008.7308894260786,682.9059377778322,509.70697132870555,293.0488142138347,20.01167232496664,0.7965870334021747,7,180.9022827796894,14395,1200,250.00392950096892,2503.448334023792,1008.7308894260786,251.09699716042738,2473.0049551519423,1016.563135723973,1.0930676594584554,-30.443378871849745,7.832246297894358
1829,Train,Switching,1032.9537129495293,1095.9825483965687,414.50091134756804,251.17999988840893,25.453149743378162,0.8258593834401109,7,178.68031664297007,12140,1200,250.0099137810359,2505.054995331213,1032.9537129495293,252.25605510643254,2529.1029023479914,1027.777675104266,2.24614132539665,24.04790701677848,-5.176037845263181
1830,Train,Switching,1074.7214044560678,1168.3705396717414,704.4561770744622,119.10753643140197,10.736401586327702,0.790139928474091,7,194.3094174528152,10735,1195,249.97241034294532,2495.9521333092866,1074.7214044560678,253.8783124517983,2534.3379620319147,1068.7003138707967,3.9059021088529846,38.38582872262805,-6.021090585271168
1831,Train,Switching,1007.0209394441918,663.4336698916741,616.3511514663696,233.01359252771363,8.802488344721496,0.8380629321164452,7,171.65791337770844,14135,1200,249.9721969445452,2503.606302126912,1007.0209394441918,249.58798022553262,2454.3440661602694,1009.8314439118583,-0.3842167190125849,-49.26223596664249,2.810504467666533
1832,Train,Switching,1055.9623584966175,1164.1427055932581,436.4441848360002,205.74458273593336,13.332405996974558,0.8099996665213257,7,186.23682420435313,11840,1195,250.01395247152092,2494.8762042017074,1055.9623584966175,254.56204432162218,2510.328339107445,1058.522673657295,4.548091850101258,15.452134905737694,2.560315160677419
1833,Train,Switching,1012.0359657332301,605.5133033893071,648.3189346268773,216.9293700554408,22.846350273117423,0.8230331787583418,7,175.66310844409958,14540,1200,249.9896430805692,2503.3615974729064,1012.0359657332301,250.37450171367533,2511.028334636798,1010.6486820332113,0.3848586331061199,7.666737163891412,-1.38728370001877
1834,Train,Switching,1023.1879529193975,1088.5545429075137,537.0629609562457,248.44555246643722,20.516784687060863,0.7907150353165344,7,184.8576301592648,11410,1195,249.968501466836,2495.268840464078,1023.1879529193975,248.03189382988958,2478.8565144477566,1013.6503811754188,-1.9366076369464054,-16.412326016321458,-9.537571743978674
1835,Validation,Switching,1055.926655116491,1037.744550278876,689.075155928731,310.2184125292115,17.867631749249995,0.824780186477583,7,182.8931726171401,10500,1195,250.03675134888715,2496.2135979372206,1055.926655116491,254.22299655064663,2524.3863018436264,1047.7538934982053,4.186245201759476,28.172703906405786,-8.172761618285676
1836,Validation,Switching,1016.2096305168234,906.1335825826973,537.6877824775875,267.84730962943286,16.98285739449784,0.8087665924802423,7,179.49901208746167,12495,1200,250.01794337925563,2504.7639656891038,1016.2096305168234,252.26734525981442,2480.8594667288453,1010.8879218391148,2.2494018805587928,-23.90449896025848,-5.321708677708557
1837,Validation,Switching,983.6932314094156,866.1617982084863,516.5274849161506,115.1607779157348,12.653191987425089,0.8459566132002511,6,193.80293190374294,16655,1200,249.96612584187366,2502.273672664567,983.6932314094156,250.97028521492555,2500.7693127674124,987.9194257689923,1.0041593730518912,-1.5043598971546999,4.2261943595766525
1838,Hidden Test,Switching,997.7108409744687,916.2606351776049,711.361960042268,149.3540908396244,23.582320074085146,0.7980016744835302,7,178.60879832295575,12035,1200,250.00192387523487,2505.1441366848894,997.7108409744687,249.7708207591454,2484.502350618641,988.0372824818893,-0.23110311608945722,-20.641786066248642,-9.673558492579446
1839,Hidden Test,Switching,952.0911822328344,1078.9039866183884,449.5508648455143,203.58385551488027,27.89837513770908,0.8474941519438289,6,187.2365294102816,14405,1200,249.9998499061861,2503.4421803323407,952.0911822328344,249.62168426231486,2517.7999066723373,939.670886629891,-0.37816564387125595,14.357726339996589,-12.420295602943384
1840,Hidden Test,Switching,963.7457553180866,984.717814065516,579.477898683399,201.08323362190276,19.30461120000109,0.8382082911487669,6,191.62813616753704,14135,1200,250.02169858786615,2503.6080358308113,963.7457553180866,252.27603349442822,2481.825995358519,966.5427646310843,2.2543349065620646,-21.782040472292465,2.797009312997716
1841,Train,Switching,996.3238974101841,1123.2364916591905,457.52196703106165,265.37472939351574,23.880544679239392,0.8498999747564085,6,195.38061870079525,13515,1200,250.0045249264044,2504.0114661552625,996.3238974101841,249.9161307246487,2539.734881796668,982.1624121372557,-0.08839420175570467,35.72341564140561,-14.161485272928417
1842,Train,Switching,1047.1174664446153,973.723649722524,603.2298871316016,312.6905739028007,15.615744621027261,0.804346216195263,7,185.9749029462381,11315,1195,249.94807875638602,2495.3591629796315,1047.1174664446153,254.52379360028613,2536.266288130449,1043.7317794980663,4.575714843900101,40.90712515081759,-3.385686946548958
1843,Train,Switching,1023.6754623940215,965.9569527604617,596.3001783937216,141.79249909473583,27.23439393658191,0.8496934049273841,7,172.1083757064965,12550,1200,250.000916374408,2504.719613707605,1023.6754623940215,248.77223769192304,2502.298273449421,1014.2202542531401,-1.2286786824849685,-2.4213402581840455,-9.455208140881382
1844,Train,Switching,951.9108222215436,802.663547033444,592.5046312622726,277.36188964452595,17.5372242028825,0.8450766312517226,6,187.73658841872893,14920,1200,250.04097805584752,2503.145256026994,951.9108222215436,250.85812856879247,2471.520518733839,958.4456430078775,0.8171505129449486,-31.62473729315525,6.534820786333853
1845,Train,Switching,994.7464485187083,676.4001287403516,459.3758253380656,136.31127051310614,14.737968266010284,0.8212501514540054,7,173.03696717872862,16810,1200,249.976722664237,2502.2050741517924,994.7464485187083,248.3976886916942,2437.5240868879837,1005.6237215709651,-1.5790339725427884,-64.68098726380867,10.877273052256783
1846,Train,Switching,1071.6640220140107,997.1632906934246,368.3911723084748,242.82122069969773,12.52338986704126,0.8559016026323661,7,178.86969695682924,13295,1200,249.9716975226419,2504.162676529964,1071.6640220140107,252.74837472897596,2490.312388607912,1081.358510330634,2.776677206334057,-13.850287922051848,9.694488316623392
1847,Train,Switching,1073.6098387511447,609.78226197185,641.109462082386,249.87492045154795,17.766381333582103,0.8507179241231643,7,180.2863555101274,14250,1200,250.00183136082535,2503.5362627909967,1073.6098387511447,249.23682969048372,2440.5377648386598,1075.3670959160731,-0.7650016703416327,-62.99849795233695,1.7572571649284328
1848,Train,Switching,979.3564668740146,636.545881908387,434.6324554644525,162.72447308991104,9.107654010411352,0.8313164670486004,6,196.3464989353967,20220,1200,249.9942952834759,2500.956681463085,979.3564668740146,249.99720890681252,2518.4460675933474,996.0925680784969,0.0029136233366102715,17.489386130262574,16.73610120448234
1849,Train,Switching,1015.6553994864225,770.0414447463118,620.3141765668988,329.48575400048867,15.365129781886935,0.8340481069427915,7,173.963141082955,12435,1200,250.00536798262476,2504.811540613976,1015.6553994864225,248.62121783375372,2531.987086557249,1022.6168956419508,-1.3841501488710435,27.175545943272937,6.961496155528266
1850,Train,Switching,968.9430880011059,942.1826927224174,473.1064395047724,230.4024190362543,20.80957166524604,0.81376687430311,6,198.4481302524725,15160,1200,249.98629042177387,2503.0113425641835,968.9430880011059,247.00756970597192,2476.184567805071,969.6912485391728,-2.9787207158019555,-26.826774759112595,0.748160538066827
1851,Train,Switching,963.0138558102772,1136.2621225998737,511.88599206507206,189.6058145049028,23.611707457341254,0.8299284020322375,6,193.3929588488506,13575,1200,249.97465122549804,2503.969657004985,963.0138558102772,252.2842351688547,2522.1653303682015,956.7706414861393,2.309583943356671,18.19567336321643,-6.243214324137853
1852,Train,Switching,1034.9524874589406,1139.9237524252385,403.8152630440891,170.71603219490498,22.300547133665532,0.8517627818882466,7,173.58161039099681,12475,1200,250.0242274452136,2504.780185723463,1034.9524874589406,246.9138841707465,2548.1953049541594,1026.0600225275373,-3.110343274467084,43.41511923069629,-8.89246493140331
1853,Train,Switching,1004.1221495252103,1060.8441349933855,526.7655676230788,80.54687150986865,15.947892244905233,0.8298759654560127,7,172.85236268039338,12820,1200,249.99999048063088,2504.510673049304,1004.1221495252103,253.8884661546909,2487.917248452591,1006.5578041574182,3.888475674060004,-16.593424596712794,2.4356546322079566
1854,Train,Switching,1033.0627095070668,781.7939336178824,565.8766080625355,145.9140506759286,20.69121420616284,0.817109118285589,7,180.61282608384388,14320,1200,250.0276865227037,2503.494454629025,1033.0627095070668,246.1416857803536,2513.6487319996018,1037.5743889135724,-3.8860007423500917,10.154277370576892,4.511679406505664
1855,Validation,Switching,1023.0828561121598,931.4145843614824,451.2175254523754,327.4880027002655,10.350625432096422,0.7963345408602618,7,183.534288959036,12505,1200,249.9915047991954,2504.7549511989673,1023.0828561121598,254.0508954583261,2493.731838698822,1030.8514652073297,4.059390659130685,-11.023112500145544,7.76860909516995
1856,Validation,Switching,979.9493202823214,1153.5968836396933,507.65202632173896,225.96273854840547,24.403136448469013,0.8087421286385507,7,173.09937875500276,11330,1195,249.9574845667702,2495.3450621297707,979.9493202823214,253.08163011012266,2481.589800231651,965.8831074384875,3.124145543352455,-13.755261898119443,-14.06621284383391
1857,Validation,Switching,1087.8595086745918,747.7093401714228,530.2418584004045,313.61320147523656,14.441825399175286,0.8046874561463483,7,193.12902177384422,13435,1200,249.9637061464546,2504.0648146855538,1087.8595086745918,249.16338274272573,2465.4833599488193,1092.5517102293866,-0.8003234037288678,-38.581454736734486,4.692201554794792
1858,Hidden Test,Switching,959.4407079392113,729.1017501847818,746.4126192964613,85.97601966001093,11.796458416152745,0.7999865883449093,6,199.88683183722623,15980,1200,250.0254733455814,2502.5912124456586,959.4407079392113,251.84292793184568,2497.3263347456377,970.9953990144418,1.8174545862642901,-5.264877700020861,11.554691075230494
1859,Hidden Test,Switching,1050.910123786889,639.895125257317,741.884995624423,121.7305824230425,21.791774307377636,0.7910260827909225,7,189.79148848562357,14225,1200,250.0196275746901,2503.552236506078,1050.910123786889,248.10546297990814,2508.981833614532,1049.5250899547834,-1.9141645947819654,5.429597108454345,-1.3850338321055915
1860,Hidden Test,Switching,963.4901247336529,1186.2240780610591,495.83308724686503,151.2354857241735,12.918498031329364,0.8540471169911326,6,188.0243891242784,13610,1200,250.0104823044479,2503.947397011589,963.4901247336529,249.8220799003123,2541.17962269812,962.552842330379,-0.18840240413558718,37.23222568653091,-0.9372824032739118
1861,Train,Switching,1083.4686460439116,961.6878973203711,504.2962295934558,96.24452258693054,27.62188833206892,0.8436754667968489,7,183.46063295734123,13690,1200,250.0135820713577,2503.8940454144736,1083.4686460439116,247.28000604911853,2523.8695959229144,1080.2323709810544,-2.7335760222391627,19.975550508440847,-3.236275062857203
1862,Train,Switching,1095.0579769094475,879.1767071699724,388.1207880564034,266.9792337529361,22.791004730854183,0.7910917469253764,7,197.74805444780282,13940,1200,250.0240753277776,2503.7313316947343,1095.0579769094475,250.60167694975124,2478.4962167511967,1088.373711978477,0.5776016219736277,-25.23511494353761,-6.6842649309703575
1863,Train,Switching,1032.2133249836043,1120.7736291107722,490.5783325433731,232.12746703764424,10.735728862695396,0.7972503246343695,7,184.95953136658304,11600,1195,249.98346044366167,2495.0915488567575,1032.2133249836043,250.84470971240745,2548.0820655139414,1035.6437177879147,0.8612492687457802,52.99051665718389,3.430392804310486
1864,Train,Switching,1005.0662276218645,1241.0840799100697,461.72707146033645,203.7810660386458,28.940917370375246,0.84625269764103,6,197.9444655289401,13085,1200,249.9773163392569,2504.3131325279837,1005.0662276218645,247.74341789481582,2562.599733772045,983.8895643242752,-2.233898444441081,58.28660124406133,-21.176663297589357
1865,Train,Switching,1046.3872099295259,626.0786064318381,562.8093155100942,155.20414289319888,28.67703396640718,0.8127704569068738,7,183.9189476714913,15910,1200,249.98539806213222,2502.6242287278183,1046.3872099295259,245.98468366779497,2506.589102859741,1044.6894545048222,-4.000714394337251,3.9648741319228975,-1.6977554247037006
1866,Train,Switching,1061.5145125077106,727.1490693325177,570.3537792898715,123.06228901259601,13.775940243620425,0.8031329790176824,7,188.81671444213677,15055,1200,250.00972211764653,2503.0693937792007,1061.5145125077106,249.6153492344906,2479.8793422143513,1073.1101907643401,-0.3943728831559383,-23.190051564849455,11.595678256629526
1867,Train,Switching,1071.4339951751754,626.9930037320592,401.0654080659151,169.2425665515475,11.705346287228167,0.8304798668506556,7,184.3054906209597,17860,1200,249.97676453107448,2501.769728455168,1071.4339951751754,246.9875804636302,2464.0542564186608,1089.2405582692436,-2.9891840674442847,-37.715472036507435,17.806563094068224
1868,Train,Switching,965.0096768862568,677.260267501697,719.3584273569286,99.20217543374747,13.287114951293916,0.8288429933413863,6,194.04754270687823,16680,1200,250.0022041537509,2502.2635478144102,965.0096768862568,247.6419992216194,2481.604528615944,974.182210314041,-2.3602049321315235,-20.659019198466012,9.172533427784174
1869,Train,Switching,963.75736980699,909.3487626756541,720.8534618839622,175.66849452676252,22.06848542764783,0.792863480153028,7,173.64858857109718,11840,1195,249.95039971916594,2494.8735332356537,963.75736980699,251.6267127823107,2486.886510732615,961.7971993932123,1.676313063144761,-7.987022503038588,-1.960170413777746
1870,Train,Switching,965.7319279504009,1132.054626639001,676.6772096045315,127.96510748565197,23.800800228957087,0.8160737279010937,6,197.23134788205584,12885,1200,250.0431306627068,2504.463343070431,965.7319279504009,250.93636596731227,2555.5320086838888,959.9343799921718,0.8932353046054686,51.0686656134576,-5.7975479582290745
1871,Train,Switching,1047.1788233378902,887.415689707268,568.0641062557697,111.807858904358,11.111659734509885,0.7983143469481729,7,187.39106385152775,13645,1200,249.99837503977548,2503.9234948965145,1047.1788233378902,251.25162955930472,2505.5828622273543,1055.6691916841983,1.2532545195292357,1.6593673308398138,8.49036834630806
1872,Train,Switching,961.6166546824388,806.0304237529635,562.0255901478231,323.6674964847043,25.477081218268722,0.8021174268331379,6,199.80795465302052,14750,1200,250.02887715915392,2503.241023627419,961.6166546824388,250.16327216807161,2507.481317199904,957.9322316726384,0.13439500891769285,4.240293572484916,-3.684423009800412
1873,Train,Switching,1026.9325301982462,1056.0332042514347,579.3851086869836,169.04024405637756,9.87043428607285,0.8403475662251003,7,174.5761552332275,11850,1195,249.96557669242125,2494.8653470096783,1026.9325301982462,252.04331592454864,2480.9955412507384,1033.7814786098097,2.077739232127385,-13.869805758939947,6.84894841156347
1874,Train,Switching,1000.6462026038207,1058.4637225838378,615.4018738307059,172.7907780278474,19.335614040959626,0.8159478027606384,7,175.194365413061,11580,1195,249.98274068000657,2495.1099654365416,1000.6462026038207,249.25454631817786,2552.299552382895,996.5691102606999,-0.728194361828713,57.1895869463533,-4.077092343120853
1875,Validation,Switching,998.4714830061421,732.8643098124303,423.0675186961889,83.74060188187286,19.824068752117455,0.8575599072570913,6,194.05281476675626,20125,1200,249.98338748331585,2500.985469558676,998.4714830061421,247.6111542858973,2463.2915582574246,1006.5169031910641,-2.372233197418552,-37.69391130125132,8.045420184922023
1876,Validation,Switching,980.9954998432659,685.7428348157555,408.80977092310786,97.73310953285545,9.15827090991661,0.8093448956497014,7,173.15512214458903,17935,1200,249.97495418586635,2501.7405336057395,980.9954998432659,247.24825463236002,2448.671422046753,992.8325839673004,-2.726699553506336,-53.069111558986606,11.837084124034504
1877,Validation,Switching,957.8414664138108,1043.2681258651428,615.0152979418635,257.02116846339777,27.311910673975945,0.8450712120370009,6,188.9074460571165,13025,1200,249.9680895292421,2504.356603793592,957.8414664138108,251.01254726448803,2547.6583382583894,939.3996767596833,1.0444577352459419,43.30173446479739,-18.441789654127547
1878,Hidden Test,Switching,975.7344153826125,1090.4247356345877,618.631596583873,144.20685024932027,27.045685386750847,0.7984696081792936,7,174.57224337791573,11540,1195,250.01072070719158,2495.148264739291,975.7344153826125,249.5238584173783,2559.3311675793475,968.5672927293248,-0.4868622898132742,64.18290284005661,-7.16712265328772
1879,Hidden Test,Switching,1034.7837602021173,920.0627090525813,463.3722648024559,244.6859356551431,22.61357658635825,0.8433301470777952,7,175.28870747675134,13135,1200,249.9954670449794,2504.2776174384403,1034.7837602021173,252.23236313002758,2479.744254398308,1036.395582046636,2.236896085048187,-24.53336304013237,1.6118218445187722
1880,Hidden Test,Switching,1013.2330897147767,790.9599668346345,745.224370714277,167.55648194346577,9.066906770225614,0.8351347437966615,7,173.32243128446734,12550,1200,249.95517920591936,2504.7178160584294,1013.2330897147767,249.52098024184016,2532.2730309379353,1020.9463811797295,-0.4341989640792008,27.55521487950591,7.7132914649528175
1881,Train,Switching,950.9286321699619,673.1159078306518,356.10830653458834,282.10104674333706,12.738575277850032,0.8542977323126979,6,185.51858370572035,19025,1200,249.9788231423228,2501.342988522827,950.9286321699619,249.29211389067297,2469.9023703891617,965.1134039877039,-0.6867092516498303,-31.44061813366534,14.18477181774199
1882,Train,Switching,1054.719212523196,1174.7532638022676,676.0767088271677,160.11733158491552,17.712856974918395,0.8041580455051736,7,187.36885623390813,10635,1195,250.00780002675194,2496.062350920429,1054.719212523196,251.6289336348279,2478.9906608979877,1053.3034568648472,1.6211336080759509,-17.07169002244109,-1.415755658348644
1883,Train,Switching,950.3147282404825,1069.883635325823,695.5599371343851,110.49112594453618,12.43782436195761,0.7925123092043214,6,199.85277982508435,13300,1200,249.99863888028156,2504.1601637711597,950.3147282404825,251.28144876204286,2496.5690559203067,950.0122036230609,1.2828098817612954,-7.59110785085295,-0.3025246174215681
1884,Train,Switching,985.9733313671313,794.1509708296508,564.255019556731,161.78428548853844,12.120142634492368,0.8014932803064585,7,175.7386325167826,14070,1200,250.03856913927663,2503.649331633923,985.9733313671313,248.723518184965,2495.9941251421405,997.628554233634,-1.31505095431163,-7.655206491782337,11.65522286650264
1885,Train,Switching,979.8893890809268,1123.3372107963078,426.45840402692556,217.118817132432,8.713183205574751,0.8487642195471563,6,192.41491855923,14120,1200,249.9875091203839,2503.6161962496853,979.8893890809268,251.85770100786357,2498.436535263537,977.4793149980516,1.8701918874796775,-5.179660986148519,-2.4100740828752123
1886,Train,Switching,965.2947597322054,1013.1982623366639,559.883149433881,232.33663748949766,25.64700953895226,0.8591928360937163,6,187.24837218942935,13820,1200,250.0084376157825,2503.8083138985876,965.2947597322054,251.19331564878112,2554.162931630911,951.7657788033305,1.1848780329986255,50.35461773232328,-13.528980928874944
1887,Train,Switching,960.4867194080725,998.8093107123859,424.68167170882225,82.5176978087984,15.036672136746347,0.8214424508227967,6,194.87807057086033,16565,1200,249.9695943726759,2502.314380910875,960.4867194080725,247.52251028917755,2482.2044219624127,968.1848917491207,-2.4470840834983676,-20.109958948462463,7.698172341048121
1888,Train,Switching,1004.0015121805482,610.714265704155,514.0402405522764,314.89529185462743,20.732835890259594,0.8245345946680754,7,173.95120639189517,14855,1200,250.00272992004432,2503.180489404764,1004.0015121805482,251.05958333414807,2438.0235618997403,1011.3052579609108,1.056853414103756,-65.15692750502376,7.303745780362647
1889,Train,Switching,955.9189080260694,841.7665860964917,737.794735468924,159.05224995920435,8.473469728603959,0.7944338633422741,7,171.89579939254014,12300,1200,249.99023504854097,2504.9208173225593,955.9189080260694,253.74888717197942,2535.520670165026,962.9790494472387,3.758652123438452,30.59985284246659,7.060141421169305
1890,Train,Switching,983.217928709928,635.516384546645,696.7271917499602,188.29674475826323,25.43154523568228,0.853722016424872,6,191.94732199975846,16410,1200,250.02024720487907,2502.386887985935,983.217928709928,248.3343496628793,2469.488647395086,983.0190252273696,-1.6858975419997648,-32.89824059084913,-0.1989034825583076
1891,Train,Switching,966.1268435185775,685.0111433886923,520.3958433121443,227.19771005911753,14.80707683134824,0.8051333487848752,6,199.99313260274985,17415,1200,249.9873799720605,2501.948124394953,966.1268435185775,247.36669487929794,2462.0236696063785,978.4267938267899,-2.6206850927625567,-39.92445478857462,12.299950308212374
1892,Train,Switching,1090.9282598062418,1020.6114493776113,458.4427389316261,170.27959627564996,25.95267931325361,0.7923144191317261,7,196.69829362543035,12965,1200,249.97502727491897,2504.4011018268257,1090.9282598062418,249.71300974209475,2495.4215835097866,1087.2654991777438,-0.2620175328242169,-8.979518317039037,-3.662760628498063
1893,Train,Switching,961.693492392078,1231.9478517281823,412.36432921141386,254.69238612102345,21.466207899153233,0.8310353791178204,6,192.87054770418976,13140,1200,250.02882688664715,2504.2752731878054,961.693492392078,251.43643402175138,2538.7888562701855,956.9599562666108,1.4076071351042287,34.51358308238014,-4.733536125467253
1894,Train,Switching,980.6084680487402,797.9857757454738,643.4257951565087,246.3187979720533,17.346605418715626,0.8268393550952897,6,197.66202910836878,14785,1200,250.03040510344948,2503.2210994485336,980.6084680487402,251.65297643527737,2506.760874912242,987.0726469885833,1.622571331827885,3.539775463708338,6.464178939843123
1895,Validation,Switching,1038.3028033422306,1072.954830166418,591.3088858127594,309.7404202981852,28.426017033867538,0.8128988892561756,7,182.46915313386387,10835,1195,250.03041638046082,2495.848193407772,1038.3028033422306,249.1161176411432,2471.5349407303115,1020.8052909870806,-0.9142987393176156,-24.313252677460696,-17.49751235514998
1896,Validation,Switching,1016.5668615023606,992.3937880434096,456.76131611689925,188.83541929069906,15.507442278321832,0.7917557878885418,7,183.41998830821777,13055,1200,249.97892009087343,2504.335070435113,1016.5668615023606,253.9230764277783,2481.3176125753084,1016.0458431303365,3.944156336904882,-23.01745785980438,-0.5210183720240593
1897,Validation,Switching,972.8030731901526,690.1854839525186,716.8432297185063,218.35899118566886,13.176188042387366,0.8459832961973734,6,191.65135560060187,15350,1200,249.996305366671,2502.910034492152,972.8030731901526,248.57553299151098,2518.4307115234783,982.1025436438086,-1.420772375160027,15.520677031326159,9.299470453656
1898,Hidden Test,Switching,1065.8019085065462,1064.3905703211203,422.3125816322863,201.48041906766593,8.313772786874324,0.8149504416855052,7,186.83027545335366,12670,1200,250.0409472076632,2504.6272542036277,1065.8019085065462,249.03189890258696,2549.782046753022,1064.5450395088176,-1.0090483050762487,45.15479254939419,-1.2568689977285885
1899,Hidden Test,Switching,1054.2817569104955,932.9370996565558,398.76923747360706,148.39559058425948,28.190214679576457,0.8227186917397193,7,183.06582926924762,14450,1200,250.02013946006562,2503.415969341611,1054.2817569104955,248.89508699823998,2472.9985082568364,1043.4606418791777,-1.1250524618256463,-30.41746108477446,-10.821115031317731
1900,Hidden Test,Switching,981.0976928449236,697.9025335516781,668.8334087841213,251.36473662685603,25.358071345370263,0.8501352431252599,6,192.34149326606368,15420,1200,250.01071909106003,2502.8736751477522,981.0976928449236,251.1044903469137,2467.521392676317,970.8480782349425,1.0937712558536816,-35.352282471435046,-10.249614609981109
1901,Train,Switching,1015.8536260481924,1216.668274521362,388.82575538009405,164.31327511789277,17.968869123607874,0.799772855269257,7,181.45395360968516,12085,1200,250.02758118334324,2505.102402283979,1015.8536260481924,249.73183558393956,2572.8880263053125,1010.9579530830285,-0.2957455994036877,67.78562402133366,-4.89567296516384
1902,Train,Switching,1079.5989526552148,739.007341931574,472.6294373162091,241.6099700331688,20.70600790763274,0.8377461975021289,7,184.09922034590423,14715,1200,249.98552758191173,2503.259639976914,1079.5989526552148,249.6797644297803,2525.06402532663,1077.63844954479,-0.30576315213141925,21.804385349716085,-1.9605031104247246
1903,Train,Switching,1052.5809766957536,754.4603460584767,541.364411264658,168.17968372022733,16.54140360560268,0.8441867174743675,7,178.12257388555983,14610,1200,250.03897372699535,2503.3222626522015,1052.5809766957536,248.79523982307376,2495.3454098820916,1059.5642934357147,-1.2437339039215942,-7.976852770109872,6.983316739961083
1904,Train,Switching,964.6135058137588,1168.4243189170957,591.7782529257238,105.54898720700294,28.851400220301002,0.8540983379539102,6,188.23232699500002,13375,1200,250.04411005975803,2504.1093539790345,964.6135058137588,247.1430870632932,2546.771311484226,955.6598617016001,-2.9010229964648317,42.66195750519137,-8.953644112158713
1905,Train,Switching,1099.9582600779831,635.8215035288595,437.14188132435083,289.02412763098255,25.165451990440488,0.8064432652224787,7,194.85176586291456,15700,1200,249.97013213450117,2502.7284017076727,1099.9582600779831,247.21419597973156,2432.975441671928,1105.0909255806782,-2.755936154769614,-69.75296003574476,5.13266550269509
1906,Train,Switching,1050.2550989040174,833.6247568251565,474.18373906984925,225.43901872821152,24.866570115555078,0.8435025581950322,7,177.87313297736665,13950,1200,250.03563665219738,2503.7253404321245,1050.2550989040174,249.88451892077612,2505.8314128171055,1044.4744770700395,-0.15111773142126594,2.106072384980962,-5.780621833977875
1907,Train,Switching,1062.5790556659922,764.8514035739936,741.3711901754141,95.47120016766712,8.745894980616868,0.8473876122082584,7,179.13526910867583,13350,1200,249.96293138641613,2504.1237799131495,1062.5790556659922,249.46845272259586,2519.3417234495537,1066.8983029982771,-0.4944786638202743,15.217943536404164,4.319247332284931
1908,Train,Switching,1088.1393262534402,805.5828819517046,534.6306729130447,120.78610928263515,13.066219090949744,0.8266731862165034,7,188.04102730187182,14640,1200,250.03808627814323,2503.3047712449347,1088.1393262534402,249.39498238416107,2454.8201360352014,1102.1760373023826,-0.6431038939821576,-48.48463520973337,14.03671104894238
1909,Train,Switching,1045.835728617385,823.5438778880052,397.25274723023176,250.9441191633232,14.06912449002266,0.8302030693576672,7,179.96211963392696,14530,1200,249.98384309355743,2503.367297220612,1045.835728617385,248.27194386833483,2487.642840259582,1047.9204989561138,-1.711899225222595,-15.724456961029773,2.084770338728731
1910,Train,Switching,997.0542498980649,863.1276802858338,599.5212060399354,317.4442578293383,26.680672785732895,0.8029250782495365,7,177.3967774484462,12015,1200,250.0242678127371,2505.1622782107556,997.0542498980649,251.02476622678583,2469.322466647189,985.515819272109,1.0004984140487352,-35.839811563566855,-11.538430625955925
1911,Train,Switching,1001.6564102144912,1127.030711446423,564.4089475274086,297.3814055859111,16.197189609520137,0.8225445333472453,7,173.96477283179024,10755,1195,250.0468668365216,2495.9340863260936,1001.6564102144912,251.82558803484147,2532.1130193486943,993.6608099956261,1.7787211983198858,36.17893302260063,-7.995600218865093
1912,Train,Switching,1019.7207107092254,822.748367022723,737.1154955588281,276.6701546916738,25.446453338023275,0.8502508091647178,6,199.8862570349475,13585,1200,249.99278423090357,2503.963570132586,1019.7207107092254,252.43502911749036,2530.002984567779,1014.3152151119951,2.442244886586792,26.039414435193066,-5.405495597230242
1913,Train,Switching,974.2351118475199,751.4854854322039,522.9742901399732,157.95151747995988,13.161228461191058,0.8568113709730096,6,189.50789420180115,17420,1200,250.0253622034427,2501.947159387813,974.2351118475199,247.67617738497367,2454.061120494908,986.0206978527905,-2.349184818469041,-47.88603889290471,11.785586005270602
1914,Train,Switching,1059.8100552917458,676.6769862035289,450.86437622085214,186.41012690030038,19.043622982222587,0.8082572073535994,7,187.3183871331861,16275,1200,249.9858610583852,2502.448774409657,1059.8100552917458,245.85940245596856,2488.8657461781263,1071.352058997941,-4.126458602416648,-13.583028231530534,11.542003706195146
1915,Validation,Switching,970.3338299645111,832.8381196246482,703.546092286706,82.30669899610803,18.310387113131583,0.822782211478334,6,196.55542224656344,15415,1200,250.02065958945224,2502.8766201690632,970.3338299645111,247.8640597392104,2481.8552967091587,974.6366694166935,-2.1565998502418324,-21.02132345990458,4.302839452182411
1916,Validation,Switching,996.674112637993,655.245454935357,438.81258917972445,123.39473124127835,23.315201621036977,0.8510010290145874,6,195.1964174457946,20495,1200,250.0163759931126,2500.8746023679178,996.674112637993,246.19497573308854,2479.0113397486384,1003.838820171038,-3.8214002600240633,-21.86326261927934,7.164707533045089
1917,Validation,Switching,1002.9054212849587,1171.0230146418326,495.7790022715926,135.11456989916041,20.186098601669073,0.8058086683251895,7,177.79928247543987,11870,1195,250.0349933032025,2494.85061134834,1002.9054212849587,250.35620318443887,2535.4042478587667,1004.3826507483604,0.3212098812363706,40.55363651042671,1.4772294634017271
1918,Hidden Test,Switching,1019.1387388971634,794.0163197694346,638.0667080171406,287.2433875873685,17.569195481482893,0.841870988640003,7,172.93771893609883,12440,1200,250.03105807085367,2504.8085429291746,1019.1387388971634,252.60950187354297,2515.23552974973,1013.0571702700132,2.578443802689293,10.426986820555612,-6.0815686271502045
1919,Hidden Test,Switching,963.3778244489804,1070.821585052181,659.1096393764019,90.56887157028541,26.477141982875764,0.8598489962681197,6,186.7339165811269,13705,1200,249.9992093837497,2503.8835672789955,963.3778244489804,249.89959915668305,2477.2546708036716,947.625122901462,-0.09961022706664835,-26.628896475323927,-15.752701547518427
1920,Hidden Test,Switching,1072.5931079941802,940.1415709406137,504.96252765879035,264.86152321565896,24.363383339252323,0.8276926593761892,7,185.12618798841973,12505,1200,249.96925498595942,2504.7540518777096,1072.5931079941802,248.115131000661,2481.3207969885893,1063.5783339124362,-1.854123985298429,-23.433254889120235,-9.014774081744008
1921,Train,Switching,988.8288761489093,1122.0884899958037,532.925813831389,257.9343011439778,21.34332321025431,0.7971910489653238,7,177.19876333862015,11180,1195,250.0118568770037,2495.4942578508444,988.8288761489093,252.05486951868886,2478.013740259414,980.9811480573895,2.043012641685152,-17.48051759143027,-7.847728091519798
1922,Train,Switching,1009.8471602075733,728.9370632963255,453.8323068059981,308.0709019396454,10.381991170812398,0.8060589288035408,7,178.97435891416632,14345,1200,250.00376810983224,2503.4784793916106,1009.8471602075733,250.03902185129115,2499.6485636575203,1023.0245504041294,0.035253741458916465,-3.829915734090264,13.177390196556075
1923,Train,Switching,1002.341516665183,809.8950085812248,745.4479049891233,216.54950604541227,19.04991651047021,0.8201416367362254,7,174.59380041686225,12070,1200,250.0114788577705,2505.114540153067,1002.341516665183,248.254481726158,2503.0851039920694,997.1021628168874,-1.7569971316125077,-2.0294361609976477,-5.23935384829565
1924,Train,Switching,1085.2042301907204,628.8964208681136,515.1628795079887,227.77514000888914,27.706745467614383,0.7953867425583303,7,194.9104346935507,15590,1200,250.0133784299317,2502.785722644369,1085.2042301907204,245.53912082013704,2519.113060533536,1076.8676079872312,-4.474257609794648,16.32733788916721,-8.336622203489242
1925,Train,Switching,1039.9366016034037,1064.5077729481272,475.66810082644224,198.72207681881264,23.3061768040061,0.7936214934499003,7,187.19549921943684,12300,1200,250.03148468107756,2504.922472749994,1039.9366016034037,249.58207343247605,2547.3825884679763,1032.1034294088283,-0.44941124860150694,42.46011571798226,-7.833172194575354
1926,Train,Switching,1067.279860295821,794.4327551638708,402.45127649977803,177.15186385437846,9.33752982178703,0.793245790093206,7,192.20845969181454,15565,1200,250.01267416393813,2502.7985377549894,1067.279860295821,251.20786976928616,2521.7008628929084,1080.4543428462885,1.195195605348033,18.90232513791898,13.174482550467474
1927,Train,Switching,1082.5098335044459,1102.771462511737,455.8963268995285,316.2247667624615,15.824280592612922,0.7958765459037386,7,194.30684661476482,11405,1195,249.9694326288325,2495.273649029048,1082.5098335044459,250.32228498283618,2514.680106712787,1084.922134576966,0.3528523540036872,19.406457683739063,2.412301072520222
1928,Train,Switching,1028.6661644349806,958.6541053839028,521.2051219306886,142.50554288271815,16.604978767689317,0.8519715837482363,7,172.48498894585512,13180,1200,249.96492978484426,2504.2441098002723,1028.6661644349806,248.23129783799766,2541.11606130244,1032.197861152628,-1.7336319468466002,36.871951502167576,3.531696717647492
1929,Train,Switching,1008.0254988744855,942.0050785294734,538.7898178771138,246.26818251097575,17.284974610432982,0.8267720384267159,7,174.17575341612064,12385,1200,250.0457313554803,2504.8535795949947,1008.0254988744855,253.58220873168216,2505.148510082717,1013.1129513265586,3.5364773762018444,0.29493048772246766,5.08745245207308
1930,Train,Switching,1083.9688420877792,696.5742118889466,438.30069610849023,86.63573364727199,21.51382723869756,0.8233390541793779,7,188.07888553418286,17510,1200,250.03370051201097,2501.910657747142,1083.9688420877792,245.85817252953714,2501.4419253735678,1087.5604796732125,-4.175527982473824,-0.4687323735743121,3.5916375854333182
1931,Train,Switching,964.7177430568263,975.5780587554909,517.1964097768068,266.50683033047244,15.988008410669863,0.8437512998166494,6,190.56123592865643,14180,1200,249.96541263226533,2503.5781099688056,964.7177430568263,251.8342128467477,2534.249685200586,970.3164430153494,1.868800214482377,30.67157523178048,5.598699958523071
1932,Train,Switching,951.4060514396988,1220.4590623732656,580.3021798841655,223.99929984938353,29.436693373601884,0.813008332066238,6,195.03819208956256,12320,1200,249.9502310756546,2504.9027452008954,951.4060514396988,251.86231358711694,2497.545770893308,936.645318869776,1.91208251146233,-7.356974307587279,-14.760732569922766
1933,Train,Switching,962.0950372423977,1151.529757573735,702.7197560295463,171.45766851725057,19.854098934680223,0.7938905490958132,7,173.12480710851457,10555,1195,249.94841744663765,2496.1479131208575,962.0950372423977,250.71191675962848,2493.4669055896757,949.653435297819,0.763499312990831,-2.6810075311818764,-12.441601944578679
1934,Train,Switching,991.4298350107856,736.6366033209488,470.3612213023007,302.6971257477999,29.3182067819871,0.8324368078960106,6,198.49951884368474,16525,1200,249.97666199346466,2502.332773924371,991.4298350107856,245.37074032675974,2456.292026173569,984.0736814332632,-4.605921666704916,-46.040747750801984,-7.356153577522377
1935,Validation,Switching,1080.0102887907997,1082.5587076251395,464.61779549717903,255.29820691561326,13.00572198536247,0.8109401209442877,7,190.2571843816457,11865,1195,250.00690374539303,2494.8538467579806,1080.0102887907997,254.5747535994299,2557.0696987710216,1082.0302023675415,4.567849854036865,62.21585201304106,2.0199135767418284
1936,Validation,Switching,1038.0866505089216,675.1770874485373,469.95659014210105,103.52091867942363,27.02400375297293,0.837855858495459,7,176.9971426781516,17125,1200,249.9701950403747,2502.068668135807,1038.0866505089216,245.40259792763882,2454.5768621163556,1039.037981293775,-4.567597112735882,-47.49180601945136,0.9513307848533259
1937,Validation,Switching,1078.8227179087698,903.0615945695899,629.4739255681634,223.9897101954557,10.761447401717305,0.8581858510454186,7,179.5852622623439,12175,1200,249.99903439170518,2505.0250846708154,1078.8227179087698,253.6037438880198,2520.066984415572,1075.0037351499227,3.6047094963146264,15.041899744756392,-3.8189827588471417
1938,Hidden Test,Switching,1019.4487940170802,1203.509730962105,588.9993109740317,94.07889951951802,29.053095266688615,0.8046118008578197,7,181.00100178393333,11335,1195,249.98526911996763,2495.3414465342817,1019.4487940170802,248.20197862742125,2504.837565311928,999.236117819692,-1.7832904925463708,9.496118777646188,-20.21267619738819
1939,Hidden Test,Switching,1052.6131706079468,917.2710172482766,469.03345845639706,243.6652021552436,19.407831606455147,0.8157670959527604,7,184.33363006781212,13120,1200,249.993454543194,2504.288379488758,1052.6131706079468,248.03801098140332,2523.574481572945,1050.2156004010858,-1.9554435617906734,19.28610208418695,-2.397570206861019
1940,Hidden Test,Switching,1071.7981119989417,980.4026825819165,490.7192903570831,124.50550803449005,15.900473042856902,0.8475436806865037,7,180.65619446991533,13405,1200,250.04228054040397,2504.088466692243,1071.7981119989417,249.57958249203088,2543.913875928953,1073.6467109073117,-0.4626980483730847,39.82540923671013,1.8485989083699224
1941,Train,Switching,1074.396959738806,967.550871137064,483.6760638281703,107.8567339410074,11.439053073525429,0.8441249714628793,7,181.82767380604153,13715,1200,249.9655608744317,2503.875737853437,1074.396959738806,248.558446331914,2524.6675986004816,1083.9506147788338,-1.4071145425176894,20.791860747044666,9.553655040027934
1942,Train,Switching,1022.7023829822429,900.9227594127879,571.2650788016617,173.57470320537686,29.284553235862404,0.8159904249524698,7,179.0466357917678,12995,1200,250.01101063137503,2504.380312906113,1022.7023829822429,249.9476166387639,2499.413491289145,1011.9820832476614,-0.06339399261113954,-4.966821616967991,-10.720299734581431
1943,Train,Switching,1084.1826227726415,884.1835836065002,647.1980258822441,104.03676969697699,17.952523137442768,0.8179008778533898,7,189.36675093338897,13075,1200,249.96879360918595,2504.3200974689157,1084.1826227726415,248.6900678934262,2514.262605192669,1081.1060513500215,-1.278725715759748,9.942507723753351,-3.0765714226199634
1944,Train,Switching,1060.0681091542356,1054.1339828632772,363.08903312310576,278.3040167251602,12.616166760679334,0.8223616846371442,7,184.15048285544577,12615,1200,250.03856766308965,2504.6700019628206,1060.0681091542356,251.3877508459135,2484.972314331089,1064.8379237617366,1.3491831828238503,-19.697687631731696,4.769814607501075
1945,Train,Switching,989.4261568784714,1073.1494451290928,739.9062680080533,95.7395587884821,25.433626441285014,0.8162362397206017,7,173.16873101366423,11205,1195,250.02699334596352,2495.4701812076128,989.4261568784714,252.70562132295257,2543.0577323380066,980.5206526203226,2.6786279769890484,47.58755113039388,-8.905504258148767
1946,Train,Switching,1052.0561924786307,1116.5146509418264,720.9557698108256,109.48222099803388,25.857289609033614,0.8478453657077626,7,177.2655107422798,10985,1195,250.01794401441586,2495.6913773818333,1052.0561924786307,247.7135525709084,2555.2672137220065,1037.6583601461086,-2.3043914435074555,59.57583634017328,-14.397832332522057
1947,Train,Switching,979.8033387167379,1197.0799211994745,386.47922314703465,250.83500436274335,25.129542195238173,0.8104146225261503,7,172.7164116247742,11660,1195,250.03847090577983,2495.038881988389,979.8033387167379,247.48832202989922,2511.102374551845,963.8521180943299,-2.550148875880609,16.06349256345584,-15.951220622408073
1948,Train,Switching,1095.7840793184005,1163.4965113829821,524.8024250380695,268.1023010937497,11.673565890174359,0.7946353932470084,7,196.99674100862967,10930,1195,249.9730305009157,2495.746150371805,1095.7840793184005,255.6780954537494,2527.838559392978,1088.7995357665386,5.7050649528336805,32.0924090211729,-6.9845435518618615
1949,Train,Switching,976.1426582466811,1222.389095358085,357.62775298208,254.97480363817886,29.4757692925632,0.8475119973369875,6,191.96240708368947,13595,1200,249.96680364512642,2503.9558743467105,976.1426582466811,252.20305540654022,2497.9575011890065,964.7033743031874,2.236251761413797,-5.998373157704009,-11.439283943493706
1950,Train,Switching,1035.3844419238158,702.2815531818196,599.6948619373143,226.55837323516607,19.899910705629736,0.8029206755338237,7,184.21752937627866,13990,1200,249.9817419363441,2503.697906709968,1035.3844419238158,246.67396889382962,2509.517081425763,1032.193501889843,-3.3077730425144694,5.8191747157952705,-3.1909400339727654
1951,Train,Switching,1083.7031927192584,783.1752843339927,715.2924440801144,142.44352593785152,18.474525204859674,0.8035549096181058,7,192.66230591586267,13035,1200,250.04108482278596,2504.3520725938333,1083.7031927192584,250.13863308177147,2447.6646628360536,1087.609211969595,0.0975482589855119,-56.68740975777973,3.9060192503366125
1952,Train,Switching,961.6213245200925,689.2970122396946,634.7645907662809,251.79527052212507,15.1880893423222,0.8396555317472667,6,190.87615658273242,15835,1200,250.0363434979507,2502.6628954561556,961.6213245200925,251.2369096220798,2479.3529533648016,966.3011404127434,1.2005661241290966,-23.30994209135406,4.679815892650936
1953,Train,Switching,1074.6204189024866,765.4633819474839,404.94173411279917,320.2508101076819,11.406610453501344,0.8010046673123725,7,191.6558154591716,14345,1200,249.97287588847666,2503.477406277409,1074.6204189024866,250.407237240304,2505.744616724548,1083.4097141559446,0.4343613518273344,2.2672104471389503,8.789295253458022
1954,Train,Switching,1070.2549161040224,1248.4323899494484,705.276792589575,328.5077197197825,18.664153643418103,0.8267080188402907,7,184.94263507678502,9370,1195,249.98390706793074,2497.6348858604642,1070.2549161040224,253.44739362371874,2524.6533440754406,1065.7170938564586,3.463486555787995,27.018458214976363,-4.537822247563781
1955,Validation,Switching,1030.1535084610805,834.3526290380396,450.4884462803602,95.92000358505175,12.66262732911855,0.8375633978168481,7,175.7058478278827,15490,1200,250.02583650322825,2502.8376863925128,1030.1535084610805,252.41218393489123,2470.980722612723,1036.7804033012371,2.3863474316629834,-31.856963779789567,6.626894840156638
1956,Validation,Switching,1074.0707214339636,829.6886116731912,589.8704621009529,127.09736106451601,11.866975791286677,0.8252306400053203,7,185.93429164188208,13825,1200,249.96197570241662,2503.8033964384827,1074.0707214339636,248.7000859942027,2481.1199588008512,1078.0257253233444,-1.2618897082139142,-22.683437637631414,3.955003889380805
1957,Validation,Switching,952.2250732872635,927.269272308331,712.4204350635409,310.6883310084231,12.680613406002522,0.8257099328399636,6,192.20330599071298,12790,1200,249.95260275192553,2504.531606260302,952.2250732872635,251.0649445219592,2541.6435395365083,950.1321755331819,1.1123417700336802,37.1119332762064,-2.092897754081605
1958,Hidden Test,Switching,1018.3228860725649,1195.1839051907882,653.5273102112114,136.53531616553664,8.541854111943394,0.7928928390285,7,183.47334072106233,10770,1195,249.94535566310915,2495.9133649549376,1018.3228860725649,255.42429578823138,2552.644213943543,1010.3328448483712,5.478940125122222,56.73084898860543,-7.9900412241936465
1959,Hidden Test,Switching,952.523624454625,909.4239655998535,552.9441714286804,168.35907088359818,24.85019727330655,0.8593949644989335,6,184.72756295664934,15300,1200,250.00083042036232,2502.936676476598,952.523624454625,246.74586469902317,2494.760587940864,943.5291308956832,-3.254965721339147,-8.17608853573438,-8.994493558941713
1960,Hidden Test,Switching,1000.6597907165997,918.7285573221743,660.9666920267045,284.67058720532805,18.4002748853527,0.8178314817044884,7,174.79322069611084,11470,1195,249.9826665358076,2495.2126262143834,1000.6597907165997,248.7747957526244,2499.624823019584,992.8087750019762,-1.207870783183182,4.412196805200438,-7.851015714623486
1961,Train,Switching,968.0151803418994,1048.3647827408276,438.2682206109166,301.46223444724455,28.66330577991903,0.8353307753917761,6,193.14009269519477,13955,1200,250.02846242894336,2503.7218799985217,968.0151803418994,249.56599492267543,2559.8159475090706,952.2715176789428,-0.4624675062679273,56.09406751054894,-15.74366266295658
1962,Train,Switching,978.7777644232847,789.5264100516215,719.9294508434832,150.99527376703918,27.10339852096513,0.8396891973586753,6,194.2738193095981,15025,1200,249.98237615043274,2503.08498698151,978.7777644232847,246.5031890875358,2454.1054794653023,973.017178800204,-3.479187062896955,-48.97950751620783,-5.760585623080715
1963,Train,Switching,980.9585063485429,1003.8233517319895,422.6066906005144,171.31188149331138,27.233248964883387,0.8056760797533207,7,173.937061059663,13385,1200,250.0003241021762,2504.100775286975,980.9585063485429,249.2114030073138,2553.3622123271025,971.8741679677398,-0.7889210948623884,49.261437040127475,-9.084338380803047
1964,Train,Switching,971.4608757174574,1248.1097856070846,654.2041937820613,317.551421741955,15.857697832863778,0.8207960003986955,6,197.25991095748873,11240,1195,250.01238767912804,2495.435089403794,971.4608757174574,251.2036091129732,2534.970786538294,960.8949835674848,1.1912214338451577,39.53569713449997,-10.56589214997257
1965,Train,Switching,1011.3133904989809,1062.498885660898,726.0608544573188,322.6204735529609,21.442680720239878,0.8260161221795715,7,174.90377926115912,10130,1195,250.0059587932639,2496.6433955837397,1011.3133904989809,248.942693430479,2536.0792825928443,999.2284947937162,-1.0632653627848754,39.43588700910459,-12.084895705264671
1966,Train,Switching,955.6862449389882,956.4914830727503,497.26513968780637,205.6662718951702,26.501410523895174,0.801282033692114,6,198.78274331103637,15035,1200,249.99383392972612,2503.0798564751735,955.6862449389882,251.33689137574697,2524.3575487835706,952.4220351392435,1.3430574460208504,21.277692308397036,-3.2642097997447763
1967,Train,Switching,1046.6481561074033,1065.6377763603814,364.2402745783329,197.1685554436408,12.29148010816425,0.8317471647798084,7,179.76756818616124,13145,1200,250.02047697281031,2504.271363705073,1046.6481561074033,249.01181283787952,2486.3107600101084,1052.3790338073006,-1.0086641349307968,-17.960603694964448,5.730877699897292
1968,Train,Switching,1043.4801805648021,742.8475672379136,504.03130492195487,237.6577537925914,15.185077363159508,0.8475635724421591,7,175.87895713122586,14405,1200,249.98804299547677,2503.441784606994,1043.4801805648021,249.10800186759707,2447.536834831959,1048.001675785763,-0.8800411278797071,-55.90494977503522,4.521495220960787
1969,Train,Switching,951.1662845499814,795.8699324517511,536.3128820434213,170.25657182792202,19.373020129278302,0.8266678529907949,6,191.7671208794771,16605,1200,249.97942613249393,2502.2965715619976,951.1662845499814,249.28173640139244,2461.5712232327223,953.4484905870145,-0.6976897311014909,-40.72534832927522,2.28220603703312
1970,Train,Switching,1071.5756766148843,766.9528735103086,525.5224176682532,296.6852739173919,18.08342191623524,0.8060955991083757,7,189.90581227057518,13455,1200,249.95779746285393,2504.0508214815363,1071.5756766148843,249.115455283773,2465.255903518501,1075.367418349445,-0.84234217908093,-38.79491796303546,3.7917417345606736
1971,Train,Switching,1098.157568066381,649.3821840384044,555.1265891641378,98.90976604772732,15.686587614007294,0.8041326846624725,7,195.0917498730454,16405,1200,249.9626586391628,2502.387460000684,1098.157568066381,248.20823433773964,2501.753875528585,1113.118282858345,-1.754424301423171,-0.6335844720988462,14.960714791964165
1972,Train,Switching,1014.0214176266454,754.202480847016,404.07757638022304,312.65717492904514,29.394187062513083,0.8104073067940772,7,178.74987219840168,14540,1200,250.01962865820437,2503.362619815828,1014.0214176266454,245.6128429155266,2464.7666917689635,1010.1441574543738,-4.406785742677755,-38.59592804686463,-3.8772601722715763
1973,Train,Switching,1020.9116343874484,1135.768841940444,433.12313836067915,227.6918741245754,19.069889783859253,0.8329099163995125,7,175.10239261967357,11905,1195,250.03006459003345,2494.8196977919933,1020.9116343874484,248.4537932858434,2490.487756111493,1013.1117102417412,-1.576271304190044,-4.331941680500222,-7.799924145707223
1974,Train,Switching,1017.1014220570214,946.4918577810749,450.3182929940522,80.67069614306092,25.557277909014374,0.8511068103974686,6,199.17230317661952,16885,1200,249.97211289317636,2502.1720384337827,1017.1014220570214,249.2593311630032,2525.9559982954074,1009.7201170300017,-0.7127817301731625,23.78395986162468,-7.381305027019721
1975,Validation,Switching,972.7859818609431,911.4248899859376,545.9680154919624,177.1337174414657,13.28362990450114,0.8512827255181037,6,190.45493596519117,15265,1200,250.00981272413168,2502.955634037718,972.7859818609431,253.13036678488234,2537.8764088026933,980.6373831054351,3.1205540607506634,34.92077476497525,7.851401244491967
1976,Validation,Switching,1066.6178143466823,1045.6209647469223,682.17818653211,198.97784343454987,21.539670085068792,0.8426331416983158,7,180.83073871387228,11100,1195,250.01723474441758,2495.57442026562,1066.6178143466823,253.7404186852327,2471.472068654271,1061.9932889661013,3.723183940815119,-24.10235161134915,-4.6245253805809625
1977,Validation,Switching,1099.5718356221914,1228.7633044994436,407.14838076382875,206.82381324702874,27.0750563275069,0.8133133053523489,7,193.137982336485,11605,1195,249.99070817803457,2495.0872363344115,1099.5718356221914,250.7407178727951,2505.1926000015656,1085.7010721310974,0.7500096947605357,10.105363667154052,-13.870763491094067
1978,Hidden Test,Switching,1064.1419502557255,882.358299032785,566.0872177220881,249.066279893741,17.553026777226478,0.8189222764270381,7,185.63456262446056,12600,1200,250.03371801675092,2504.681555670651,1064.1419502557255,253.76938348417295,2477.168063511949,1059.1161342432988,3.7356654674220238,-27.513492158701865,-5.025816012426731
1979,Hidden Test,Switching,1003.424182231538,913.4696357534267,626.2440953403711,140.76476274756715,10.26418609265238,0.7949298060196452,7,180.3257478356775,12725,1200,249.98023901523553,2504.582401408349,1003.424182231538,253.3482328130796,2507.7095230464306,1010.0534126718263,3.367993797844065,3.127121638081462,6.629230440288325
1980,Hidden Test,Switching,1070.626229455229,859.9746968131512,525.7889802567661,109.2431766865775,13.076827238779515,0.7997144882380963,7,191.25151095468655,14305,1200,250.00346648310952,2503.502733897087,1070.626229455229,249.81628723880266,2539.7903653255207,1074.641267369116,-0.1871792443068614,36.28763142843354,4.015037913886999
1981,Train,Switching,1039.292262075469,981.0792517731898,716.1550467833877,282.29644217761233,11.910076137632132,0.8239706421294251,7,180.1888508672345,10805,1195,250.03574736476006,2495.880230829845,1039.292262075469,254.54126779341325,2501.5334500949557,1031.3033378966413,4.505520428653199,5.6532192651106925,-7.988924178827574
1982,Train,Switching,1007.1654137340374,798.0586598394439,500.285189319402,298.2369166985154,17.92504388326779,0.8118377463845536,7,177.22848442479653,13395,1200,250.00506956953572,2504.0940159542088,1007.1654137340374,249.90176614446926,2469.1126539242505,1015.0997196402345,-0.10330342506645707,-34.98136202995829,7.934305906197096
1983,Train,Switching,1028.8785957032815,1163.000535510946,485.27110144495964,220.34991286462173,29.800062037073076,0.8519046732946299,7,172.53415920422646,11445,1195,250.00748430263963,2495.2372963501243,1028.8785957032815,247.18982253842304,2506.3491336125444,1009.2439379404454,-2.817661764216581,11.111837262420067,-19.634657762836014
1984,Train,Switching,993.07712855516,1218.8800524920225,364.042132999748,314.91162166465074,14.694014446344227,0.8523311707656831,6,194.18843336505753,13145,1200,249.96958337367946,2504.2694315641875,993.07712855516,253.61408502330033,2563.529647718223,997.4826308221951,3.644501649620878,59.260216154035334,4.405502267035104
1985,Train,Switching,1075.543292146176,746.3358420296572,424.3991369381547,153.64948192844167,26.737306067720056,0.7950141226802953,7,193.2658016403012,16150,1200,250.03567142959514,2502.5095068237692,1075.543292146176,248.36801485116388,2483.4142601718286,1076.2563890903662,-1.667656578431263,-19.09524665194067,0.7130969441900561
1986,Train,Switching,1085.2114600711502,777.6022180216387,494.8594772256911,277.3476766142994,25.638140075374395,0.8545987298944966,7,181.40701964386483,13800,1200,250.0189015201544,2503.8217503154806,1085.2114600711502,250.30957681754916,2507.172109567993,1080.9338350513308,0.29067529739475617,3.3503592525125896,-4.277625019819425
1987,Train,Switching,1063.130934140645,832.0961629622616,700.2147328108549,125.34948588116094,22.256293271668255,0.8337548331986182,7,182.15888134851483,12900,1200,249.97735772065053,2504.4495726136856,1063.130934140645,248.2191266630537,2453.3237416678858,1059.059959247071,-1.758231057596845,-51.12583094579986,-4.070974893573975
1988,Train,Switching,1018.8741690828465,867.3788909334689,412.6924398355186,97.40275358315557,19.213399581145495,0.8317814142070711,7,174.9900277164471,15525,1200,249.9943525785271,2502.8185521398304,1018.8741690828465,248.73522853697233,2527.046814048964,1027.5832173140325,-1.2591240415547702,24.22826190913338,8.709048231185989
1989,Train,Switching,1094.3047570530325,648.2902111369185,422.08422254770994,133.1021350179799,20.347086064517498,0.8301705703348853,7,188.30979631633278,17770,1200,250.00009359857404,2501.8056778017317,1094.3047570530325,246.8335207479148,2449.939298812396,1107.3182417996316,-3.166572850659236,-51.86637898933577,13.013484746599033
1990,Train,Switching,1024.3320278008468,833.9367355918512,441.2339744158089,158.55728967115283,19.58140446105972,0.8550810390105471,6,199.6559353380407,17400,1200,249.96800082200357,2501.953729227197,1024.3320278008468,249.58379842989018,2511.355634139695,1023.3829125064243,-0.38420239211339435,9.40190491249814,-0.9491152944225405
1991,Train,Switching,1066.502135177143,608.519028883893,682.3059350252151,99.3281471147202,29.392194810323417,0.8290095649636351,7,183.7824969958365,15385,1200,250.02051033847027,2502.892359289892,1066.502135177143,249.80988600556108,2473.4635338141647,1062.9612382922328,-0.21062433290919103,-29.42882547572708,-3.5408968849101257
1992,Train,Switching,1062.9371446440928,1189.7619192488492,388.20422952994704,323.49095264915377,15.653828678186983,0.8357356282416731,7,181.6940170901439,11245,1195,249.95465201882135,2495.427642236837,1062.9371446440928,252.09781276316824,2481.209704168055,1063.2074486988286,2.1431607443468863,-14.217938068782132,0.27030405473578867
1993,Train,Switching,1017.9515609517694,848.7482391647063,606.1475785449147,169.12791457260028,25.689843660220504,0.8479473488894291,7,171.49844475013649,13170,1200,250.03089066420335,2504.2537669503613,1017.9515609517694,246.43555390271723,2456.0614469711377,1006.0567854642596,-3.5953367614861236,-48.19231997922361,-11.894775487509719
1994,Train,Switching,1027.8348766849376,1178.60483082477,725.0601739622653,286.5573304425925,21.153531555552036,0.8196100020827726,7,179.15051480460727,9765,1195,250.02076770904245,2497.1015984150977,1027.8348766849376,251.23484004484297,2487.556750454342,1019.248264452197,1.2140723358005232,-9.54484796075576,-8.586612232740663
1995,Validation,Switching,1049.1893495200202,1195.4866992891766,412.5098455697298,139.4525897759013,19.529207826592028,0.8404351702216082,7,178.34117145413185,12240,1200,250.03528370615487,2504.972250902536,1049.1893495200202,250.93207257711003,2494.75601296463,1046.7976140426779,0.896788870955163,-10.216237937906044,-2.3917354773423085
1996,Validation,Switching,1045.3820387250744,1134.81588489376,697.2289036028087,133.24790894519538,11.049551520030946,0.8598007383570075,7,173.69174575473548,10880,1195,249.960378229473,2495.7976936759715,1045.3820387250744,250.27254056665222,2487.7667942664875,1044.7815477585686,0.3121623371792168,-8.030899409483936,-0.6004909665057312
1997,Validation,Switching,1009.059222927317,983.297582610976,603.6244412884116,278.4767390531488,12.671870339661837,0.7905428850674071,7,182.34471561748856,11465,1195,250.0119843994425,2495.218614031904,1009.059222927317,252.44093796987775,2504.372532772012,1005.9430441483635,2.4289535704352545,9.15391874010811,-3.1161787789535538
1998,Hidden Test,Switching,1079.1736023616977,712.1523034526035,636.9837705977261,176.9883557409048,16.96338280523196,0.8471370994998142,7,181.98666729537604,14015,1200,250.03349104876727,2503.683875530701,1079.1736023616977,248.56086549187984,2446.9096897482596,1089.8918657575825,-1.4726255568874365,-56.774185782441236,10.718263395884833
1999,Hidden Test,Switching,975.1447251299396,639.0308042173274,597.8978641331196,259.20210625743493,25.154293208383024,0.8571242064028047,6,189.61560021396932,16675,1200,249.97929111209905,2502.265094112983,975.1447251299396,250.7910126918525,2464.5943586810813,971.0957699833599,0.8117215797534527,-37.6707354319019,-4.048955146579715
2000,Hidden Test,Switching,1088.3319377782755,1051.2758461758494,707.7231003902853,291.3152054371312,8.118556597735733,0.8078638137783856,7,192.45321854932422,10430,1195,249.9882706425055,2496.2905583718843,1088.3319377782755,254.13552571859213,2523.1385743689866,1087.8493929444812,4.147255076086623,26.848015997102266,-0.4825448337942362
