time,voltage
0,0
9.9999999999999994e-12,39.457773389378374
1.004694995899789e-11,39.643025162393009
1.0094120347860772e-11,39.829146669968864
1.0141512201505956e-11,40.016141995301403
1.0189126559709687e-11,40.204015240754742
1.0236964467129956e-11,40.392770527951612
1.0285026973329418e-11,40.582411997863822
1.033331513279842e-11,40.772943810903037
1.0381830004978137e-11,40.964370147012012
1.0430572654283774e-11,41.156695205756151
1.0479544150128088e-11,41.34992320641625
1.0528745566944597e-11,41.544058388080074
1.0578177984211325e-11,41.739105009735951
1.0627842486474437e-11,41.935067350366062
1.0677740163372038e-11,42.131949709040263
1.0727872109658082e-11,42.329756405010407
1.0778239425226389e-11,42.528491777805044
1.0828843215134771e-11,42.72816018732464
1.0879684589629289e-11,42.928766013937128
1.0930764664168596e-11,43.130313658574103
1.0982084559448427e-11,43.332807542827219
1.1033645401426175e-11,43.536252109045243
1.1085448321345596e-11,43.740651820431488
1.1137494455761639e-11,43.946011161141655
1.1189784946565363e-11,44.152334636382257
1.1242320941009009e-11,44.35962677250933
1.1295103591731158e-11,44.567892117127819
1.1348134056781983e-11,44.77713523919104
1.140141349964883e-11,44.987360729101681
1.1454943089281483e-11,45.198573198811388
1.1508724000117976e-11,45.410777281922606
1.1562757412110333e-11,45.623977633790005
1.1617044510750447e-11,45.838178931622679
1.1671586487096089e-11,46.053385874586674
1.1726384537797039e-11,46.269603183907989
1.1781439865121346e-11,46.486835602976214
1.1836753676981701e-11,46.705087897448585
1.1892327186961943e-11,46.924364855354362
1.194816161434368e-11,47.144671287200005
1.2004258184133041e-11,47.366012026074564
1.2060618127087556e-11,47.588391927755758
1.2117242679743153e-11,47.811815870816396
1.2174133084441296e-11,48.036288756731459
1.2231290589356235e-11,48.26181550998551
1.2288716448522391e-11,48.4884010781808
1.2346411921861824e-11,48.716050432145465
1.2404378275212072e-11,48.94476856604345
1.2462616780353625e-11,49.174560497482759
1.2521128715038028e-11,49.405431267626362
1.2579915363015863e-11,49.637385941302504
1.2638978014064916e-11,49.870429607115852
1.2698317964018476e-11,50.104567377559029
1.2757936514793759e-11,50.339804389124758
1.2817834974420486e-11,50.57614580241858
1.2878014657069563e-11,50.813596802271917
1.2938476883081928e-11,51.052162597855876
1.2999222978997514e-11,51.291848422795461
1.3060254277584352e-11,51.532659535284338
1.3121572117867812e-11,51.774601218200225
1.3183177845159988e-11,52.017678779220645
1.3245072811089205e-11,52.261897550939445
1.3307258373629677e-11,52.50726289098364
1.3369735897131246e-11,52.753780182130775
1.3432506752349541e-11,53.001454832427811
1.3495572316475711e-11,53.250292275308418
1.3558933973166871e-11,53.500297969713081
1.3622593112576401e-11,53.751477400208451
1.3686551131384442e-11,54.003836077107806
1.3750809432828546e-11,54.257379536591742
1.3815369426734456e-11,54.512113340829714
1.3880232529547047e-11,54.768043078101925
1.3945400164361389e-11,55.025174362921938
1.4010873760953983e-11,55.283512836159815
1.4076654755814124e-11,55.543064165165738
1.4142744592175418e-11,55.803834043894426
1.4209144720047445e-11,56.065828193029887
1.4275856596247578e-11,56.329052360111007
1.4342881684432938e-11,56.593512319657471
1.4410221455132509e-11,56.85921387329644
1.4477877385779409e-11,57.126162849889859
1.4545850960743233e-11,57.394365105661976
1.4614143671362864e-11,57.663826524328677
1.4682757015978842e-11,57.934553017225248
1.4751692499966462e-11,58.206550523436789
1.4820951635768754e-11,58.479825009928334
1.4890535942929661e-11,58.754382471675704
1.4960446948127377e-11,59.030228931796898
1.5030686185207846e-11,59.307370441684292
1.5101255195218414e-11,59.585813081137253
1.5172155526441634e-11,59.865562958495538
1.524338873442924e-11,60.146626210773164
1.5314956382036275e-11,60.429009003793134
1.5386860039455386e-11,60.712717532322515
1.5459101284251256e-11,60.997758020208337
1.5531681701395239e-11,61.284136720514127
1.5604602883300119e-11,61.571859915656979
1.5677866429855049e-11,61.860933917545331
1.5751473948460662e-11,62.151365067717471
1.5825427054064252e-11,62.443159737480144
1.5899727369195496e-11,62.736324328049584
1.5974376524001635e-11,63.030865270690114
1.6049376156283509e-11,63.326789026856297
1.6124727911531431e-11,63.624102088334375
1.6200433442961287e-11,63.922810977384685
1.6276494411550795e-11,64.222922246884536
1.6352912486075967e-11,64.524442480472089
1.6429689343147702e-11,64.827378292690611
1.6506826667248588e-11,65.131736329133574
1.658432615076985e-11,65.437523266590375
1.6662189494048479e-11,65.74474581319275
1.6740418405404544e-11,66.05341070856187
1.6819014601178674e-11,66.363524723956232
1.6897979805769699e-11,66.675094662419966
1.6977315751672506e-11,66.988127358932161
1.7057024179516034e-11,67.302629680556677
1.7137106838101466e-11,67.618608526592837
1.7217565484440529e-11,67.936070828726244
1.7298401883794326e-11,68.255023551182106
1.7379617809711645e-11,68.575473690876194
1.7461215044068141e-11,68.897428277569361
1.7543195377105377e-11,69.220894374021469
1.7625560607470085e-11,69.545879076146193
1.7708312542253641e-11,69.872389513166738
1.7791452997031707e-11,70.200432847772092
1.787498379590406e-11,70.530016276274068
1.7958906771534625e-11,70.86114702876516
1.8043223765191674e-11,71.193832369277118
1.8127936626788226e-11,71.528079595940156
1.8213047214922635e-11,71.86389604114305
1.8298557396919361e-11,72.201289071693864
1.838446904886995e-11,72.540266088981483
1.8470784055674195e-11,72.880834529138085
1.8557504311081476e-11,73.223001863201944
1.8644631717732321e-11,73.566775597281378
1.8732168187200075e-11,73.912163272719155
1.8820115640033139e-11,74.259172466258804
1.8908476005796651e-11,74.607810790209172
1.8997251223115125e-11,74.958085892612459
1.9086443239714913e-11,75.310005457411592
1.9176054012466932e-11,75.663577204618861
1.9266085507429598e-11,76.018808890484948
1.9356539699891967e-11,76.375708307669242
1.9447418574417062e-11,76.734283285410569
1.9538724124885433e-11,77.094541689698985
1.9630458354538881e-11,77.456491423448099
1.9722623276024422e-11,77.820140426668459
1.9815220911438441e-11,78.185496676641691
1.9908253292371057e-11,78.55256818809535
2.0001722459950704e-11,78.921363013378667
2.0095630464888889e-11,79.291889242639087
2.018997936752522e-11,79.664155003999824
2.0284771237872495e-11,80.038168463737463
2.0380008155662466e-11,80.413937826462671
2.047569221039097e-11,80.791471335297828
2.0571825501364099e-11,81.170777272059226
2.0668410137744178e-11,81.551863957438457
2.0765448238596046e-11,81.934739751184537
2.0862941932933535e-11,82.319413052287501
2.0960893359766197e-11,82.705892299162429
2.1059304668146217e-11,83.094185969834541
2.115817801721557e-11,83.484302582124954
2.1257515576253406e-11,83.876250693837548
2.1357319524723619e-11,84.270038902946681
2.1457592052322682e-11,84.665675847785479
2.1558335359027683e-11,85.06317020723553
2.1659551655144596e-11,85.462530700916915
2.1761243161356769e-11,85.863766089379567
2.1863412108773651e-11,86.266885174295268
2.1966060738979743e-11,86.671896798650664
2.206919130408368e-11,87.0788098469408
2.2172806066768013e-11,87.487633245365302
2.2276907300338308e-11,87.898375962022044
2.2381497288773378e-11,88.311047007105032
2.248657832677531e-11,88.725655433101878
2.2592152719819805e-11,89.142210334991958
2.2698222784206768e-11,89.56072085044606
2.2804790847111116e-11,89.981196160026641
2.291185924663385e-11,90.403645487389056
2.3019430331853342e-11,90.82807809948396
2.3127506462876874e-11,91.254503306760256
2.3236090010892424e-11,91.682930463369445
2.3345183358220694e-11,92.113368967370505
2.3454788898367364e-11,92.545828260936176
2.3564909036075619e-11,92.980317830559841
2.3675546187378898e-11,93.416847207263373
2.3786702779653909e-11,93.855425966806422
2.3898381251673884e-11,94.296063729896133
2.4010584053661989e-11,94.738770162397714
2.4123313647345475e-11,95.183554975547978
2.4236572506009086e-11,95.630427926165865
2.435036311454974e-11,96.079398816868007
2.4464687969530929e-11,96.530477496282955
2.4579549579237494e-11,96.983673859267569
2.4694950463730675e-11,97.438997847123503
2.4810893154903387e-11,97.896459447815516
2.4927380196535762e-11,98.356068696190221
2.5044414144350982e-11,98.81783567419609
2.5161997566071329e-11,99.281770511104654
2.5280133041474537e-11,99.747883383732471
2.5398823162450382e-11,100.21618451666406
2.5518070533057553e-11,100.68668418247645
2.5637877769580786e-11,101.15939270196415
2.5758247500588264e-11,101.63432044436533
2.5879182366989279e-11,102.11147782758934
2.600068502209208e-11,102.59087531844456
2.6122758131662508e-11,103.07252343286964
2.6245404373981845e-11,103.5564327361615
2.6368626439905998e-11,104.04261384320847
2.6492427032924424e-11,104.53107741872282
2.6616808869219466e-11,105.02183417747437
2.6741774677725923e-11,105.51489488452567
2.6867327200190928e-11,106.01027035546745
2.6993469191234116e-11,106.50797145665643
2.7120203418408042e-11,107.00800910545297
2.7247532662258915e-11,107.51039427046065
2.7375459716387588e-11,108.01513797176669
2.7503987387510872e-11,108.52225128118357
2.7633118495523085e-11,109.03174532249164
2.7762855873557951e-11,109.5436312716832
2.7893202368050741e-11,110.05792035720711
2.8024160838800724e-11,110.57462386021541
2.8155734159033925e-11,111.09375311481024
2.8287925215466023e-11,111.61531950829209
2.8420736908366178e-11,112.13933448141108
2.855417215161994e-11,112.66580952861514
2.8688233872793669e-11,113.19475619830378
2.8822925013198625e-11,113.72618609308071
2.8958248527955518e-11,114.26011087000836
2.9094207386059343e-11,114.79654224086326
2.9230804570444505e-11,115.33549197239282
2.936804307805028e-11,115.87697188657322
2.9505925919886553e-11,116.42099386086872
2.9644456121099902e-11,116.96756982849183
2.9783636721039942e-11,117.51671177866507
2.9923470773326035e-11,118.0684317568836
3.0063961345914256e-11,118.62274186517931
3.0205111521164738e-11,119.17965426238638
3.0346924395909281e-11,119.73918116440736
3.0489403081519283e-11,120.3013348444812
3.0632550703974032e-11,120.86612763345231
3.0776370403929148e-11,121.43357192004017
3.0920865336785982e-11,122.00368015111316
3.1066038672760122e-11,122.57646483195806
3.1211893596951422e-11,123.15193852655656
3.135843330941376e-11,123.73011385785972
3.1505661025225266e-11,124.311003508065
3.1653579974558846e-11,124.89462021889415
3.1802193402753047e-11,125.48097679187245
3.1951504570383269e-11,126.07008608860923
3.2101516753333314e-11,126.66196103108012
3.2252233242867222e-11,127.25661460190989
3.2403657345701523e-11,127.85405984465724
3.2555792384077765e-11,128.45430986410074
3.2708641695835395e-11,129.05737782652585
3.286220863448501e-11,129.66327696001375
3.301649656928193e-11,130.27202055473106
3.3171508885300111e-11,130.8836219632214
3.3327248983506275e-11,131.49809460069721
3.3483720280835087e-11,132.11545194533636
3.3640926210263293e-11,132.73570753857385
3.3798870220885583e-11,133.35887498540097
3.3957555777990142e-11,133.98496795466326
3.4116986363134666e-11,134.61400017935958
3.4277165474222744e-11,135.24598545694352
3.4438096625580611e-11,135.88093764962551
3.4599783348034252e-11,136.5188706846769
3.4762229188986865e-11,137.159798554735
3.4925437712496685e-11,137.80373531810989
3.5089412499355198e-11,138.4506950990926
3.5254157147165677e-11,139.10069208826437
3.5419675270422137e-11,139.75374054280815
3.558597050058863e-11,140.40985478682055
3.5753046486178908e-11,141.06904921162621
3.5920906892836487e-11,141.73133827609297
3.6089555403415064e-11,142.39673650694877
3.6258995718059302e-11,143.06525849910017
3.6429231554285915e-11,143.73691891595149
3.6600266647065757e-11,144.41173248972862
3.6772104748904911e-11,145.08971402179822
3.6944749629927639e-11,145.77087838299471
3.7118205077958879e-11,146.45524051394531
3.7292474898607427e-11,147.14281542539777
3.7467562915349376e-11,147.83361819854903
3.7643472969612034e-11,148.52766398537599
3.7820208920858179e-11,149.22496800896741
3.7997774646670777e-11,149.92554556385764
3.8176174042838003e-11,150.62941201636178
3.8355411023438761e-11,151.3365828049123
3.8535489520928536e-11,152.0470734403977
3.8716413486225657e-11,152.76089950650191
3.8898186888798029e-11,153.47807666004647
3.9080813716750159e-11,154.19862063133289
3.9264297976910722e-11,154.9225472244882
3.9448643694920257e-11,155.64987231780987
3.963385491532015e-11,156.38061186411687
3.9819935701640412e-11,157.11478189109516
4.0006890136489474e-11,157.85239850165166
4.0194722321643608e-11,158.59347787426626
4.0383436378136886e-11,159.33803626334654
4.0573036446351631e-11,160.08608999958392
4.076352668610924e-11,160.83765549031145
4.0954911276761465e-11,161.59274921986352
4.1147194417282088e-11,162.35138774993683
4.1340380326359053e-11,163.11358771995367
4.1534473242487029e-11,163.87936584742619
4.1729477424060406e-11,164.64873892832281
4.1925397149466712e-11,165.42172383743656
4.2122236717180484e-11,166.19833752875439
4.232000044585759e-11,166.97859703582901
4.2518692674429964e-11,167.76251947215215
4.2718317762200632e-11,168.55012203152853
4.2918880088940048e-11,169.34142198845578
4.3120384054981161e-11,170.13643669849858
4.332283408131663e-11,170.93518359867178
4.352623460969565e-11,171.73768020782182
4.3730590102721433e-11,172.54394412701055
4.3935905043949063e-11,173.3539930399007
4.4142183937983926e-11,174.16784471314406
4.4349431310580498e-11,174.98551699676975
4.4557651708741649e-11,175.80702782457612
4.4766849700818422e-11,176.63239521452343
4.4977029876610238e-11,177.46163726912863
4.5188196847465615e-11,178.29477217586197
4.540035524638333e-11,179.13181820754565
4.5613509728114064e-11,179.97279372275386
4.5827664969262551e-11,180.81771716621554
4.6042825668390142e-11,181.66660706921806
4.6258996546117939e-11,182.51948205001347
4.647618234523032e-11,183.37636081422616
4.6694387830778837e-11,184.23726215526236
4.6913617790187503e-11,185.1022049547245
4.7133877033356703e-11,185.97120818282082
4.7355170392769474e-11,186.84429089878347
4.7577502723597345e-11,187.7214722512858
4.7800878903806833e-11,188.60277147886154
4.8025303834266523e-11,189.48820791032668
4.8250782438854529e-11,190.37780096520245
4.8477319664566566e-11,191.27157015414127
4.8704920481624471e-11,192.16953507935375
4.8933589883585247e-11,193.07171543503861
4.9163332887450645e-11,193.9781310078138
4.9394154533777191e-11,194.88880167714998
4.9626059886786821e-11,195.80374741580624
4.9859054034477973e-11,196.72298829026758
5.0093142088737212e-11,197.64654446118445
5.032832918545138e-11,198.57443618381436
5.0564620484620101e-11,199.50668380846523
5.0802021170469787e-11,200.44330778094385
5.1040536451566141e-11,201.38432864299926
5.1280171560929279e-11,202.32976703277603
5.152093175614832e-11,203.27964368526537
5.1762822319496752e-11,204.23397943275955
5.2005848558048299e-11,205.19279520530816
5.2250015803793389e-11,206.15611203117663
5.2495329413756109e-11,207.12395103730671
5.2741794770111773e-11,208.09633344977982
5.2989417280304964e-11,209.0732805942813
5.323820237716821e-11,210.05481389656788
5.3488155519041154e-11,211.04095488293714
5.3739282189890334e-11,212.03172518069931
5.3991587899429479e-11,213.02714651864986
5.4245078183240399e-11,214.02724072754705
5.4499758602894449e-11,215.03202974058883
5.4755634746074313e-11,216.04153559389312
5.5012712226697701e-11,217.05578042698465
5.5270996685038096e-11,218.07478648327026
5.5530493787851607e-11,219.09857611053863
5.5791209228498836e-11,220.12717176143948
5.6053148727070909e-11,221.16059599398062
5.6316318030514777e-11,222.19887147202064
5.6580722912759261e-11,223.24202096576536
5.6846369174841768e-11,224.29006735226679
5.7113262645035545e-11,225.34303361592396
5.7381409178977566e-11,226.40094284898643
5.7650814659796984e-11,227.46381825206038
5.7921484998244228e-11,228.53168313461612
5.8193426132820683e-11,229.60456091549923
5.8466644029908958e-11,230.68247512344325
5.8741144683903803e-11,231.76544939758466
5.9016934117343642e-11,232.85350748798143
5.9294018381042703e-11,233.94667325613247
5.9572403554223708e-11,235.04497067550045
5.9852095744651129e-11,236.14842383203597
6.0133101088766047e-11,237.25705692470873
6.0415425751819404e-11,238.37089426603231
6.0699075928008214e-11,239.48996028259953
6.0984057840611197e-11,240.61427951561706
6.1270377742125369e-11,241.74387662144306
6.1558041914403169e-11,242.87877637212651
6.1847056668790342e-11,244.01900365595034
6.2137428346264325e-11,245.16458347797598
6.2429163317573481e-11,246.3155409605917
6.2722267983376754e-11,247.47190134406151
6.3016748774384171e-11,248.63368998707924
6.3312612151497943e-11,249.80093236732318
6.3609864605954169e-11,250.97365408201426
6.3908512659465255e-11,252.15188084847597
6.4208562864363067e-11,253.33563850469858
6.4510021803742603e-11,254.52495300990404
6.4812896091606206e-11,255.71985044511405
6.5117192373009754e-11,256.92035701372492
6.5422917324206813e-11,258.12649904207507
6.5730077652796207e-11,259.33830298002601
6.6038680097868908e-11,260.55579540154042
6.6348731430155884e-11,261.77900300526375
6.6660238452176667e-11,263.0079526151091
6.6973207998388594e-11,264.24267118084458
6.7287646935336758e-11,265.48318577868326
6.7603562161804611e-11,266.72952361187595
6.7920960608965425e-11,267.98171201130737
6.8239849240534246e-11,269.2397784360939
6.8560235052920786e-11,270.50375047418544
6.8882125075382822e-11,271.77365584296882
6.9205526370180503e-11,273.04952238987539
6.9530446032731243e-11,274.33137809299001
6.9856891191765424e-11,275.61925106166422
7.0184869009482769e-11,276.91316953713135
7.0514386681709524e-11,278.213161893125
7.0845451438056006e-11,279.51925663649911
7.1178070542076391e-11,280.83148240785641
7.1512251291426335e-11,282.14986798216898
7.1848001018024271e-11,283.47444226941252
7.2185327088211932e-11,284.80523431519856
7.2524236902916017e-11,286.1422733014096
7.2864737897810549e-11,287.48558854683887
7.3206837543479972e-11,288.83520950783145
7.3550543345583126e-11,290.19116577892964
7.389586284501791e-11,291.55348709352086
7.4242803618086637e-11,292.92220332448778
7.4591373276662403e-11,294.29734448486357
7.4941579468355972e-11,295.67894072848793
7.5293429876683612e-11,297.0670223506674
7.5646932221235702e-11,298.46161978883907
7.6002094257846029e-11,299.86276362323616
7.6358923778761997e-11,301.27048457755797
7.671742861281528e-11,302.68481351964067
7.7077616625594811e-11,304.10578146213896
7.7439495719617489e-11,305.53341956319599
7.780307383450283e-11,306.96775912713196
7.8168358947146806e-11,308.40883160512664
7.8535359071896895e-11,309.85666859590918
7.8904082260727922e-11,311.31130184644877
7.927453660341865e-11,312.77276325264972
7.9646730227729379e-11,314.24108486005019
8.0020671299580175e-11,315.71629886452308
8.0396368023230074e-11,317.19843761298057
8.077382864145708e-11,318.68753360408272
8.1153061435738987e-11,320.1836194889483
8.1534074726435108e-11,321.68672807186971
8.1916876872968814e-11,323.19689231103092
8.2301476274010934e-11,324.71414531922869
8.2687881367663997e-11,326.23852036459704
8.3076100631647094e-11,327.77005087133512
8.3466142583483142e-11,329.30877042044239
8.3858015780683801e-11,330.85471275044728
8.4251728820938561e-11,332.40791175814962
8.4647290342303014e-11,333.96840149936185
8.5044709023388372e-11,335.53621618965389
8.5443993583551936e-11,337.11139020510262
8.5845152783088318e-11,338.69395808304324
8.6248195423421682e-11,340.28395452282592
8.6653130347298853e-11,341.88141438657448
8.7059966438983317e-11,343.48637269994998
8.7468712624450111e-11,345.09886465291675
8.7879377871581736e-11,346.71892560051259
8.8291971190364832e-11,348.34659106362238
8.870650163308789e-11,349.98189672975542
8.9122978294539873e-11,351.62487845382628
8.9541410312209727e-11,353.27557225893958
8.9961806866486879e-11,354.93401433717827
9.0384177180862656e-11,356.60024105039486
9.0808530522132247e-11,358.27428893100688
9.123487620059952e-11,359.9561946828008
9.16632235702791e-11,361.64599518172713
9.2093582029103008e-11,363.34372747671301
9.2525961019126539e-11,365.04942879047127
9.2960370026735384e-11,366.76313652031484
9.3396818582853787e-11,368.48488823897497
9.3835316263153624e-11,370.21472169542363
9.4275872688264538e-11,371.95267481569886
9.471849752398498e-11,373.69878570373515
9.516320048149427e-11,375.45309264219657
9.5609991317565695e-11,377.21563409331458
9.6058879834780536e-11,378.98644869972952
9.6509875881743162e-11,380.7655752853359
9.6962989353297092e-11,382.55305285613196
9.7418230190742121e-11,384.34892060107285
9.7875608382052365e-11,386.15321789292784
9.8335133962095058e-11,387.96598428914001
9.8796817012852308e-11,389.78725953269901
9.926066766363985e-11,391.61708355299885
9.972669609133097e-11,393.45549646672021
1.0019491252057928e-10,395.30253857870446
1.0066532722404312e-10,397.15825038283589
1.0113795052261093e-10,399.02267256292828
1.0161279278562767e-10,400.89584599361376
1.020898644311223e-10,402.7778117412372
1.0256917592603645e-10,404.66861106475511
1.0305073778645392e-10,406.56828541663737
1.0353456057783157e-10,408.4768764437739
1.0402065491523095e-10,410.3944259883865
1.0450903146355133e-10,412.32097608894264
1.0499970093776364e-10,414.25656898107633
1.0549267410314551e-10,416.20124709851075
1.0598796177551757e-10,418.15505307398723
1.0648557482148019e-10,420.11802974019565
1.0698552415865416e-10,422.09022013071905
1.0748782075591539e-10,424.07166748095761
1.0799247563364167e-10,426.06241522909619
1.084994998639497e-10,428.06250701703709
1.090089045709401e-10,430.07198669136227
1.0952070093094117e-10,432.09089830429104
1.1003490017275396e-10,434.11928611464231
1.1055151357789875e-10,436.15719458880397
1.1107055248086246e-10,438.2046684017044
1.1159202826934741e-10,440.26175243778926
1.1211595238452114e-10,442.32849179200349
1.1264233632126741e-10,444.40493177077747
1.1317119162843843e-10,446.49111789301725
1.1370252990910818e-10,448.58709589110015
1.1423636282082709e-10,450.6929117118745
1.147727020758777e-10,452.80861151766521
1.1531155944153119e-10,454.93424168727995
1.1585294674030793e-10,457.06984881703335
1.1639687585023169e-10,459.21547972174506
1.1694335870509679e-10,461.37118143578994
1.1749240729472476e-10,463.53700121410498
1.1804403366522985e-10,465.71298653323259
1.1859824991928268e-10,467.89918509235645
1.1915506821637587e-10,470.09564481434387
1.1971450077309084e-10,472.30241384679471
1.2027655986336579e-10,474.51954056309251
1.2084125781876502e-10,476.74707356346335
1.2140860702874949e-10,478.98506167603767
1.2197861994094856e-10,481.23355395791725
1.2255130906143326e-10,483.49259969624899
1.2312668695499047e-10,485.76224840930075
1.2370476624539876e-10,488.0425498475451
1.2428555961570527e-10,490.33355399474618
1.2486907980850401e-10,492.63531106905242
1.2545533962621535e-10,494.94787152409424
1.2604435193136657e-10,497.27128605008517
1.2663612964687592e-10,499.6056055749375
1.2723068575633315e-10,501.95088126536353
1.2782803330428649e-10,504.30716452800209
1.284281853965282e-10,506.6745070105398
1.2903115520038227e-10,509.05296060284053
1.2963695594499311e-10,511.44257743807856
1.3024560092161598e-10,513.84340989387897
1.3085710348390853e-10,516.25551059346185
1.3147147704822376e-10,518.67893240679246
1.3208873509390439e-10,521.11372845173685
1.327088911635786e-10,523.55995209522212
1.3333195886345716e-10,526.01765695440361
1.3395795186363194e-10,528.48689689783555
1.3458688389837583e-10,530.96772604665011
1.3521876876644409e-10,533.4601987757369
1.3585362033137708e-10,535.96436971493483
1.3649145252180383e-10,538.48029375022054
1.371322793317505e-10,541.00802602492115
1.3777611482094125e-10,543.54762194089369
1.3842297311511444e-10,546.09913715976643
1.3907286840632652e-10,548.66262760413122
1.3972581495326612e-10,551.23814945877666
1.4038182708156641e-10,553.82575917191298
1.4104091918411924e-10,556.42551345640527
1.4170310572139118e-10,559.03746929101328
1.4236840122174047e-10,561.66168392163581
1.4303682028173607e-10,564.29821486256128
1.4370837756647769e-10,566.94711989772475
1.4438308780991764e-10,569.6084570819695
1.4506096581518409e-10,572.28228474231571
1.4574202645490583e-10,574.96866147923538
1.4642628467153857e-10,577.66764616793125
1.471137554776928e-10,580.3792979596235
1.4780445395646313e-10,583.10367628284223
1.4849839526175928e-10,585.84084084472488
1.491955946186379e-10,588.59085163231885
1.49896067323639e-10,591.35376891390024
1.5059982874511797e-10,594.12965324027721
1.5130689432358525e-10,596.91856544612142
1.520172795720443e-10,599.72056665129423
1.5273100007633213e-10,602.53571826218194
1.5344807149546121e-10,605.36408197303717
1.5416850956196294e-10,608.2057197673256
1.5489233008223295e-10,611.06069391908034
1.5561954893687781e-10,613.92906699426146
1.5635018208106346e-10,616.81090185212236
1.5708424554486535e-10,619.70626164658347
1.5782175543361993e-10,622.61520982761022
1.5856272792827829e-10,625.53781014259891
1.5930717928576094e-10,628.47412663776947
1.6005512583931456e-10,631.42422365956281
1.6080658399887036e-10,634.38816585604707
1.6156157025140348e-10,637.3660181783257
1.6232010116129796e-10,640.35784588196941
1.6308219337070294e-10,643.36371452841206
1.63847863599907e-10,646.38368998641829
1.6461712864769777e-10,649.41783843349356
1.6539000539173375e-10,652.46622635734138
1.6616651078891404e-10,655.52892055731354
1.6694666187575026e-10,658.60598814586672
1.6773047576874037e-10,661.69749655002897
1.6851796966474427e-10,664.80351351287129
1.6930916084136104e-10,667.92410709498654
1.7010406665730795e-10,671.0593456759749
1.7090270455280145e-10,674.2092979559377
1.7170509204993972e-10,677.3740329569747
1.7251124675308709e-10,680.55362002469394
1.7332118634926034e-10,683.74812882972253
1.7413492860851671e-10,686.95762936922893
1.7495249138434303e-10,690.18219196844757
1.7577389261405112e-10,693.421887282228
1.7659915031916335e-10,696.67678629654597
1.7742828260581804e-10,699.94696033009143
1.7826130766515899e-10,703.23248103579556
1.7909824377373793e-10,706.53342040240716
1.7993910929391505e-10,709.84985075606221
1.8078392267426169e-10,713.18184476186059
1.8163270244996513e-10,716.52947542545326
1.8248546724323534e-10,719.89281609463512
1.8334223576371341e-10,723.27194046094485
1.8420302680888221e-10,726.66692256127351
1.8506785926447864e-10,730.07783677948021
1.8593675210490813e-10,733.50475784801483
1.8680972439366075e-10,736.94776084954822
1.8768679528372974e-10,740.40692121861161
1.885679840180314e-10,743.88231474324095
1.8945330992982754e-10,747.37401756663166
1.9034279244314955e-10,750.88210618879896
1.9123645107322376e-10,754.40665746824448
1.9213430542690275e-10,757.94774862364488
1.9303637520309088e-10,761.5054572355175
1.9394268019317955e-10,765.07986124792637
1.9485324028148063e-10,768.67103897017751
1.9576807544566281e-10,772.27906907852889
1.9668720575718979e-10,775.90403061790596
1.9761065138176076e-10,779.54600300362551
1.9853843257975276e-10,783.20506602312742
1.9947056970666525e-10,786.88129983771648
2.0040708321356665e-10,790.57478498430964
2.0134799364754302e-10,794.28560237719182
2.0229332165214899e-10,798.01383330978229
2.0324308796786056e-10,801.75955945640612
2.0419731343253013e-10,805.5228628740764
2.051560189818438e-10,809.30382600428231
2.0611922564978061e-10,813.10253167478868
2.0708695456907319e-10,816.91906310143793
2.0805922697167563e-10,820.75350388998027
2.0903606418922008e-10,824.60593803786162
2.1001748765349654e-10,828.47644993610152
2.1100351889691369e-10,832.36512437109513
2.1199417955297577e-10,836.27204652648061
2.1298949135675615e-10,840.19730198499099
2.1398947614537426e-10,844.14097673032188
2.1499415585847482e-10,848.10315714900366
2.1600355253870896e-10,852.0839300322873
2.1701768833221807e-10,856.08338257803439
2.1803658548911954e-10,860.10160239261904
2.1906026636399496e-10,864.13867749283702
2.2008875341638063e-10,868.19469630782532
2.2112206921126023e-10,872.26974768098751
2.2216023641955998e-10,876.36392087193258
2.2320327781864598e-10,880.47730555841906
2.2425121629282308e-10,884.60999183830654
2.2530407483384154e-10,888.76207023153631
2.2636187654139127e-10,892.93363168206599
2.2742464462362164e-10,897.12476755990087
2.2849240239764054e-10,901.33556966304536
2.2956517329003042e-10,905.56613021952205
2.3064298083736148e-10,909.81654188937739
2.3172584868670802e-10,914.08689776670099
2.3281380059616726e-10,918.37729138165378
2.3390686043538056e-10,922.68781670250667
2.3500505218605723e-10,927.018568137687
2.3610839994250048e-10,931.36964053783595
2.3721692791213627e-10,935.7411291978741
2.3833066041604433e-10,940.13312985907999
2.3944962188949165e-10,944.54573871117259
2.4057383688246889e-10,948.97905239440865
2.4170333006022862e-10,953.43316800168873
2.4283812620382674e-10,957.90818308066957
2.4397825021066618e-10,962.40419563589069
2.4512372709504198e-10,966.92130413090547
2.4627458198869419e-10,971.45960749043911
2.4743084014135339e-10,976.01920510252364
2.485925269212984e-10,980.60019682067366
2.4975966781591211e-10,985.20268296606127
2.509322884322405e-10,989.82676432969674
2.5211041449755453e-10,994.47254217462751
2.5329407185991472e-10,999.14011823813996
2.5448328648873789e-10,1003.8295947339769
2.5567808447536735e-10,1008.5410743545622
2.5687849203364514e-10,1013.2746602732373
2.5808453550048707e-10,1018.0304561465069
2.5929624133646085e-10,1022.8085661162976
2.6051363612636623e-10,1027.6090948122219
2.617367465798187e-10,1032.4321473538603
2.6296559953183507e-10,1037.2778293530459
2.6420022194342262e-10,1042.1462469161661
2.6544064090216926e-10,1047.0375066464667
2.666868836228434e-10,1051.9517156463937
2.6793897744797908e-10,1056.8889815198791
2.6919694984849104e-10,1061.8494123747412
2.7046082842426544e-10,1066.8331168249904
2.7173064090477089e-10,1071.8402039932168
2.7300641514966585e-10,1076.8707835129571
2.7428817914940966e-10,1081.9249655310855
2.7557596102587672e-10,1087.002860710204
2.7686978903297369e-10,1092.104580231058
2.7816969155725895e-10,1097.2302357949488
2.7947569711856589e-10,1102.37993962617
2.8078783437062825e-10,1107.5538044744444
2.8210613210170898e-10,1112.75194361738
2.8343061923523186e-10,1117.9744708629353
2.8476132483041594e-10,1123.2215005518915
2.8609827808291325e-10,1128.4931475603437
2.8744150832544926e-10,1133.7895273021979
2.8879104502846643e-10,1139.1107557316832
2.9014691780076969e-10,1144.4569493458675
2.9150915639018075e-10,1149.8282251872117
2.9287779068418363e-10,1155.2247008460865
2.9425285071058513e-10,1160.6464944633492
2.9563436663817257e-10,1166.0937247329084
2.9702236877737555e-10,1171.566510904305
2.9841688758093097e-10,1177.0649727853054
2.9981795364455124e-10,1182.5892307445072
3.0122559770759559e-10,1188.1394057139576
3.0263985065374426e-10,1193.7156191917802
3.0406074351167635e-10,1199.3179932448199
3.054883074557505e-10,1204.9466505112955
3.0692257380668878e-10,1210.6017142034648
3.0836357403226389e-10,1216.2833081103058
3.0981133974798967e-10,1221.9915566002066
3.1126590271781464e-10,1227.7265846236687
3.1272729485481891e-10,1233.4885177160227
3.1419554822191312e-10,1239.2774820001537
3.1567069503254697e-10,1245.0936041892624
3.1715276765140839e-10,1250.937011589587
3.1864179859513847e-10,1256.8078321031921
3.2013782053304408e-10,1262.7061942307437
3.2164086628781414e-10,1268.6322270743001
3.2315096883624e-10,1274.5860603401186
3.2466816130993904e-10,1280.5678243414736
3.2619247699608127e-10,1286.5776500014883
3.277239493381199e-10,1292.6156688559795
3.2926261193652505e-10,1298.6820130563153
3.3080849854952091e-10,1304.7768153722859
3.323616430938263e-10,1310.9002091949892
3.3392207964539897e-10,1317.0523285397264
3.3548984244018312e-10,1323.2333080489163
3.3706496587486066e-10,1329.4432829950174
3.3864748450760567e-10,1335.6823892834664
3.4023743305884141e-10,1341.9507634556267
3.418348464120088e-10,1348.2485426917781
3.4343975961431682e-10,1354.5758648140395
3.4505220787753058e-10,1360.9328682894345
3.4667222657872878e-10,1367.3196922328425
3.4829985126108666e-10,1373.7364764100423
3.4993511763465461e-10,1380.1833612407461
3.5157806157714152e-10,1386.6604878016437
3.5322871913470199e-10,1393.1679978294701
3.5488712652272713e-10,1399.7060337240789
3.5655332012663926e-10,1406.2747385515356
3.5822733650269004e-10,1412.8742560472238
3.5990921237876252e-10,1419.5047306189624
3.6159898465517715e-10,1426.1663073501447
3.6329669040550107e-10,1432.8591320028827
3.6500236687736185e-10,1439.5833510211739
3.6671605149326437e-10,1446.3391115340792
3.6843778185141209e-10,1453.1265613589132
3.7016759572653182e-10,1459.9458490044558
3.7190553107070119e-10,1466.7971236741662
3.7365162601418702e-10,1473.6805352694439
3.7540591886627315e-10,1480.5962343928481
3.7716844811610683e-10,1487.5443723513865
3.7893925243354174e-10,1494.5251011597916
3.807183706699864e-10,1501.5385735438213
3.8250584185925633e-10,1508.5849429435691
3.843017052184309e-10,1515.6643635167932
3.8610600014871342e-10,1522.7769901422619
3.8791876623629558e-10,1529.9229784231097
3.8974004325322619e-10,1537.1024846902144
3.9156987115828371e-10,1544.3156660055877
3.934082900978528e-10,1551.5626801657775
3.9525534040680527e-10,1558.8436857052948
3.9711106260938493e-10,1566.158841900047
3.9897549742009689e-10,1573.5083087707933
4.0084868574460054e-10,1580.892247086616
4.0273066868060567e-10,1588.3108183683921
4.0462148751878207e-10,1595.7641848923363
4.0652118374364765e-10,1603.2525096934428
4.0842979903450144e-10,1610.7759565691081
4.1034737526632013e-10,1618.3346900826152
4.1227395451068472e-10,1625.9288755667276
4.1420957903670222e-10,1633.558679127269
4.1615429131193289e-10,1641.2242676467208
4.1810813400332205e-10,1648.9258087878397
4.200711499781361e-10,1656.6634709972925
4.2204338230490314e-10,1664.4374235093007
4.2402487425435774e-10,1672.2478363493121
4.2601566930039053e-10,1680.0948803376816
4.2801581112100177e-10,1687.9787270933723
4.3002534359925975e-10,1695.8995490376738
4.3204431082426367e-10,1703.857519397935
4.3407275709211079e-10,1711.8528122113194
4.3611072690686662e-10,1719.885602328563
4.3815826498155019e-10,1727.9560654177994
4.4021541623909547e-10,1736.0643779682866
4.4228222581336197e-10,1744.210717294324
4.4435873905010526e-10,1752.3952615390178
4.4644500150798097e-10,1760.6181896781718
4.4854105895954224e-10,1768.8796815241535
4.5064695739224435e-10,1777.1799177297924
4.5276274300945336e-10,1785.5190797922801
4.5488846223146e-10,1793.8973500571126
4.5702416169649808e-10,1802.3149117220246
4.5916988826176768e-10,1810.7719488409618
4.613256890044633e-10,1819.268646328062
4.6349161122280658e-10,1827.8051899616548
4.6566770243708429e-10,1836.3817663882862
4.6785401039069061e-10,1844.9985631267534
4.7005058305117475e-10,1853.6557685721618
4.722574686112935e-10,1862.3535720000023
4.7447471549006835e-10,1871.0921635702464
4.7670237233384587e-10,1879.8717343314502
4.7894048801737299e-10,1888.6924762249184
4.8118911164485747e-10,1897.5545820888096
4.8344829255105329e-10,1906.4582456623386
4.8571808030234049e-10,1915.4036615899563
4.8799852469781336e-10,1924.3910254255588
4.9028967577037271e-10,1933.4205336367206
4.9259158378782356e-10,1942.4923836089349
4.9490429925397795e-10,1951.6067736498871
4.9722787290976339e-10,1960.7639029937386
4.9956235573433561e-10,1969.963971805435
5.0190779894619723e-10,1979.2071811850319
5.0426425400432188e-10,1988.4937331720432
5.0663177260928227e-10,1997.8238307498041
5.0901040670438573e-10,2007.197677849862
5.1140020847681278e-10,2016.6154793563796
5.1380123035876273e-10,2026.077441110564
5.1621352502860164e-10,2035.5837699151057
5.1863714541202867e-10,2045.134673538686
5.2107214468321431e-10,2054.7303607203762
5.2351857626599634e-10,2064.3710411742645
5.2597649383502858e-10,2074.0569255938885
5.2844595131696947e-10,2083.7882256568323
5.3092700289166276e-10,2093.5651540292893
5.3341970299332646e-10,2103.3879243706524
5.3592410631174687e-10,2113.2567513381287
5.3844026779347857e-10,2123.1718505913746
5.4096824264305036e-10,2133.1334387971528
5.4350808632417551e-10,2143.141733634006
5.4605985456096981e-10,2153.1969537969621
5.4862360333917296e-10,2163.2993190022471
5.5119938890737784e-10,2173.4490499920339
5.5378726777826427e-10,2183.6463685392032
5.5638729672983859e-10,2193.8914974521299
5.5899953280667759e-10,2204.1846605794794
5.616240333211913e-10,2214.5260828150886
5.6426085585485493e-10,2224.915990102711
5.6691005825950499e-10,2235.3546094410258
5.6957169865858256e-10,2245.8421688884278
5.7224583544842052e-10,2256.378897567995
5.7493252729952217e-10,2266.9650256724208
5.7763183315784883e-10,2277.6007844689802
5.8034381224611259e-10,2288.2864063045145
5.8306852406507599e-10,2299.0221246104393
5.8580602839485764e-10,2309.8081739077857
5.8855638529624327e-10,2320.6447898122465
5.9131965511200377e-10,2331.5322090392601
5.9409589846821927e-10,2342.4706694091151
5.9688517627560908e-10,2353.4604098520726
5.9968754973086797e-10,2364.5016704135164
6.0250308031800897e-10,2375.5946922591265
6.0533182980971227e-10,2386.739717680076
6.0817386026868068e-10,2397.9369900982506
6.1102923404899853e-10,2409.1867540714852
6.1389801379750983e-10,2420.4892552988695
6.1678026245517787e-10,2431.8447406259816
6.1967604325847569e-10,2443.2534580502452
6.2258541974077182e-10,2454.7156567262618
6.2550845573372315e-10,2466.2315869711724
6.2844521536867639e-10,2477.8015002700536
6.3139576307807445e-10,2489.4256492813247
6.3436016359687015e-10,2501.1042878421963
6.3733848196394695e-10,2512.837670974126
6.4033078352354556e-10,2524.6260548883151
6.4333713392669731e-10,2536.4696969912166
6.4635759913266524e-10,2548.3688558900822
6.4939224541039061e-10,2560.3237913985195
6.5244113933994718e-10,2572.3347645420904
6.5550434781400194e-10,2584.4020375639216
6.5858193803928258e-10,2596.5258739303463
6.6167397753804942e-10,2608.706538336568
6.6478053414959046e-10,2620.9442967123987
6.6790167603167967e-10,2633.2394162278651
6.7103747166211066e-10,2645.5921652991055
6.7418798984016902e-10,2658.0028135940192
6.7735329968815566e-10,2670.4716320381244
6.8053347065290015e-10,2682.9988928203647
6.8372857250728475e-10,2695.5848693989692
6.869386753517751e-10,2708.2298365073229
6.9016384961595825e-10,2720.9340701598767
6.9340416606008784e-10,2733.6978476580748
6.9665969577663661e-10,2746.5214475963189
6.9993051019185625e-10,2759.4051498679496
7.032166810673442e-10,2772.3492356712613
7.0651828050161871e-10,2785.3539875155457
7.0983538093169984e-10,2798.4196892271571
7.1316805513469938e-10,2811.5466259556083
7.1651637622941735e-10,2824.7350841796947
7.1988041767794614e-10,2837.9853517136517
7.2326025328727967e-10,2851.2977177133148
7.2665595721094379e-10,2864.6724726823741
7.3006760395060654e-10,2878.1099084785528
7.3349526835772349e-10,2891.6103183199029
7.3693902563517766e-10,2905.1739967910962
7.4039895133892936e-10,2918.8012398497453
7.4387512137967377e-10,2932.4923448327522
7.4736761202450643e-10,2946.2476104626876
7.5087649989859667e-10,2960.0673368542025
7.5440186198686851e-10,2973.9518255204634
7.5794377563569009e-10,2987.9013793796212
7.6150231855457033e-10,3001.9163027613067
7.6507756881786392e-10,3015.9969014131598
7.6866960486648436e-10,3030.1434825073798
7.7227850550962505e-10,3044.3563546473142
7.7590434992648796e-10,3058.6358278740786
7.7954721766802129e-10,3072.9822136731941
7.8320718865866141e-10,3087.3958249812572
7.8688434319810242e-10,3101.8769761927056
7.9057876196302246e-10,3116.4259831664203
7.9429052600889918e-10,3131.0431632326636
7.9801971677175229e-10,3145.7288351997458
8.0176641606994651e-10,3160.4833193609124
8.0553070610598354e-10,3175.306937501191
8.0931266946830534e-10,3190.2000129042872
8.1311238913310634e-10,3205.162870359502
8.16929948466154e-10,3220.1958361686911
8.2076543122461749e-10,3235.2992381532463
8.2461892155890566e-10,3250.4734056611142
8.2849050401451323e-10,3265.7186695738455
8.3238026353387553e-10,3281.0353623136789
8.3628828545823244e-10,3296.4238178506462
8.4021465552950043e-10,3311.884371709727
8.4415945989215414e-10,3327.4173609780246
8.481227850951125e-10,3343.0231243119583
8.5210471809365528e-10,3358.7020019445772
8.5610534625129245e-10,3374.454335692687
8.6012475734172971e-10,3390.2804689643554
8.6416303955075618e-10,3406.1807467660924
8.6822028147819629e-10,3422.1555157103021
8.7229657213985017e-10,3438.2051240226756
8.7639200096944681e-10,3454.3299215496336
8.8050665782060625e-10,3470.5302597658033
8.8464063296881106e-10,3486.8064917815318
8.8879401711338638e-10,3503.1589723504153
8.9296690137949078e-10,3519.5880578768983
8.9715937732011489e-10,3536.0941064238714
9.0137153691809016e-10,3552.6774777203218
9.0560347258810711e-10,3569.3385331690142
9.0985527717874311e-10,3586.0776358542139
9.1412704397449869e-10,3602.8951505494247
9.1841886669784531e-10,3619.7914437251866
9.227308395112806e-10,3636.7668835568911
9.2706305701939124e-10,3653.8218399326261
9.3141561427094315e-10,3670.9566844611227
9.3578860676094471e-10,3688.1717904796028
9.4018213043275684e-10,3705.467533061792
9.4459628168019345e-10,3722.8442890259103
9.4903115734963802e-10,3740.302436942708
9.534868547421667e-10,3757.8423571435319
9.5796347161568393e-10,3775.4644317284437
9.6246110618706732e-10,3793.1690445743557
9.66979857134322e-10,3810.9565813432164
9.7151982359874624e-10,3828.8274294902285
9.7608110518710625e-10,3846.781978272109
9.8066380197382125e-10,3864.8206187553719
9.8526801450315996e-10,3882.9437438246719
9.8989384379144554e-10,3901.1517481911578
9.9454139132927278e-10,3919.4450284008926
9.9921075908373429e-10,3937.823982843287
1.0039020495006534e-09,3956.2890117595671
1.008615365506853e-09,3974.8405172513753
1.0133508105123678e-09,3993.4789032891549
1.0181084884127713e-09,4012.2045757209644
1.0228885035914097e-09,4031.0179422809415
1.0276909609217128e-09,4049.9194125980562
1.0325159657694905e-09,4068.9093982048093
1.0373636239952449e-09,4087.9883125459814
1.0422340419564931e-09,4107.1565709874285
1.0471273265100993e-09,4126.4145908249075
1.0520435850146214e-09,4145.7627912929556
1.0569829253326644e-09,4165.2015935737936
1.0619454558332484e-09,4184.7314208062853
1.0669312853941851e-09,4204.3526980949164
1.0719405234044675e-09,4224.0658525188346
1.0769732797666693e-09,4243.8713131409222
1.0820296648993562e-09,4263.7695110169034
1.0871097897395044e-09,4283.7608792044866
1.0922137657449564e-09,4303.8458527726425
1.0973417048968176e-09,4324.0248688106476
1.1024937197019803e-09,4344.2983664376261
1.1076699231955197e-09,4364.6667868115874
1.1128704289432424e-09,4385.130573139053
1.1180953510441274e-09,4405.69017068426
1.1233448041328527e-09,4426.3460267786986
1.1286189033823058e-09,4447.0985908305829
1.1339177645061103e-09,4467.9483143343741
1.1392415037611643e-09,4488.8956508803622
1.1445902379501926e-09,4509.9410561642708
1.1499640844243074e-09,4531.0849879969282
1.1553631610855842e-09,4552.3279063139516
1.1607875863896483e-09,4573.6702731855121
1.1662374793482737e-09,4595.1125528261064
1.1717129595319943e-09,4616.6552116043986
1.177214147072722e-09,4638.2987180530745
1.182741162666407e-09,4660.0435428788542
1.1882941275756325e-09,4681.8901589722564
1.1938731636323485e-09,4703.8390414178839
1.1994783932404657e-09,4725.8906675041726
1.2051099393786152e-09,4748.0455167337877
1.2107679256027929e-09,4770.3040708335448
1.2164524760490942e-09,4792.6668137647011
1.2221637154364328e-09,4815.1342317331673
1.227901769069278e-09,4837.7068131997976
1.2336667628404019e-09,4860.3850488906974
1.2394588232336437e-09,4883.169431807617
1.2452780773266832e-09,4906.0604572383527
1.2511246527938291e-09,4929.0586227672229
1.256998677908821e-09,4952.1644282855705
1.2629002815476434e-09,4975.3783760023325
1.268829593191352e-09,4998.7009704546335
1.2747867429289165e-09,5022.1327185184455
1.2807718614600732e-09,5045.6741294192861
1.2867850800981883e-09,5069.3257147429431
1.2928265307731643e-09,5093.0879884463793
1.2988963460342774e-09,5116.9614668683398
1.3049946590531594e-09,5140.946668740542
1.3111216036266607e-09,5165.0441151983796
1.3172773141798127e-09,5189.254329792022
1.323461925768772e-09,5213.5778384974255
1.3296755740837835e-09,5238.0151697274241
1.3359183954521564e-09,5262.5668543428601
1.3421905268412572e-09,5287.2334256637723
1.3484921058615127e-09,5312.0154194806346
1.3548232707694303e-09,5336.9133740656316
1.3611841604706316e-09,5361.9278301839977
1.3675749145228991e-09,5387.0593311054045
1.3739956731392385e-09,5412.3084226153933
1.3804465771909552e-09,5437.6756530268594
1.3869277682107445e-09,5463.161573191589
1.3934393883957918e-09,5488.7667365118314
1.3999815806109204e-09,5514.4916989520434
1.4065544883916631e-09,5540.337019050331
1.4131582559474978e-09,5566.3032579305391
1.4197930281649186e-09,5592.3909793136727
1.426458950610702e-09,5618.6007495300919
1.4331561695350365e-09,5644.9331375311604
1.439884831874761e-09,5671.3887149013044
1.4466450852565816e-09,5697.9680558700002
1.4534370780003113e-09,5724.671737323828
1.460260959122124e-09,5751.5003388185833
1.4671168783378246e-09,5778.4544425914455
1.4740049860661321e-09,5805.534633573182
1.4809254334319811e-09,5832.7414994004384
1.4878783722698376e-09,5860.0756304280476
1.4948639551270294e-09,5887.5376197414198
1.5018823352670933e-09,5915.1280631689724
1.5089336666731318e-09,5942.8475592945961
1.516018104051222e-09,5970.6967094703195
1.5231358028337422e-09,5998.6761178286442
1.5302869191828748e-09,6026.7863912955609
1.537471609993933e-09,6055.028139602874
1.5446900328988965e-09,6083.4019753013281
1.551942346269802e-09,6111.908513773169
1.5592287092222478e-09,6140.5483732451403
1.5665492816188796e-09,6169.322174801393
1.5739042240728978e-09,6198.2305423964872
1.5812936979515809e-09,6227.2741028684268
1.5887178653798258e-09,6256.4534859517789
1.5961768892437056e-09,6285.7693242908308
1.6036709331940429e-09,6315.2222534528146
1.61120016165e-09,6344.8129119411897
1.6187647398026861e-09,6374.5419412089677
1.626364833618783e-09,6404.4099856721332
1.6340006098441842e-09,6434.4176927230683
1.6416722360076556e-09,6464.5657127441036
1.6493798804245023e-09,6494.854699121026
1.6571237122002967e-09,6525.2853082568654
1.6649039012345136e-09,6555.8581995852992
1.6727206182243524e-09,6586.5740355847593
1.6805740346684083e-09,6617.4334817919707
1.6884643228704685e-09,6648.4372068159428
1.6963916559432855e-09,6679.5858823518811
1.7043562078123757e-09,6710.8801831951787
1.7123581532198348e-09,6742.3207872554731
1.7203976677281724e-09,6773.9083755707707
1.7284749277241629e-09,6805.6436323216085
1.7365901104227159e-09,6837.5272448453024
1.7447433938707649e-09,6869.5599036502526
1.7529349569511721e-09,6901.7423024302998
1.7611649793866549e-09,6934.0751380791589
1.7694336417437274e-09,6966.559110704904
1.7777411254366631e-09,6999.1949236445153
1.7860876127314673e-09,7031.9832834784838
1.794473286749913e-09,7064.9249000456139
1.8028983314734774e-09,7098.0204864574616
1.8113629317474894e-09,7131.2707591135741
1.8198672732850662e-09,7164.676437715887
1.8284115426713001e-09,7198.2382452841166
1.8369959273672688e-09,7231.9569081704167
1.8456206157141874e-09,7265.8331560746037
1.8542857969375316e-09,7299.8677220592635
1.8629916611511905e-09,7334.0613425649317
1.8717383993616365e-09,7368.4147574253666
1.880526203472117e-09,7402.92870988288
1.8893552662868648e-09,7437.6039466037273
1.8982257815153264e-09,7472.441217693563
1.9071379437764149e-09,7507.4412767129825
1.9160919486027773e-09,7542.6048806931149
1.9250879924450863e-09,7577.9327901512661
1.9341262726763412e-09,7613.4257691066496
1.9432069875962388e-09,7649.0845850963178
1.9523303364354367e-09,7684.9100091906912
1.9614965193600427e-09,7720.9028160099688
1.9707057374758809e-09,7757.0637837396189
1.9799581928330207e-09,7793.3936941469301
1.9892540884301255e-09,7829.8933325968055
1.9985936282189437e-09,7866.5634880681409
2.0079770171087762e-09,7903.4049531700493
2.0174044609709728e-09,7940.4185241582391
2.0268761666434475e-09,7977.6050009514247
2.0363923419352187e-09,8014.965187147809
2.0459531956309666e-09,8052.4998900416676
2.0555589374956144e-09,8090.2099206399662
2.0652097782789308e-09,8128.0960936790589
2.074905929720155e-09,8166.1592276414985
2.084647604552639e-09,8204.4001447728497
2.0944350165085188e-09,8242.8196710986267
2.1042683803234008e-09,8281.4186364412817
2.1141479117410665e-09,8320.1978744372518
2.1240738275182472e-09,8359.1582225542406
2.1340463454292859e-09,8398.3005221080857
2.1440656842710361e-09,8437.6256182805009
2.1541320638675673e-09,8477.134360136075
2.1642457050750295e-09,8516.8276006398664
2.174406829786493e-09,8556.7061966748879
2.1846156609368138e-09,8596.7710090596811
2.1948724225075272e-09,8637.0229025659792
2.2051773395317601e-09,8677.4627459364438
2.2155306380991696e-09,8718.0914119024637
2.2259325453609023e-09,8758.9097772020505
2.2363832895345786e-09,8799.9187225977967
2.2468830999093002e-09,8841.1191328949153
2.2574322068506801e-09,8882.5118969593495
2.2680308418058958e-09,8924.0979077359643
2.2786792373087697e-09,8965.8780622668164
2.2893776269848595e-09,9007.8532617094734
2.3001262455566315e-09,9050.0244113556018
2.3109253288485076e-09,9092.392420649081
2.3217751137921795e-09,9134.9582032051276
2.3326758384316568e-09,9177.722676828369
2.3436277419286303e-09,9220.6867635321305
2.3546310645676172e-09,9263.851389556854
2.3656860477612782e-09,9307.2174853891756
2.3767929340557055e-09,9350.7859857808598
2.387951967135745e-09,9394.5578297678712
2.3991633918303404e-09,9438.5339606894941
2.4104274541179081e-09,9482.7153262075626
2.4217444011317304e-09,9527.1028783257625
2.433114481165381e-09,9571.6975734089992
2.4445379436781701e-09,9616.500372202876
2.4560150393006178e-09,9661.5122398532185
2.4675460198399545e-09,9706.7341459257223
2.4791311382856339e-09,9752.1670644256046
2.4907706488149346e-09,9797.8119738176156
2.5024648067984253e-09,9843.6698570454464
2.5142138688057206e-09,9889.7417015523133
2.5260180926109463e-09,9936.0284993003443
2.5378777371985475e-09,9982.5312467913118
2.5497930627688607e-09,10029.2509450864
2.5617643307438712e-09,10076.188599826706
2.5737918037729393e-09,10123.345221253567
2.5858757457385641e-09,10170.72182422904
2.5980164217621708e-09,10218.319428256449
2.6102140982099289e-09,10266.139057501008
2.6224690426985959e-09,10314.181740810565
2.6347815241013898e-09,10362.448511736398
2.6471518125538857e-09,10410.94040855411
2.6595801794599454e-09,10459.658474284624
2.6720668974976704e-09,10508.603756715243
2.6846122406253841e-09,10557.777308420804
2.6972164840876436e-09,10607.180186784932
2.7098799044212677e-09,10656.813454021343
2.7226027794614575e-09,10706.678177195456
2.735385388347772e-09,10756.775428245443
2.7482280115304191e-09,10807.106284004491
2.7611309307762285e-09,10857.671826221773
2.7740944291750039e-09,10908.473141584907
2.7871187911456083e-09,10959.511321741331
2.800204302442262e-09,11010.787463320483
2.8133512501608002e-09,11062.302667955819
2.8265599227449714e-09,11114.058042306939
2.8398306099927673e-09,11166.054698081845
2.8531636030627789e-09,11218.293752059244
2.8665591944805859e-09,11270.776326110978
2.880017678145175e-09,11323.50354722454
2.8935393493353866e-09,11376.476547525661
2.9071245047163948e-09,11429.696464301014
2.9207734423462143e-09,11483.164440021006
2.9344864616822308e-09,11536.88162236262
2.9482638635878274e-09,11590.849164232595
2.9621059503388564e-09,11645.068223790033
2.9760130256304503e-09,11699.539964470221
2.989985394583492e-09,11754.265555007159
3.0040233637514909e-09,11809.246169457632
3.0181272411271745e-09,11864.482987224112
3.0322973361493085e-09,11919.977193078585
3.0465339597094707e-09,11975.729977186103
3.0608374241588747e-09,12031.742535128546
3.0752080433152217e-09,12088.016067928464
3.0896461324695853e-09,12144.551782072986
3.104152008393329e-09,12201.350889537876
3.1187259893450576e-09,12258.414607811661
3.1333683950775985e-09,12315.744159919821
3.1480795468450165e-09,12373.340774449161
3.1628597674096636e-09,12431.205685572218
3.1777093810492599e-09,12489.340133071755
3.1926287135640071e-09,12547.745362365436
3.2076180922837263e-09,12606.422624530453
3.2226778460751008e-09,12665.373176328618
3.2378083053487511e-09,12724.598280230723
3.2530098020666666e-09,12784.099204442289
3.2682826697493431e-09,12843.8772229281
3.2836272434831681e-09,12903.933615437705
3.2990438599277574e-09,12964.269667530689
3.3145328573233424e-09,13024.886670602104
3.3300945754981917e-09,13085.785921907975
3.3457293558760656e-09,13146.968724590972
3.3614375414837074e-09,13208.43638770611
3.3772194769583707e-09,13270.190226246617
3.393075508555378e-09,13332.231561169863
3.4090059841557201e-09,13394.56171942338
3.425011253273688e-09,13457.182033971067
3.441091667064539e-09,13520.093843819408
3.4572475783322056e-09,13583.298494043831
3.4734793415370168e-09,13646.797335815136
3.4897873128035492e-09,13710.591726426315
3.5061718499282837e-09,13774.683029318659
3.5226333123876671e-09,13839.072614109324
3.5391720613457732e-09,13903.761856617368
3.5557884596624395e-09,13968.752138891565
3.5724828719010722e-09,14034.044849236881
3.5892556643367146e-09,14099.641382242007
3.6061072049640701e-09,14165.543138806561
3.623037863505576e-09,14231.751526168548
3.6400480114195156e-09,14298.267957931916
3.6571380219081654e-09,14365.093854094115
3.674308269925987e-09,14432.230641073964
3.6915591321878506e-09,14499.679751739406
3.7088909871773016e-09,14567.442625435542
3.7263042151548636e-09,14635.520708012678
3.7437991981663821e-09,14703.915451854542
3.7613763200513921e-09,14772.62831590651
3.7790359664516126e-09,14841.660765704297
3.7967785248192422e-09,14911.014273401857
3.8146043844256914e-09,14980.69031780092
3.8325139363698718e-09,15050.690384378711
3.8505075735870132e-09,15121.0159653178
3.8685856908571107e-09,15191.668559534344
3.8867486848136675e-09,15262.649672707517
3.9049969539523789e-09,15333.960817308593
3.9233308986398738e-09,15405.603512630318
3.9417509211225035e-09,15477.579284816291
3.9602574255351637e-09,15549.889666890518
3.978850817910161e-09,15622.536198787047
3.9975315061861215e-09,15695.520427379775
4.0162999002169428e-09,15768.843906512273
4.0351564117807845e-09,15842.508197027837
4.0541014545891033e-09,15916.514866799571
4.0731354442957274e-09,15990.865490760607
4.0922587985059821e-09,16065.561650934487
4.1114719367858264e-09,16140.604936465525
4.1307752806711501e-09,16215.996943649721
4.1501692536768345e-09,16291.739275964748
4.1696542813062783e-09,16367.833544101673
4.1892307910605494e-09,16444.281365995161
4.2088992124478481e-09,16521.084366854855
4.2286599769929169e-09,16598.244179196492
4.2485135182465002e-09,16675.762442873169
4.2684602717948658e-09,16753.640805106774
4.2885006752693553e-09,16831.880920519459
4.3086351683559884e-09,16910.484451165357
4.3288641928051061e-09,16989.45306656227
4.3491881924410699e-09,17068.788443723613
4.3696076131719921e-09,17148.492267190388
4.3901229029995217e-09,17228.566229063323
4.4107345120286747e-09,17309.012029035093
4.431442892477707e-09,17389.831374422723
4.452248498688021e-09,17471.025980199982
4.4731517871342223e-09,17552.597569030379
4.4941532164339327e-09,17634.547871299044
4.5152532473581323e-09,17716.878625146761
4.5364523428409697e-09,17799.591576501702
4.5577509679901967e-09,17882.688479113669
4.5791495900971704e-09,17966.171094586509
4.6006486786471975e-09,18050.041192411802
4.6222487053298157e-09,18134.30055000231
4.6439501440491451e-09,18218.950952725536
4.6657534709342805e-09,18303.994193937451
4.687659164349744e-09,18389.432075016379
4.7096677049059747e-09,18475.266405396891
4.7317795754698769e-09,18561.499002603992
4.7539952611754136e-09,18648.131692287301
4.7763152494342486e-09,18735.166308255393
4.7987400299464432e-09,18822.604692510286
4.8212700947111758e-09,18910.448695281972
4.8439059380376399e-09,18998.700175063525
4.8666480565556704e-09,19087.360998645108
4.8894969492269356e-09,19176.433041150125
4.9124531173555679e-09,19265.918186069084
4.9355170645994576e-09,19355.818325296004
4.9586892969810912e-09,19446.135359162916
4.9819703228987458e-09,19536.871196475775
5.0053606531376259e-09,19628.02775454997
5.0288608008810733e-09,19719.606959246128
5.0524712817218198e-09,19811.610745005935
5.0761926136733059e-09,19904.041054888188
5.1000253171810409e-09,19996.899840604932
5.1239699151340266e-09,20090.189062557729
5.1480269328762234e-09,20183.910689874065
5.1721968982180816e-09,20278.066700443847
5.1964803414481171e-09,20372.659080956124
5.2208777953445506e-09,20467.689826935832
5.2453897951869927e-09,20563.160942780756
5.2700168787681694e-09,20659.074441798468
5.2947595864058275e-09,20755.432346243964
5.3196184609543493e-09,20852.236687356035
5.3445940478169724e-09,20949.489505395926
5.36968689495751e-09,21047.192849683965
5.3948975529124873e-09,21145.348778637715
5.4202265748031936e-09,21243.959359809731
5.445674516347822e-09,21343.026669925559
5.471241935873661e-09,21442.552794921845
5.4969293943293421e-09,21542.539829984569
5.5227374552971479e-09,21642.989879587447
5.5486666850053796e-09,21743.905057530446
5.574717652340776e-09,21845.287486978417
5.6008909288609982e-09,21947.139300499901
5.6271870888071666e-09,22049.462640106038
5.6536067091164618e-09,22152.259657289625
5.680150369434784e-09,22255.532513064303
5.706818652129442e-09,22359.283378003787
5.7336121423020528e-09,22463.514432281798
5.7605314278011183e-09,22568.227865710614
5.7875770992352743e-09,22673.425877782232
5.8147497499858733e-09,22779.1106777067
5.842049976220357e-09,22885.284484453558
5.8694783769050741e-09,22991.949526790911
5.897035553818544e-09,23099.108043326232
5.9247221115646327e-09,23206.762282546595
5.9525386575858184e-09,23314.914502859287
5.9804858021765196e-09,23423.566972632467
6.0085641584964852e-09,23532.721970236005
6.0367743425842462e-09,23642.381784082416
6.0651169733706309e-09,23752.548712667962
6.0935926726923467e-09,23863.225064613915
6.1222020653056224e-09,23974.413158707885
6.1509457788999122e-09,24086.115323945356
6.179824444111647e-09,24198.333899571226
6.2088386945381928e-09,24311.071235122075
6.2379891667514761e-09,24424.329690467021
6.2672765003123289e-09,24538.111635851259
6.296701337784114e-09,24652.419451936643
6.3262643247472063e-09,24767.255529845577
6.3559661098128766e-09,24882.622271202323
6.385807344637646e-09,24998.522088176178
6.4157886839375635e-09,25114.957403524088
6.4459107855025629e-09,25231.930650633531
6.4761743102109041e-09,25349.444273565616
6.5065799220436636e-09,25467.500727098155
6.5371282880993083e-09,25586.102476769072
6.5678200786083295e-09,25705.251998919757
6.5986559669479485e-09,25824.951780738746
6.6296366296568879e-09,25945.204320305351
6.6607627464502178e-09,26066.012126633625
6.69203500023427e-09,26187.377719716304
6.7234540771216145e-09,26309.303630568957
6.7550206664460934e-09,26431.792401274204
6.7867354607780756e-09,26554.846585026655
6.8185991559393538e-09,26678.468746176241
6.8506124510188228e-09,26802.661460274627
6.8827760483873718e-09,26927.427314118264
6.9150906537137169e-09,27052.768905795027
6.9475569759795723e-09,27178.688844728124
6.980175727495348e-09,27305.189751721929
7.0129476239157456e-09,27432.274259007245
7.0458733842554658e-09,27559.945010286861
7.0789537309049783e-09,27688.204660781266
7.1121893896463733e-09,27817.055877274397
7.1455810896692863e-09,27946.501338159691
7.1791295635868941e-09,28076.54373348612
7.2128355474519896e-09,28207.185765004473
7.2466997807731294e-09,28338.430146213701
7.2807230065308616e-09,28470.279602407474
7.3149059711939938e-09,28602.736870720732
7.3492494247361226e-09,28735.804700176988
7.3837541206517555e-09,28869.485851734113
7.4184208159732968e-09,29003.783098333068
7.4532502712871706e-09,29138.69922494327
7.4882432507509654e-09,29274.237028611751
7.5234005221098653e-09,29410.399318509317
7.5587228567136413e-09,29547.188915978801
7.5942110295335535e-09,29684.608654582691
7.6298658191793469e-09,29822.661380151108
7.6656880079163356e-09,29961.349950829772
7.7016783816825652e-09,30100.677237128253
7.737837730106058e-09,30240.646121968282
7.774166846522139e-09,30381.259500732252
7.8106665279908365e-09,30522.520281311772
7.8473375753143737e-09,30664.431384156473
7.8841807930547362e-09,30806.995742322808
7.9211969895513227e-09,30950.216301523174
7.9583869769386877e-09,31094.096020175006
7.9957515711643179e-09,31238.637869449944
8.0332915920066991e-09,31383.844833323947
8.0710078630929472e-09,31529.719908625444
8.108901211917335e-09,31676.266105086812
8.1469724698590816e-09,31823.486445392802
8.1852224722007641e-09,31971.383965231231
8.2236520581466079e-09,32119.961713342884
8.262262070840898e-09,32269.222751571844
8.3010533573864787e-09,32419.170154915813
8.3400267688633394e-09,32569.8070115767
8.3791831603472831e-09,32721.136423011212
8.4185233909286951e-09,32873.161503981719
8.4580483237313842e-09,33025.88538260715
8.4977588259315202e-09,33179.311200414049
8.5376557687766661e-09,33333.442112387776
8.5777400276048821e-09,33488.28128702387
8.6180124818639448e-09,33643.831906379477
8.6584740151305919e-09,33800.097166124811
8.6991255151300956e-09,33957.080275595617
8.7399678737553464e-09,34114.784457843452
8.7810019870869513e-09,34273.212949689827
8.8222287554123276e-09,34432.369001776053
8.8636490832459909e-09,34592.255878617638
8.905263879349e-09,34752.87685865508
8.9470740567490827e-09,34914.235234307162
8.9890805327606283e-09,35076.334312023391
9.0312842290048131e-09,35239.177412336845
9.0736860714298218e-09,35402.767869917036
9.1162869903311578e-09,35567.109033622932
9.1590879203720633e-09,35732.204266556197
9.202089800604018e-09,35898.056946114411
9.2452935744873448e-09,36064.670464044539
9.2887001899119088e-09,36232.048226496467
9.3323105992179142e-09,36400.193654076647
9.3761257592167626e-09,36569.110181901815
9.4201466312122308e-09,36738.801259653599
9.4643741810211446e-09,36909.270351630941
9.5088093789951477e-09,37080.520936806577
9.5534532000413674e-09,37252.556508878857
9.5983066236443882e-09,37425.380576328462
9.6433706338873163e-09,37598.996662471283
9.688646219473565e-09,37773.408305513869
9.7341343737484996e-09,37948.619058608019
9.7798360947212439e-09,38124.632489905714
9.8257523850865707e-09,38301.452182614186
9.8718842522468948e-09,38479.081735051019
9.9182327083343853e-09,38657.524760699373
9.9647987702331701e-09,38836.784888263515
1.0011583459601637e-08,39016.865761724177
1.0058587802894863e-08,39197.771040394262
1.0105812831387123e-08,39379.504398974554
1.0153259581194522e-08,39562.069527609558
1.0200929093297703e-08,39745.470131943388
1.0248822413564775e-08,39929.709933176229
1.0296940592774128e-08,40114.792668119946
1.0345284686637575e-08,40300.722089254807
1.0393855755823467e-08,40487.501964785661
1.0442654865980057e-08,40675.136078698873
1.0491683087758746e-08,40863.628230818402
1.054094149683766e-08,41052.982236862888
1.0590431173945229e-08,41243.20192850248
1.06401532048839e-08,41434.291153415696
1.0690108680553958e-08,41626.253775346617
1.0740298696977459e-08,41819.093674161973
1.0790724355322278e-08,42012.814745908414
1.084138676192627e-08,42207.420902869977
1.0892287028321541e-08,42402.916073625485
1.0943426271258836e-08,42599.304203106163
1.0994805612732041e-08,42796.589252653343
1.1046426180002797e-08,42994.775200076227
1.1098289105625209e-08,43193.866039709683
1.1150395527470793e-08,43393.865782472618
1.1202746588753295e-08,43594.77845592548
1.1255343438053868e-08,43796.608104328792
1.1308187229346225e-08,43999.358788701262
1.1361279122022054e-08,44203.034586878544
1.1414620280916306e-08,44407.639593571024
1.1468211876332857e-08,44613.177920422888
1.1522055084070152e-08,44819.653696070513
1.1576151085447005e-08,45027.071066201337
1.1630501067328518e-08,45235.434193612542
1.1685106222152118e-08,45444.747258270036
1.1739967747953722e-08,45655.014457367382
1.1795086848394022e-08,45866.240005384883
1.1850464732784886e-08,46078.428134148744
1.1906102616115907e-08,46291.583092890294
1.1962001719081039e-08,46505.70914830525
1.2018163268105369e-08,46720.810584613115
1.207458849537212e-08,46936.891703616871
1.2131278638849532e-08,47153.956824762092
1.218823494231813e-08,47372.010285196826
1.224545865539798e-08,47591.056439831278
1.2302951033576085e-08,47811.099661397384
1.236071333823403e-08,48032.14434050909
1.2418746836675506e-08,48254.194885721663
1.2477052802154217e-08,48477.255723591981
1.2535632513901784e-08,48701.331298738507
1.2594487257155815e-08,48926.426073901428
1.2653618323188107e-08,49152.544530002691
1.2713027009332971e-08,49379.691166206285
1.2772714619015697e-08,49607.870499978599
1.2832682461781152e-08,49837.087067148539
1.2892931853322509e-08,50067.345421968115
1.2953464115510119e-08,50298.650137172779
1.3014280576420504e-08,50531.005804041946
1.3075382570365476e-08,50764.417032459423
1.3136771437921515e-08,50998.888450974417
1.3198448525959023e-08,51234.42470686153
1.3260415187671977e-08,51471.030466181903
1.3322672782607599e-08,51708.710413843815
1.3385222676696145e-08,51947.469253663287
1.3448066242280998e-08,52187.311708425405
1.3511204858148599e-08,52428.242519944484
1.3574639909558817e-08,52670.266449125353
1.3638372788275308e-08,52913.38827602419
1.3702404892596056e-08,53157.612799909439
1.3766737627384043e-08,53402.94483932283
1.3831372404098084e-08,53649.389232140333
1.3896310640823781e-08,53896.950835633201
1.3961553762304643e-08,54145.634526528986
1.4027103199973349e-08,54395.445201072711
1.4092960391983142e-08,54646.387775087831
1.4159126783239392e-08,54898.467184037414
1.4225603825431266e-08,55151.688383085144
1.4292392977063689e-08,55406.056347156875
1.4359495703489177e-08,55661.576071001131
1.4426913476940098e-08,55918.252569250704
1.4494647776560915e-08,56176.090876483562
1.4562700088440755e-08,56435.096047284445
1.4631071905645842e-08,56695.273156305382
1.4699764728252369e-08,56956.627298327337
1.4768780063379377e-08,57219.163588321127
1.4838119425221831e-08,57482.887161508697
1.4907784335083826e-08,57747.803173424189
1.4977776321411987e-08,58013.916799975101
1.5048096919828971e-08,58281.233237503315
1.5118747673167199e-08,58549.757702846335
1.5189730131502665e-08,58819.49543339821
1.526104585218897e-08,59090.451687170731
1.5332696399891492e-08,59362.631742854282
1.5404683346621694e-08,59636.040899879037
1.5477008271771599e-08,59910.68447847561
1.5549672762148568e-08,60186.567819736629
1.5622678412009918e-08,60463.696285676866
1.5696026823098028e-08,60742.075259294506
1.5769719604675422e-08,61021.710144631783
1.5843758373560196e-08,61302.606366836299
1.591814475416131e-08,61584.769372220821
1.5992880378514345e-08,61868.204628324675
1.6067966886317288e-08,62152.917623974077
1.6143405924966494e-08,62438.913869342839
1.6219199149592843e-08,62726.198896012596
1.6295348223098042e-08,63014.778257033591
1.6371854816191123e-08,63304.657526984825
1.6448720607425082e-08,63595.842302034354
1.6525947283233721e-08,63888.338199999685
1.6603536537968633e-08,64182.150860407666
1.6681490073936394e-08,64477.285944554802
1.6759809601435861e-08,64773.749135566948
1.6838496838795851e-08,65071.546138459838
1.6917553512412607e-08,65370.682680198006
1.6996981356787847e-08,65671.164509755108
1.7076782114566756e-08,65972.997398173335
1.7156957536576204e-08,66276.187138622874
1.7237509381863285e-08,66580.739546461788
1.7318439417733708e-08,66886.660459294522
1.7399749419790713e-08,67193.955737031734
1.748144117197399e-08,67502.631261949005
1.7563516466598812e-08,67812.69293874607
1.7645977104395369e-08,68124.146694605428
1.7728824894548279e-08,68436.998479251153
1.7812061654736262e-08,68751.25426500749
1.7895689211172037e-08,69066.920046857136
1.7979709398642391e-08,69384.001842499783
1.8064124060548415e-08,69702.505692410006
1.8148935048945973e-08,70022.437659895513
1.8234144224586272e-08,70343.803831154641
1.831975345695687e-08,70666.610315334794
1.8405764624322429e-08,70990.863244588996
1.8492179613766104e-08,71316.568774133892
1.8579000321230863e-08,71643.733082306775
1.8666228651561221e-08,71972.362370622912
1.8753866518544826e-08,72302.462863831868
1.8841915844954587e-08,72634.040809974482
1.8930378562590819e-08,72967.102480439353
1.9019256612323637e-08,73301.654170019072
1.9108551944135532e-08,73637.702196966377
1.9198266517164155e-08,73975.252903049957
1.9288402299745299e-08,74314.31265361025
1.9378961269456085e-08,74654.887837614864
1.9469945413158353e-08,74996.984867713807
1.956135672704225e-08,75340.610180294592
1.9653197216670023e-08,75685.770235537042
1.9745468897020037e-08,76032.471517467915
1.9838173792530918e-08,76380.720534014981
1.9931313937146154e-08,76730.523817061912
2.0024891374358464e-08,77081.887922501119
2.0118908157254797e-08,77434.819430288044
2.0213366348561302e-08,77789.324944494161
2.0308268020688732e-08,78145.411093360759
2.040361525577768e-08,78503.084529350846
2.0499410145744432e-08,78862.351929202254
2.0595654792326795e-08,79223.219993979845
2.0692351307130243e-08,79585.695449127568
2.0789501811674215e-08,79949.785044520002
2.0887108437438683e-08,80315.495554513938
2.0985173325910906e-08,80682.833777999447
2.1083698628632422e-08,81051.806538450692
2.1182686507246237e-08,81422.420683976437
2.1282139133544276e-08,81794.683087370242
2.1382058689515009e-08,82168.600646160354
2.1482447367391287e-08,82544.180282658999
2.1583307369698625e-08,82921.428944012325
2.1684640909303246e-08,83300.353602248244
2.1786450209460824e-08,83680.961254325666
2.1888737503865199e-08,84063.258922182271
2.1991505036697362e-08,84447.25365278247
2.2094755062674848e-08,84832.952518165257
2.219848984710095e-08,85220.362615490376
2.2302711665914597e-08,85609.491067085604
2.2407422805740246e-08,86000.345020493027
2.2512625563938036e-08,86392.931648514685
2.2618322248654212e-08,86787.258149258327
2.272451517887175e-08,87183.331746182404
2.2831206684461249e-08,87581.159688140731
2.2938399106232032e-08,87980.74924942675
2.3046094795983516e-08,88382.107729817464
2.3154296116556808e-08,88785.242454616746
2.3263005441886543e-08,89190.16077469835
2.3372225157052926e-08,89596.870066548261
2.3481957658334237e-08,90005.377732307315
2.3592205353259137e-08,90415.691199812078
2.370297066065967e-08,90827.81792263627
2.3814256010724287e-08,91241.765380131576
2.3926063845051117e-08,91657.541077467467
2.4038396616701723e-08,92075.152545671561
2.4151256790254643e-08,92494.607341667928
2.4264646841859639e-08,92915.91304831623
2.4378569259292e-08,93339.077274449868
2.44930265420071e-08,93764.107654913547
2.4608021201195247e-08,94191.011850600393
2.4723555759836782e-08,94619.79754848851
2.4839632752757424e-08,95050.472461676982
2.4956254726683886e-08,95483.044329421333
2.5073424240299758e-08,95917.520917168484
2.5191143864301639e-08,96353.910016590991
2.5309416181455533e-08,96792.219445620882
2.5428243786653467e-08,97232.457048482509
2.5547629286970642e-08,97674.63069572598
2.5667575301722303e-08,98118.74828425789
2.5788084462521414e-08,98564.81773737348
2.5909159413336314e-08,99012.847004786934
2.6030802810548912e-08,99462.844062662276
2.6153017323012654e-08,99914.816913641582
2.6275805632111311e-08,100368.77358687464
2.6399170431817729e-08,100824.7221380468
2.6523114428752946e-08,101282.67064940649
2.6647640342245577e-08,101742.62722979211
2.6772750904391475e-08,102204.6000146579
2.6898448860113668e-08,102668.5971660995
2.7024736967222589e-08,103134.6268728787
2.7151617996476576e-08,103602.69735044723
2.7279094731642674e-08,104072.81684097028
2.7407169969557692e-08,104544.9936133489
2.7535846520189588e-08,105019.23596324165
2.7665127206699042e-08,105495.55221308563
2.779501486550164e-08,105973.95071211756
2.7925512346329744e-08,106454.43983639186
2.8056622512295274e-08,106937.02798880033
2.8188348239952373e-08,107421.72359908964
2.8320692419360775e-08,107908.53512387915
2.8453657954148861e-08,108397.47104667618
2.8587247761577589e-08,108888.53987789209
2.8721464772604452e-08,109381.75015485672
2.8856311931947766e-08,109877.11044183232
2.8991792198151297e-08,110374.62933002636
2.9127908543649153e-08,110874.3154376036
2.9264663954831018e-08,111376.17740969725
2.9402061432107655e-08,111880.22391841933
2.9540103989976747e-08,112386.46366286994
2.9678794657089029e-08,112894.90536914584
2.9818136476314743e-08,113405.55779034788
2.9958132504810333e-08,113918.42970658754
3.0098785814085753e-08,114433.52992499323
3.0240099490071518e-08,114950.8672797139
3.0382076633186614e-08,115470.45063192355
3.0524720358406507e-08,115992.28886982379
3.0668033795331367e-08,116516.39090864529
3.0812020088255041e-08,117042.7656906495
3.0956682396233617e-08,117571.42218512694
3.110202389315501e-08,118102.36938839692
3.1248047767808514e-08,118635.61632380493
3.1394757223954786e-08,119171.17204171901
3.1542155480396131e-08,119709.0456195257
3.16902457710471e-08,120249.24616162403
3.1839031345005471e-08,120791.78279941915
3.1988515466623526e-08,121336.6646913146
3.2138701415579664e-08,121883.90102270324
3.2289592486950356e-08,122433.5010059573
3.244119199128245e-08,122985.47388041731
3.2593503254665721e-08,123539.82891237954
3.2746529618806141e-08,124096.5753950833
3.2900274441098758e-08,124655.72264869505
3.3054741094701652e-08,125217.28002029339
3.3209932968609865e-08,125781.25688385159
3.3365853467729693e-08,126347.66264021941
3.3522506012953645e-08,126916.50671710409
3.3679894041235119e-08,127487.79856904835
3.3838021005664048e-08,128061.54767740912
3.3996890375542613e-08,128637.76355033425
3.4156505636461368e-08,129216.45572273745
3.4316870290375673e-08,129797.63375627244
3.4477987855682582e-08,130381.3072393059
3.4639861867297989e-08,130967.48578688857
3.4802495876734216e-08,131556.17904072531
3.496589345217791e-08,132147.39666914381
3.5130058178568346e-08,132741.14836706175
3.5294993657676072e-08,133337.4438559527
3.5460703508181874e-08,133936.29288381035
3.562719136575642e-08,134537.7052251125
3.5794460883139649e-08,135141.69068078103
3.5962515730221152e-08,135748.25907814302
3.6131359594120562e-08,136357.42027088901
3.6300996179268767e-08,136969.18413903101
3.6471429207488692e-08,137583.56058885655
3.6642662418077302e-08,138200.55955288393
3.6814699567887524e-08,138820.19098981441
3.6987544431410728e-08,139442.4648844834
3.7161200800859463e-08,140067.39124780937
3.7335672486250737e-08,140694.98011674243
3.7510963315489553e-08,141325.24155420988
3.7687077134452915e-08,141958.18564906126
3.7864017807074211e-08,142593.82251601102
3.804178921542796e-08,143232.16229558003
3.8220395259815033e-08,143873.21515403513
3.8399839858848188e-08,144516.9912833269
3.8580126949537955e-08,145163.50090102598
3.8761260487379379e-08,145812.75425025841
3.8943244446438282e-08,146464.76159963672
3.9126082819438793e-08,147119.53324319224
3.9309779617850784e-08,147777.07950030349
3.9494338871978205e-08,148437.41071562507
3.9679764631047023e-08,149100.53725901121
3.9866060963294387e-08,149766.46952544089
4.0053231956057793e-08,150435.21793493949
4.024128171586479e-08,151106.79293249885
4.0430214368523032e-08,151781.2049879953
4.0620034059210839e-08,152458.46459610597
4.0810744952568122e-08,153138.58227622337
4.100235123278777e-08,153821.56857236745
4.1194857103707422e-08,154507.43405309622
4.1388266788901723e-08,155196.18931141405
4.1582584531774996e-08,155887.84496467846
4.1777814595654227e-08,156582.4116545037
4.197396126388297e-08,157279.90004666487
4.2171028839914803e-08,157980.32083099624
4.2369021647408091e-08,158683.68472129045
4.2567944030320745e-08,159390.00245519492
4.2767800353005466e-08,160099.28479410504
4.2968595000305824e-08,160811.54252305755
4.3170332377651958e-08,161526.78645061847
4.3373016911157569e-08,162245.02740877165
4.3576653047716932e-08,162966.27625280415
4.3781245255102496e-08,163690.54386118907
4.3986798022062863e-08,164417.84113546656
4.41933158584213e-08,165148.17900012256
4.4400803295174672e-08,165881.568402465
4.4609264884592854e-08,166618.02031249777
4.4818705200318621e-08,167357.5457227928
4.5029128837467973e-08,168100.15564835895
4.5240540412730958e-08,168845.86112650944
4.545294456447288e-08,169594.67321672596
4.5666345952836423e-08,170346.60300052195
4.5880749259843339e-08,171101.66158130087
4.6096159189497555e-08,171859.86008421442
4.6312580467888173e-08,172621.20965601716
4.6530017843293564e-08,173385.72146491957
4.6748476086284939e-08,174153.40670043635
4.6967959989831437e-08,174924.27657323502
4.7188474369405148e-08,175698.34231497991
4.7410024063086809e-08,176475.61517817472
4.76326139316719e-08,177256.10643600181
4.7856248858777338e-08,178039.82738215898
4.8080933750948581e-08,178826.78933069386
4.8306673537767317e-08,179617.00361583542
4.8533473171959584e-08,180410.48159182273
4.8761337629504458e-08,181207.23463273101
4.8990271909743211e-08,182007.27413229516
4.9220281035489007e-08,182810.61150373015
4.9451370053136993e-08,183617.25817954852
4.9683544032775427e-08,184427.22561137678
4.9916808068296294e-08,185240.52526976532
5.0151167277507502e-08,186057.16864399903
5.0386626802244935e-08,186877.16724190311
5.0623191808485676e-08,187700.53258964763
5.0860867486460751e-08,188527.27623154613
5.1099659050769403e-08,189357.40972985444
5.1339571740493382e-08,190190.94466456468
5.1580610819311926e-08,191027.89263319704
5.1822781575617214e-08,191868.26525058819
5.2066089322630399e-08,192712.07414867627
5.2310539398518202e-08,193559.33097628367
5.255613716651e-08,194410.04739889596
5.2802888015015516e-08,195264.2350984379
5.3050797357743036e-08,196121.90577304631
5.3299870633818183e-08,196983.07113683992
5.3550113307903245e-08,197847.74291968526
5.3801530870316986e-08,198715.93286696033
5.4054128837155494e-08,199587.65273931509
5.4307912750412611e-08,200462.91431242658
5.45628881781019e-08,201341.72937675309
5.481906071437863e-08,202224.1097372839
5.5076435979662927e-08,203110.06721328691
5.5335019620762437e-08,203999.61363804981
5.5594817310996664e-08,204892.76085862107
5.585583475032132e-08,205789.52073554596
5.6118077665453371e-08,206689.90514259948
5.6381551809996723e-08,207593.92596651535
5.6646262964568404e-08,208501.59510671167
5.6912216936925427e-08,209412.92447501354
5.7179419562092192e-08,210327.92599537104
5.7447876702488535e-08,211246.61160357471
5.7717594248058308e-08,212168.99324696633
5.7988578116398634e-08,213095.08288414698
5.8260834252889602e-08,214024.89248468034
5.8534368630825211e-08,214958.4340287942
5.8809187251543676e-08,215895.71950707535
5.9085296144559604e-08,216836.76092016246
5.9362701367696136e-08,217781.57027843603
5.9641409007217752e-08,218730.15960170154
5.9921425177964273e-08,219682.54091887333
6.0202756023484334e-08,220638.72626764845
6.0485407716170601e-08,221598.72769418234
6.0769386457395095e-08,222562.5572527569
6.1054698477645257e-08,223530.22700544677
6.1341350036660664e-08,224501.7490217798
6.1629347423570317e-08,225477.13537839474
6.1918696957030653e-08,226456.39815869444
6.2209404985364195e-08,227439.54945249498
6.2501477886698794e-08,228426.60135567022
6.2794922069107601e-08,229417.56596979324
6.3089743970749638e-08,230412.45540177266
6.3385950060010921e-08,231411.28176348432
6.3683546835646903e-08,232414.05717140168
6.3982540826924289e-08,233420.79374621704
6.4282938593764796e-08,234431.50361246246
6.4584746726888772e-08,235446.19889812445
6.4887971847960441e-08,236464.89173425664
6.5192620609732238e-08,237487.59425458344
6.5498699696191444e-08,238514.31859510424
6.5806215822706571e-08,239545.0768936901
6.6115175736174817e-08,240579.88128967714
6.6425586215169989e-08,241618.74392345539
6.6737454070091304e-08,242661.67693605248
6.7050786143312734e-08,243708.69246871342
6.736558930933323e-08,244759.80266247533
6.7681870474927418e-08,245815.01965773807
6.7999636579297258e-08,246874.35559382942
6.8318894594224215e-08,247937.82260856646
6.8639651524222208e-08,249005.4328378115
6.8961914406691247e-08,250077.19841502316
6.9285690312072272e-08,251153.13147080495
6.961098634400151e-08,252233.24413244461
6.9937809639466858e-08,253317.54852345251
7.0266167368964242e-08,254406.05676309337
7.0596066736655429e-08,255498.78096591512
7.0927514980525256e-08,256595.73324126852
7.1260519372541059e-08,257696.92569282674
7.1595087218811968e-08,258802.37041809689
7.193122585974934e-08,259912.07950792735
7.2268942670227669e-08,261026.06504601077
7.2608245059746474e-08,262144.33910838049
7.2949140472592866e-08,263266.91376290331
7.3291636388004824e-08,264393.80106876622
7.3635740320335335e-08,265525.01307595859
7.3981459819217249e-08,266660.56182474841
7.4328802469728884e-08,267800.45934515365
7.4677775892560339e-08,268944.71765640879
7.5028387744181273e-08,270093.34876642644
7.5380645717007991e-08,271246.36467125115
7.5734557539572803e-08,272403.77735451068
7.6090130976693439e-08,273565.59878686076
7.6447373829643268e-08,274731.84092542442
7.6806293936323081e-08,275902.51571322698
7.7166899171432119e-08,277077.63507862278
7.7529197446641431e-08,278257.21093471913
7.7893196710767347e-08,279441.25517879438
7.8258904949945858e-08,280629.77969170909
7.8626330187807836e-08,281822.7963373129
7.8995480485655057e-08,283020.31696184509
7.9366363942637084e-08,284222.35339332989
7.9738988695928933e-08,285428.91744096583
8.0113362920909639e-08,286640.02089450957
8.0489494831341628e-08,287855.67552365403
8.0867392679550868e-08,289075.89307740069
8.1247064756607833e-08,290300.68528342573
8.1628519392509997e-08,291530.06384744227
8.2011764956363683e-08,292764.04045255308
8.2396809856568277e-08,294002.62675860064
8.2783662541000566e-08,295245.83440151071
8.3172331497199918e-08,296493.6749926281
8.3562825252555174e-08,297746.16011805116
8.3955152374490705e-08,299003.30133795249
8.4349321470655111e-08,300265.11018590152
8.4745341189109822e-08,301531.59816817677
8.5143220218518924e-08,302802.77676307317
8.5542967288339703e-08,304078.65742020251
8.5944591169014259e-08,305359.25155978958
8.6348100672161823e-08,306644.57057196012
8.6753504650772195e-08,307934.62581602414
8.7160811999399905e-08,309229.42861975182
8.7570031654359371e-08,310528.9902786442
8.7981172593920988e-08,311833.32205519744
8.8394243838507903e-08,313142.43517815915
8.8809254450894649e-08,314456.3408417835
8.9226213536404935e-08,315775.05020507157
8.9645130243112063e-08,317098.57439101388
9.0066013762039347e-08,318426.92448582029
9.0488873327362458e-08,319760.11153814977
9.0913718216610967e-08,321098.14655832545
9.1340557750872531e-08,322441.04051755118
9.1769401294997321e-08,323788.80434711685
9.2200258257803439e-08,325141.44893759961
9.2633138092283317e-08,326498.98513805663
9.3068050295811175e-08,327861.42375521339
9.3505004410351375e-08,329228.77555264352
9.3944010022667734e-08,330601.05124994396
9.4385076764533902e-08,331978.26152190147
9.4828214312944676e-08,333360.41699765436
9.5273432390328268e-08,334747.5282598465
9.5720740764759695e-08,336139.60584377492
9.6170149250174812e-08,337536.66023653047
9.662166770658648e-08,338938.70187613426
9.7075306040299696e-08,340345.74115066184
9.7531074204129665e-08,341757.78839736647
9.7988982197619886e-08,343174.85390179174
9.8449040067262208e-08,344596.94789688167
9.8911257906716183e-08,346024.0805620777
9.937564585703119e-08,347456.26202241424
9.9842214106868847e-08,348893.50234760594
1.0031097289272645e-07,350335.81155112706
1.0078193249916166e-07,351783.19958928501
1.0125510325901805e-07,353235.6763602866
1.0173049555365186e-07,354693.25170329789
1.0220811981315976e-07,356155.93539749627
1.026879865166077e-07,357623.73716111667
1.0317010619226055e-07,359096.66665048915
1.0365448941781402e-07,360574.73345907417
1.0414114682062539e-07,362057.9471164826
1.0463008907794755e-07,363546.31708749675
1.0512132691716309e-07,365039.85277108097
1.0561487111601955e-07,366538.56349938473
1.0611073250286601e-07,368042.45853674074
1.0660892195689058e-07,369551.547078654
1.0710945040835912e-07,371065.83825078537
1.0761232883885481e-07,372585.3411079261
1.0811756828151999e-07,374110.06463297049
1.0862517982129689e-07,375640.01773587288
1.0913517459517172e-07,377175.20925260562
1.0964756379241882e-07,378715.64794410561
1.1016235865484609e-07,380261.342495216
1.1067957047704169e-07,381812.30151361931
1.1119921060662182e-07,383368.53352876357
1.1172129044447968e-07,384930.04699078272
1.1224582144503544e-07,386496.85026940826
1.1277281511648833e-07,388068.95165287651
1.1330228302106792e-07,389646.35934682447
1.1383423677528858e-07,391229.08147318196
1.1436868805020418e-07,392817.12606905663
1.1490564857166414e-07,394410.50108561025
1.154451301205707e-07,396009.21438692912
1.159871445331374e-07,397613.273748887
1.1653170370114872e-07,399222.68685800087
1.1707881957222081e-07,400837.46131027909
1.1762850415006453e-07,402457.60461006657
1.1818076949474741e-07,404083.12416887452
1.1873562772295916e-07,405714.0273042114
1.1929309100827733e-07,407350.32123840309
1.1985317158143438e-07,408992.01309740625
1.2041588173058593e-07,410639.10990961484
1.2098123380158051e-07,412291.61860465998
1.2154924019823035e-07,413949.5460122028
1.2211991338258328e-07,415612.89886071917
1.2269326587519709e-07,417281.68377628108
1.2326931025541289e-07,418955.90728132456
1.2384805916163187e-07,420635.57579341653
1.2442952529159256e-07,422320.69562401302
1.2501372140264929e-07,424011.27297720936
1.256006603120521e-07,425707.31394848437
1.2619035489722799e-07,427408.82452343823
1.2678281809606315e-07,429115.81057652069
1.2737806290718785e-07,430828.27786975936
1.2797610239026019e-07,432546.23205147032
1.2857694966625346e-07,434269.67865497241
1.291806179177439e-07,435998.62309728831
1.2978712038919992e-07,437733.07067784219
1.3039647038727266e-07,439473.02657714923
1.3100868128108787e-07,441218.49585549766
1.3162376650253934e-07,442969.48345162644
1.3224173954658327e-07,444725.99418139347
1.3286261397153548e-07,446488.03273644287
1.3348640339936708e-07,448255.60368285497
1.3411312151600471e-07,450028.71145980241
1.3474278207163028e-07,451807.36037819029
1.3537539888098274e-07,453591.55461929482
1.3601098582366125e-07,455381.29823339428
1.3664955684442962e-07,457176.59513839229
1.3729112595352221e-07,458977.44911843707
1.3793570722695114e-07,460783.86382253154
1.3858331480681619e-07,462595.84276314237
1.3923396290161338e-07,464413.38931479474
1.3944418386678294e-07,464999.99999999983
1.3988766578654782e-07,466236.50671266858
1.4054443780384672e-07,468065.19805118436
1.4120429336307395e-07,469899.46628258494
1.4186724694144621e-07,471739.31421550998
1.4253331308415065e-07,473584.74451356457
1.4320250640466408e-07,475435.75969388371
1.4387484158507323e-07,477292.3621256873
1.4455033337639793e-07,479154.55402883544
1.4522899659891328e-07,481022.33747236972
1.4591084614247567e-07,482895.71437305602
1.4659589696684932e-07,484774.68649391766
1.4728416410203459e-07,486659.25544276548
1.479756626485975e-07,488549.42267071997
1.4867040777800123e-07,490445.1894707302
1.4936841473293892e-07,492346.5569760857
1.5006969882766777e-07,494253.5261589234
1.5077427544834625e-07,496166.09782873257
1.5148216005336991e-07,498084.27263084723
1.5219336817371166e-07,500008.05104494083
1.5290791541326234e-07,501937.43338351254
1.5362581744917289e-07,503872.41979036905
1.5434709003219851e-07,505813.01023910177
1.5507174898704404e-07,507759.20453155902
1.5579981021271134e-07,509711.00229631359
1.5653128968284763e-07,511668.40298712504
1.5726620344609728e-07,513631.40588140121
1.580045676264521e-07,515600.01007864787
1.5874639842360623e-07,517574.21449892136
1.5949171211331135e-07,519554.01788127341
1.602405250477337e-07,521539.41878219222
1.6099285365581286e-07,523530.4155740405
1.6174871444362223e-07,525527.00644348725
1.6250812399473121e-07,527529.18938993965
1.6327109897056854e-07,529536.96222396533
1.6403765611078942e-07,531550.32256571983
1.6480781223364057e-07,533569.2678433588
1.6558158423633075e-07,535593.79529145744
1.663589890954009e-07,537623.90194942011
1.6714004386709685e-07,539659.58465989027
1.6792476568774344e-07,541700.84006715508
1.6871317177412043e-07,543747.66461554798
1.6950527942384035e-07,545800.05454784841
1.7030110601572752e-07,547858.00590367767
1.7110066901020091e-07,549921.51451789646
1.7190398594965496e-07,551990.57601899095
1.72711074458846e-07,554065.18582746712
1.7352195224527845e-07,556145.33915423497
1.7433663709959343e-07,558231.0309989946
1.7515514689595904e-07,560322.25614861888
1.7597749959246251e-07,562419.00917553436
1.7680371323150389e-07,564521.28443609993
1.7763380594019331e-07,566629.07606898854
1.7846779593074644e-07,568742.37799355737
1.7930570150088569e-07,570861.1839082269
1.8014754103424113e-07,572985.48728885432
1.8099333300075399e-07,575115.28138710605
1.8184309595708169e-07,577250.55922882969
1.8269684854700513e-07,579391.31361242593
1.8355460950183771e-07,581537.53710721887
1.8441639764083584e-07,583689.22205182619
1.8528223187161344e-07,585846.36055253271
1.8615213119055444e-07,588008.94448165537
1.8702611468323108e-07,590176.96547591721
1.8790420152482233e-07,592350.41493481677
1.8878641098053451e-07,594529.28401900001
1.8967276240602402e-07,596713.56364863145
1.9056327524782196e-07,598903.2445017664
1.9145796904376088e-07,601098.31701272598
1.9235686342340288e-07,603298.77137046889
1.9325997810847204e-07,605504.59751697292
1.9416733291328464e-07,607715.78514560603
1.9507894774518551e-07,609932.32369950984
1.9599484260498432e-07,612154.20236997958
1.9691503758739452e-07,614381.4100948479
1.9783955288147415e-07,616613.93555687042
1.9876840877106878e-07,618851.76718211349
1.9970162563525654e-07,621094.89313834568
2.0063922394879487e-07,623343.30133343057
2.0158122428257133e-07,625596.97941372753
2.0252764730405247e-07,627855.91476248507
2.0347851377773893e-07,630120.09449825087
2.0443384456562058e-07,632389.50547327625
2.0539366062763429e-07,634664.13427192881
2.063579830221237e-07,636943.96720910817
2.0732683290630131e-07,639228.99032866512
2.0830023153671266e-07,641519.18940182868
2.0927820026970221e-07,643814.54992563196
2.1026076056188371e-07,646115.05712135334
2.1124793397060826e-07,648420.69593294978
2.1223974215443919e-07,650731.45102550613
2.1323620687362658e-07,653047.30678368697
2.1423734999058482e-07,655368.24731019267
2.152431934703723e-07,657694.25642422482
2.1625375938117322e-07,660025.31765995559
2.1726906989478178e-07,662361.41426500608
2.1828914728708833e-07,664702.5291989292
2.1931401393856965e-07,667048.64513170556
2.2034369233477754e-07,669399.74444223661
2.2137820506683369e-07,671755.80921685556
2.2241757483192515e-07,674116.82124784321
2.2346182443380206e-07,676482.76203194901
2.2451097678327816e-07,678853.61276892619
2.2556505489873328e-07,681229.35436007066
2.2662408190661852e-07,683609.96740677278
2.2768808104196309e-07,685995.43220907613
2.2875707564888597e-07,688385.72876425087
2.2983108918110522e-07,690780.83676536742
2.3091014520245458e-07,693180.73559989093
2.319942673873998e-07,695585.4043482811
2.330834795215582e-07,697994.82178260304
2.341778055022205e-07,700408.96636515053
2.3527726933887503e-07,702827.81624708115
2.3638189515373412e-07,705251.3492670597
2.3749170718226528e-07,707679.54294992262
2.386067297737199e-07,710112.37450534059
2.3972698739166964e-07,712549.82082650822
2.4085250461454228e-07,714991.85848883691
2.4198330613616153e-07,717438.46374866774
2.4311941676628818e-07,719889.61254199257
2.4426086143116501e-07,722345.28048319323
2.4540766517406328e-07,724805.44286379206
2.4655985315583183e-07,727270.0746512193
2.4771745065545105e-07,729739.15048759675
2.4888048307058457e-07,732212.64468852989
2.5004897591813854e-07,734690.53124192415
2.5122295483482066e-07,737172.78380681237
2.5240244557770303e-07,739659.37571219902
2.5358747402478707e-07,742150.27995592321
2.5477806617557133e-07,744645.4692035364
2.559742481516218e-07,747144.91578719777
2.5717604619714473e-07,749648.59170458792
2.5838348667956427e-07,752156.46861784346
2.5959659609009806e-07,754668.51785250288
2.6081540104434029e-07,757184.7103964776
2.620399282828453e-07,759705.01689903974
2.6327020467171428e-07,762229.40766982967
2.6450625720318457e-07,764757.85267788428
2.6574811299622212e-07,767290.32155068312
2.6699579929711603e-07,769826.78357321746
2.6824934348007639e-07,772367.20768707851
2.6950877304783643e-07,774911.56248957233
2.7077411563225322e-07,777459.81623284519
2.7204539899491567e-07,780011.93682304281
2.733226510277533e-07,782567.8918194857
2.7460589975364804e-07,785127.64843386982
2.7589517332704931e-07,787691.1735294885
2.7719050003459142e-07,790258.43362047954
2.7849190829571433e-07,792829.39487109566
2.7979942666328655e-07,795404.02309500007
2.8111308382423402e-07,797982.28375458764
2.8243290860016587e-07,800564.14196032588
2.8375892994800915e-07,803149.56247012992
2.8509117696064357e-07,805738.50968875678
2.8642967886753983e-07,808330.94766722934
2.8777446503540083e-07,810926.84010228596
2.8912556496880605e-07,813526.15033585811
2.9048300831085881e-07,816128.84135457408
2.9184682484383606e-07,818734.87578929123
2.9321704448984434e-07,821344.21591466211
2.9459369731147245e-07,823956.82364871586
2.9597681351245352e-07,826572.66055248387
2.9736642343832713e-07,829191.68782964605
2.9876255757710501e-07,831813.86632621102
3.0016524655994e-07,834439.15653022437
3.0157452116179807e-07,837067.51857150882
3.0299041230213358e-07,839698.91222143709
3.044129510455669e-07,842333.29689273261
3.0584216860256851e-07,844970.63163931039
3.0727809633014015e-07,847610.87515613751
3.087207657325052e-07,850253.98577913945
3.1017020846179902e-07,852899.92148513207
3.1162645631876391e-07,855548.63989179162
3.1308954125344627e-07,858200.09825765528
3.1455949536589806e-07,860854.25348215876
3.1603635090688071e-07,863511.0621057098
3.1752014027857212e-07,866170.48030979245
3.1901089603528047e-07,868832.46391711722
3.2050865088415414e-07,871496.96839179331
3.2201343768590222e-07,874163.94883954944
3.2352528945551452e-07,876833.36000798736
3.250442393629862e-07,879505.15628687339
3.2657032073404552e-07,882179.29170846764
3.2810356705088466e-07,884855.71994789201
3.2964401195289404e-07,887534.39432353631
3.3119168923740288e-07,890215.26779750921
3.3274663286041673e-07,892898.29297611699
3.3430887693736502e-07,895583.42211039376
3.35878455743849e-07,898270.60709666845
3.374554037163939e-07,900959.79947717127
3.3903975545320403e-07,903650.9504406827
3.4063154571492232e-07,906344.01082322525
3.4223080942539269e-07,909038.93110879615
3.4383758167242568e-07,911735.66143014212
3.4545189770857113e-07,914434.15156958252
3.470737929518872e-07,917134.35095986445
3.4870330298672054e-07,919836.20868507563
3.5034046356448614e-07,922539.67348158988
3.519853106044516e-07,925244.69373906625
3.5363788019452548e-07,927951.217501487
3.552982085920489e-07,930659.192468244
3.5696633222459093e-07,933368.5659952698
3.586422876907474e-07,936079.28509621636
3.6032611176094647e-07,938791.29644368158
3.6201784137825104e-07,941504.54637047579
3.6371751365917243e-07,944218.98087094515
3.6542516589448373e-07,946934.54560233816
3.6714083555003805e-07,949651.18588621984
3.6886456026759063e-07,952368.84670993639
3.7059637786562446e-07,955087.47272812715
3.7233632634018026e-07,957807.00826428831
3.7408444386568916e-07,960527.3973123827
3.7584076879581344e-07,963248.58353850676
3.7760533966428335e-07,965970.51028259541
3.7937819518574561e-07,968693.12056019215
3.8115937425661208e-07,971416.35706425994
3.8294891595591306e-07,974140.16216704855
3.8474685954615471e-07,976864.47792201268
3.8655324447418063e-07,979589.24606578075
3.883681103720371e-07,982314.40802017995
3.9019149705784182e-07,985039.90489430702
3.9202344453666095e-07,987765.6774866659
3.9386399300138176e-07,990491.66628734011
3.9571318283359783e-07,993217.81148023368
3.9757105460449405e-07,995944.05294536159
3.9943764907573695e-07,998670.33026119345
4.0131300720036897e-07,1001396.5827070528
4.0319717012370669e-07,1004122.7492655725
4.0509017918424406e-07,1006848.7686252034
4.0699207591455807e-07,1009574.5791827801
4.0890290204222359e-07,1012300.1190461445
4.1082269949072369e-07,1015025.3260368189
4.1275151038037292e-07,1017750.1376927419
4.1468937702924051e-07,1020474.4912710601
4.1663634195407887e-07,1023198.3237509739
4.1859244787125637e-07,1025921.5718366425
4.2055773769769463e-07,1028644.1719601456
4.2253225455180987e-07,1031366.0602845027
4.2451604175445836e-07,1034087.1727067495
4.2650914282989025e-07,1036807.4448610786
4.2851160150669913e-07,1039526.8121220241
4.3052346171878515e-07,1042245.2096077196
4.3254476760631785e-07,1044962.5721832066
4.3457556351670473e-07,1047678.8344638046
4.3661589400556414e-07,1050393.9308185386
4.38665803837703e-07,1053107.7953736268
4.4072533798809784e-07,1055820.3620160241
4.4279454164288511e-07,1058531.5643970352
4.4487346020034742e-07,1061241.335935971
4.4696213927191304e-07,1063949.6098238779
4.4906062468315564e-07,1066656.3190273233
4.5116896247479974e-07,1069361.3962922359
4.5328719890373106e-07,1072064.7741478151
4.5541538044401092e-07,1074766.3849104897
4.5755355378789643e-07,1077466.160687946
4.5970176584686361e-07,1080164.033383209
4.6186006375264044e-07,1082859.9346987919
4.6402849485823538e-07,1085553.7961408934
4.6620710673898011e-07,1088245.5490236662
4.6839594719357212e-07,1090935.124473542
4.705950642451238e-07,1093622.4534336154
4.728045061422156e-07,1096307.4666680889
4.750243213599551e-07,1098990.0947667791
4.7725455860104016e-07,1101670.2681496791
4.7949526679682677e-07,1104347.9170715865
4.8174649510840611e-07,1107022.9716267895
4.8400829292767784e-07,1109695.3617538076
4.8628070987843724e-07,1112365.017240199
4.8856379581746295e-07,1115031.8677274249
4.9085760083561131e-07,1117695.8427157733
4.931621752589149e-07,1120356.8715693413
4.9547756964968656e-07,1123014.8835210791
4.9780383480762925e-07,1125669.8076778906
5.001410217709493e-07,1128321.5730257928
5.0248918181748027e-07,1130970.1084351402
5.0484836646580165e-07,1133615.3426658944
5.0721862747637388e-07,1136257.2043729669
5.0960001685267208e-07,1138895.6221116085
5.1199258684232782e-07,1141530.5243428636
5.1439638993827494e-07,1144161.8394390799
5.1681147887990142e-07,1146789.4956894724
5.1923790665420654e-07,1149413.4213057493
5.2167572649696202e-07,1152033.5444277886
5.2412499189388468e-07,1154649.7931293808
5.265857565818035e-07,1157262.0954240137
5.2905807454984244e-07,1159870.3792707243
5.3154200004060423e-07,1162474.5725800002
5.340375875513605e-07,1165074.6032197394
5.365448918352474e-07,1167670.3990212595
5.390639679024667e-07,1170261.8877853663
5.4159487102149278e-07,1172848.9972884706
5.4413765672028433e-07,1175431.6552887619
5.4669238078750695e-07,1178009.789532437
5.4925909927375019e-07,1180583.32775997
5.5183786849276236e-07,1183152.1977124454
5.544287450226842e-07,1185716.3271379359
5.5703178570729085e-07,1188275.6437979338
5.596470476572388e-07,1190830.0754738296
5.6227458825131863e-07,1193379.5499734404
5.6491446513771415e-07,1195923.9951375879
5.6756673623526606e-07,1198463.3388467231
5.7023145973474734e-07,1200997.5090276042
5.7290869410013268e-07,1203526.4336600068
5.7559849806988636e-07,1206050.0407834973
5.7830093065824923e-07,1208568.2585042401
5.8101605115653393e-07,1211081.015001853
5.8374391913442549e-07,1213588.2385363085
5.8648459444128843e-07,1216089.8574548725
5.8923813720747973e-07,1218585.8001990921
5.9200460784566699e-07,1221075.9953118181
5.9478406705215861e-07,1223560.3714442768
5.9757657580822841e-07,1226038.8573631693
6.0038219538145801e-07,1228511.3819578225
6.0320098732708027e-07,1230977.8742473677
6.0603301348932967e-07,1233438.2633879655
6.088783360027989e-07,1235892.4786800593
6.1173701729380241e-07,1238340.4495756687
6.1460912008174477e-07,1240782.1056857139
6.1749470738050158e-07,1243217.3767873798
6.2039384249979446e-07,1245646.1928315016
6.2330658904658533e-07,1248068.4839499923
6.2623301092647059e-07,1250484.1804632964
6.2917317234508295e-07,1252893.2128878688
6.3212713780950041e-07,1255295.5119436912
6.3509497212966141e-07,1257691.0085618051
6.3807674041978687e-07,1260079.6338918796
6.4107250809980716e-07,1262461.319309796
6.4408234089680333e-07,1264835.9964252668
6.4710630484644036e-07,1267203.5970894622
6.5014446629442206e-07,1269564.0534026714
6.5319689189794492e-07,1271917.2977219778
6.5626364862716069e-07,1274263.2626689533
6.593448037666459e-07,1276601.8811373701
6.6244042491687748e-07,1278933.0863009319
6.6555057999571678e-07,1281256.8116210143
6.6867533723989757e-07,1283572.9908544235
6.7181476520652893e-07,1285881.5580611692
6.7496893277459136e-07,1288182.4476122388
6.7813790914645305e-07,1290475.5941973922
6.8132176384938717e-07,1292760.9328329591
6.845205667370971e-07,1295038.3988696446
6.877343879912491e-07,1297307.9280003386
6.9096329812301194e-07,1299569.4562679317
6.9420736797460426e-07,1301822.9200731313
6.9746666872084695e-07,1304068.2561822797
7.0074127187073083e-07,1306305.4017351735
7.0403124926897692e-07,1308534.2942528764
7.0733667309761815e-07,1310754.8716455314
7.1065761587758195e-07,1312967.072220169
7.1399415047028108e-07,1315170.8346885066
7.173463500792124e-07,1317366.0981747401
7.2071428825156295e-07,1319552.8022233271
7.2409803887982345e-07,1321730.8868067549
7.2749767620340804e-07,1323900.2923332993
7.3091327481028912e-07,1326060.9596547701
7.343449096386249e-07,1328212.8300742318
7.3779265597840923e-07,1330355.8453537149
7.4125658947312229e-07,1332489.9477219037
7.4473678612139028e-07,1334615.0798818041
7.482333222786523e-07,1336731.1850183846
7.5174627465883607e-07,1338838.2068061975
7.5527572033604106e-07,1340936.0894169696
7.5882173674622746e-07,1343024.7775271644
7.6238440168892181e-07,1345104.2163255201
7.6596379332891444e-07,1347174.3515205442
7.6955999019798064e-07,1349235.1293479851
7.7317307119660186e-07,1351286.4965782627
7.7680311559569719e-07,1353328.4005238628
7.8045020303836241e-07,1355360.789046692
7.8411441354161703e-07,1357383.6105653918
7.8779582749816041e-07,1359396.8140626086
7.9149452567813363e-07,1361400.3490922204
7.9521058923089801e-07,1363394.1657865189
7.9894409968680594e-07,1365378.2148633341
8.0269513895899609e-07,1367352.4476331202
8.0646378934518929e-07,1369316.8160059818
8.1025013352949326e-07,1371271.2724986458
8.1405425458421783e-07,1373215.7702413832
8.1787623597169652e-07,1375150.2629848642
8.2171616154611695e-07,1377074.7051069604
8.2557411555536636e-07,1378989.0516194839
8.2945018264287077e-07,1380893.2581748564
8.3334444784945833e-07,1382787.2810727225
8.3725699661522351e-07,1384671.0772664861
8.4118791478140174e-07,1386544.6043697854
8.4513728859225255e-07,1388407.8206628887
8.4910520469695203e-07,1390260.6850990218
8.5309175015149382e-07,1392103.1573106193
8.5709701242059715e-07,1393935.1976154959
8.5944418386678274e-07,1395000
8.6112107937963341e-07,1395756.7670229443
8.6516403931654266e-07,1397567.8272397425
8.6922598093377885e-07,1399368.340676087
8.7330699335025302e-07,1401158.2704514374
8.7740716610328964e-07,1402937.5804002725
8.8152658915059012e-07,1404706.2350777599
8.8566535287220713e-07,1406464.1997653353
8.8982354807252742e-07,1408211.4404761854
8.9400126598226183e-07,1409947.9239606389
8.9819859826045483e-07,1411673.6177114651
9.0241563699648397e-07,1413388.4899690622
9.0665247471208801e-07,1415092.509726559
9.1090920436339489e-07,1416785.6467348065
9.151859193429612e-07,1418467.8715072656
9.1948271348182105e-07,1420139.1553247937
9.2379968105154519e-07,1421799.4702403191
9.2813691676630862e-07,1423448.7890834073
9.3249451578496743e-07,1425087.0854647174
9.3687257371315358e-07,1426714.3337803441
9.4127118660536171e-07,1428330.5092160436
9.4569045096706343e-07,1429935.5877513462
9.501304637568235e-07,1431529.5461635469
9.5459132238842644e-07,1433112.362031579
9.5907312473301445e-07,1434684.0137397645
9.6357596912123386e-07,1436244.4804814407
9.6809995434539329e-07,1437793.7422624605
9.7264517966162898e-07,1439331.7799045704
9.7721174479208992e-07,1440858.5750486557
9.8179974992711452e-07,1442374.110157856
9.8640929572743628e-07,1443878.36852055
9.9104048332639029e-07,1445371.3342532085
9.9569341433213272e-07,1446852.9923031114
1.0003681908298691e-06,1448323.3284509261
1.0050649153840947e-06,1449782.3293131527
1.0097836910408449e-06,1451229.9823444264
1.0145246213299535e-06,1452666.2758396801
1.0192878102673327e-06,1454091.1989361681
1.0240733623572427e-06,1455504.741615341
1.0288813825945932e-06,1456906.8947045787
1.0337119764672441e-06,1458297.649878779
1.0385652499583207e-06,1459676.9996617953
1.0434413095485384e-06,1461044.9374277294
1.0483402622185395e-06,1462401.4574020719
1.0532622154512392e-06,1463746.5546626907
1.0582072772341833e-06,1465080.2251406733
1.063175556061925e-06,1466402.4656210083
1.0681671609383917e-06,1467713.2737431177
1.0731822013792866e-06,1469012.6480012313
1.078220787414489e-06,1470300.5877446074
1.0832830295904673e-06,1471577.093177594
1.0883690389727057e-06,1472842.1653595334
1.09347892714814e-06,1474095.8062045067
1.0986128062276039e-06,1475338.0184809172
1.1037707888482985e-06,1476568.8058109204
1.1089529881762481e-06,1477788.172669681
1.1141595179087944e-06,1478996.1243844768
1.1193904922770872e-06,1480192.6671336391
1.124646026048591e-06,1481377.8079453253
1.1299262345296032e-06,1482551.5546961308
1.1352312335677838e-06,1483713.9161095375
1.140561139554697e-06,1484864.9017541956
1.1459160694283628e-06,1486004.52204204
1.1512961406758314e-06,1487132.7882262445
1.1567014713357474e-06,1488249.7123990031
1.1621321800009488e-06,1489355.3074891537
1.167588385821066e-06,1490449.5872596293
1.1730702085051374e-06,1491532.5663047452
1.1785777683242337e-06,1492604.2600473184
1.1841111861140985e-06,1493664.684735623
1.1896705832777986e-06,1494713.8574401741
1.1952560817883851e-06,1495751.7960503495
1.2008678041915795e-06,1496778.5192708438
1.2065058736084477e-06,1497794.0466179538
1.2121704137381108e-06,1498798.3984156998
1.2178615488604568e-06,1499791.5957917823
1.2235794038388675e-06,1500773.6606733694
1.2293241041229572e-06,1501744.6157827221
1.2350957757513266e-06,1502704.4846326546
1.2408945453543258e-06,1503653.2915218275
1.2467205401568324e-06,1504591.0615298804
1.2525738879810515e-06,1505517.8205124021
1.2584547172493054e-06,1506433.5950957341
1.2643631569868612e-06,1507338.4126716156
1.2702993368247588e-06,1508232.3013916684
1.2762633870026559e-06,1509115.2901617179
1.2822554383716843e-06,1509987.4086359597
1.2882756223973217e-06,1510848.6872109645
1.2943240711622752e-06,1511699.1570195269
1.3004009173693778e-06,1512538.8499243581
1.3065062943445089e-06,1513367.7985116241
1.3126403360395051e-06,1514186.0360843304
1.3188031770351082e-06,1514993.5966555518
1.3249949525439168e-06,1515790.514941514
1.3312157984133518e-06,1516576.8263545237
1.337465851128637e-06,1517352.5669957523
1.3437452478157938e-06,1518117.7736478685
1.35005412624465e-06,1518872.4837675318
1.3563926248318592e-06,1519616.7354777346
1.3627608826439488e-06,1520350.5675600122
1.3691590394003551e-06,1521074.0194465006
1.375587235476499e-06,1521787.1312118673
1.3820456119068634e-06,1522489.9435650965
1.3885343103880875e-06,1523182.4978411461
1.395053473282076e-06,1523864.8359924669
1.4016032436191219e-06,1524537.0005803949
1.4081837651010449e-06,1525199.0347664116
1.4147951821043408e-06,1525850.9823032811
1.4214376396833622e-06,1526492.88752606
1.4281112835734812e-06,1527124.795342986
1.4348162601943012e-06,1527746.7512262485
1.4415527166528643e-06,1528358.8012026381
1.4483208007468792e-06,1528960.9918440836
1.4551206609679651e-06,1529553.370258078
1.4619524465049081e-06,1530135.9840779891
1.4688163072469353e-06,1530708.8814532666
1.475712393787e-06,1531272.1110395445
1.4826408574250978e-06,1531825.7219886389
1.4896018501715685e-06,1532369.7639384472
1.496595524750442e-06,1532904.28700275
1.5036220346027882e-06,1533429.3417609206
1.5106815338900807e-06,1533944.9792475416
1.5177741774975818e-06,1534451.2509419336
1.5249001210377386e-06,1534948.208757598
1.5320595208535956e-06,1535435.9050315795
1.5392525340222359e-06,1535914.3925137464
1.5464793183582103e-06,1536383.7243559957
1.5537400324170106e-06,1536843.9541013858
1.5610348354985467e-06,1537295.1356731984
1.5683638876506404e-06,1537737.3233639332
1.5757273496725374e-06,1538170.5718242386
1.5831253831184353e-06,1538594.9360517832
1.5905581503010284e-06,1539010.4713800689
1.5980258142950646e-06,1539417.2334671903
1.605528538940937e-06,1539815.2782845444
1.6130664888482591e-06,1540204.6621054916
1.6206398293994888e-06,1540585.4414939748
1.6282487267535543e-06,1540957.6732930946
1.6358933478494991e-06,1541321.4146136537
1.6435738604101446e-06,1541676.7228226603
1.6512904329457707e-06,1542023.655531808
1.659043234757812e-06,1542362.2705859262
1.6668324359425695e-06,1542692.6260514054
1.6746582073949553e-06,1543014.7802046088
1.6825207208122226e-06,1543328.7915202635
1.6904201486977463e-06,1543634.7186598405
1.6983566643648029e-06,1543932.6204599265
1.7063304419403752e-06,1544222.5559205918
1.7143416563689705e-06,1544504.5841937526
1.7223904834164604e-06,1544778.7645715415
1.7304770996739365e-06,1545045.1564746781
1.7386016825615809e-06,1545303.8194408526
1.7467644103325739e-06,1545554.8131131213
1.7549654620769828e-06,1545798.197228319
1.7632050177257059e-06,1546034.0316054903
1.7714832580544155e-06,1546262.3761343467
1.779800364687526e-06,1546483.2907637511
1.7881565201021771e-06,1546696.8354902312
1.7965519076322379e-06,1546903.0703465322
1.8049867114723293e-06,1547102.0553902008
1.813461116681862e-06,1547293.8506922189
1.8219753091891103e-06,1547478.5163256773
1.8305294757952701e-06,1547656.1123545009
1.839123804178572e-06,1547826.6988222257
1.8477584828983948e-06,1547990.3357408312
1.8564337013994032e-06,1548147.0830796347
1.8651496500157038e-06,1548297.0007542465
1.8739065199750205e-06,1548440.1486155919
1.8827045034028913e-06,1548576.5864390035
1.8915437933268784e-06,1548706.3739133871
1.9004245836808196e-06,1548829.5706304638
1.9093470693090595e-06,1548946.2360740921
1.9183114459707398e-06,1549056.4296096733
1.9273179103440907e-06,1549160.2104736443
1.9363666600307464e-06,1549257.6377630569
1.9454578935600788e-06,1549348.7704252561
1.9545918103935557e-06,1549433.6672476474
1.9637686109291147e-06,1549512.3868475696
1.9729884965055573e-06,1549584.9876622641
1.9822516694069819e-06,1549651.527938955
1.991558332867198e-06,1549712.0657250327
2.0009086910742001e-06,1549766.6588583507
2.010302949174646e-06,1549815.3649576376
2.0197413132783547e-06,1549858.2414130224
2.0292239904628311e-06,1549895.3453766836
2.0387511887778077e-06,1549926.7337536155
2.0483231172498055e-06,1549952.4631925246
2.0579399858867367e-06,1549972.5900768496
2.0676020056824869e-06,1549987.1705159131
2.0773093886215618e-06,1549996.2603362047
2.0870623476837332e-06,1549999.9150727994
2.0888011571014361e-06,1550000
2.0968610968487127e-06,1549998.1899609144
2.1067058511008446e-06,1549991.1399276026
2.1165968264338248e-06,1549978.8195835901
2.1265342398554382e-06,1549961.2832152557
2.136518309392316e-06,1549938.5847767575
2.1465492540947371e-06,1549910.7778823066
2.1566272940414076e-06,1549877.9157985905
2.1667526503443051e-06,1549840.0514373488
2.1769255451535286e-06,1549797.2373481006
2.1871462016621705e-06,1549749.5257110298
2.1974148441112137e-06,1549696.9683300224
2.2077316977944514e-06,1549639.6166258669
2.2180969890634309e-06,1549577.5216296124
2.2285109453324136e-06,1549510.7339760868
2.2389737950833845e-06,1549439.3038975787
2.2494857678710361e-06,1549363.2812176824
2.2600470943278245e-06,1549282.7153453073
2.2706580061690238e-06,1549197.6552688547
2.2813187361978104e-06,1549108.1495505599
2.2920295183103715e-06,1549014.2463210027
2.302790587501034e-06,1548915.9932737863
2.3136021798674241e-06,1548813.4376603859
2.3244645326156401e-06,1548706.626285166
2.3353778840654756e-06,1548595.6055005728
2.346342473655621e-06,1548480.4212024896
2.3573585419489352e-06,1548361.1188257725
2.3684263306377185e-06,1548237.7433399523
2.3795460825490149e-06,1548110.3392451105
2.3907180416499415e-06,1547978.9505679272
2.4019424530530399e-06,1547843.620857903
2.4132195630216531e-06,1547704.3931837494
2.4245496189753259e-06,1547561.3101299568
2.43593286949525e-06,1547414.4137935305
2.4473695643296917e-06,1547263.7457808999
2.4588599543994883e-06,1547109.3472050002
2.4704042918035493e-06,1546951.2586825255
2.4820028298243885e-06,1546789.5203313495
2.4936558229336789e-06,1546624.1717681212
2.5053635267978375e-06,1546455.2521060258
2.5171261982836344e-06,1546282.7999527187
2.5289440954638226e-06,1546106.8534084216
2.5408174776228209e-06,1545927.4500641921
2.5527466052623728e-06,1545744.6270003556
2.5647317401072798e-06,1545558.4207851049
2.5767731451111425e-06,1545368.8674732591
2.588871084462126e-06,1545176.0026051924
2.6010258235887581e-06,1544979.8612059199
2.6132376291657527e-06,1544780.4777843419
2.6255067691198607e-06,1544577.8863326542
2.6378335126357414e-06,1544372.1203259104
2.6502181301618925e-06,1544163.212721738
2.6626608934165491e-06,1543951.1959602186
2.6751620753936687e-06,1543736.1019639079
2.6877219503689133e-06,1543517.962138019
2.7003407939056682e-06,1543296.8073707453
2.7130188828610884e-06,1543072.668033737
2.7257564953921717e-06,1542845.5739827189
2.7385539109618612e-06,1542615.5545582564
2.7514114103451728e-06,1542382.638586656
2.7643292756353763e-06,1542146.8543810139
2.7773077902501514e-06,1541908.2297423943
2.7903472389378283e-06,1541666.7919611468
2.8034479077836291e-06,1541422.5678183562
2.8166100842159456e-06,1541175.5835874223
2.8298340570126438e-06,1540925.8650357667
2.8431201163074019e-06,1540673.43742667
2.8564685535960671e-06,1540418.3255212265
2.8698796617430771e-06,1540160.5535804247
2.8833537349878487e-06,1539900.1453673448
2.8968910689512582e-06,1539637.1241494706
2.91049196064212e-06,1539371.5127011179
2.9241567084637039e-06,1539103.3333059722
2.9378856122202817e-06,1538832.6077597339
2.9516789731237052e-06,1538559.3573728718
2.9655370938000146e-06,1538283.6029734756
2.979460278296072e-06,1538005.3649102126
2.9934488320862564e-06,1537724.6630553794
3.0075030620791297e-06,1537441.5168080502
3.0216232766241944e-06,1537155.9450973142
3.0358097855186523e-06,1536867.9663856071
3.0500629000142021e-06,1536577.5986721234
3.0643829328238672e-06,1536284.8594963155
3.0787701981288589e-06,1535989.7659414753
3.0932250115854667e-06,1535692.3346383888
3.1077476903319792e-06,1535392.5817690694
3.1223385529956667e-06,1535090.5230705645
3.1369979196997347e-06,1534786.1738388271
3.151726112070372e-06,1534479.5489326585
3.1665234532438006e-06,1534170.6627777121
3.181390267873366e-06,1533859.5293705589
3.1963268821366604e-06,1533546.1622828117
3.2113336237426778e-06,1533230.5746653029
3.2264108219390045e-06,1532912.7792523159
3.2415588075190366e-06,1532592.7883658661
3.2567779128292637e-06,1532270.613920029
3.2720684717765205e-06,1531946.2674253103
3.2874308198353407e-06,1531619.7599930598
3.3028652940553077e-06,1531291.102339922
3.3183722330684528e-06,1530960.3047923236
3.3339519770966832e-06,1530627.3772909932
3.3496048679592458e-06,1530292.3293955105
3.3653312490802279e-06,1529955.1702888869
3.381131465496085e-06,1529615.9087821657
3.3970058638632367e-06,1529274.5533190479
3.412954792465634e-06,1528931.1119805397
3.4289786012224257e-06,1528585.5924896116
3.4450776416956296e-06,1528238.0022158781
3.4612522670978454e-06,1527888.3481802852
3.4775028323000058e-06,1527536.637059811
3.4938296938391589e-06,1527182.8751921717
3.5102332099262953e-06,1526827.068580532
3.5267137404541955e-06,1526469.2228982218
3.5432716470053577e-06,1526109.3434934469
3.5599072928598869e-06,1525747.4353940049
3.5766210430034931e-06,1525383.5033119919
3.593413264135494e-06,1525017.5516485046
3.6102843246768575e-06,1524649.584498333
3.6272345947782883e-06,1524279.6056546455
3.6442644463283455e-06,1523907.6186136559
3.6613742529616043e-06,1523533.6265792823
3.6785643900668445e-06,1523157.6324677833
3.6958352347953186e-06,1522779.6389123795
3.7131871660689787e-06,1522399.6482678545
3.7306205645888217e-06,1522017.6626151309
3.7481358128432353e-06,1521633.6837658263
3.765733295116387e-06,1521247.7132667797
3.7834133974966572e-06,1520859.7524045536
3.8011765078851115e-06,1520469.8022099056
3.8190230160039987e-06,1520077.8634622302
3.8369533134053377e-06,1519683.9366939676
3.8549677934794578e-06,1519288.0221949809
3.8730668514636628e-06,1518890.1200168957
3.8912508844508939e-06,1518490.2299774075
3.9095202913984414e-06,1518088.3516645464
3.9278754731366988e-06,1517684.4844409069
3.9463168323779578e-06,1517278.6274478377
3.9648447737252409e-06,1516870.7796095875
3.983459703681173e-06,1516460.9396374102
4.0021620306569309e-06,1516049.1060336295
4.020952164981157e-06,1515635.2770956536
4.0398305189089915e-06,1515219.4509199497
4.0587975066311116e-06,1514801.6254059707
4.0778535442828188e-06,1514381.7982600345
4.0969990499531672e-06,1513959.9669991541
4.1162344436941369e-06,1513536.1289548241
4.1355601475298515e-06,1513110.2812767541
4.1549765854658267e-06,1512682.4209365526
4.174484183498309e-06,1512252.5447313611
4.1940833696235674e-06,1511820.6492874396
4.2137745738473237e-06,1511386.7310636966
4.2335582281941722e-06,1510950.7863551695
4.2534347667170624e-06,1510512.8112964544
4.2734046255068194e-06,1510072.8018650785
4.2934682427017137e-06,1509630.7538848256
4.3136260584970728e-06,1509186.6630290037
4.333878515154931e-06,1508740.5248236617
4.3542260570137674e-06,1508292.3346507507
4.3746691304982013e-06,1507842.0877512346
4.3952081841288243e-06,1507389.7792281436
4.4158436685320287e-06,1506935.4040495753
4.4365760364498964e-06,1506478.9570516436
4.4574057427501313e-06,1506020.432941369
4.4783332444360389e-06,1505559.8262995211
4.4993590006565556e-06,1505097.1315834029
4.5204834727163082e-06,1504632.3431295836
4.5417071240857749e-06,1504165.4551565761
4.5630304204114005e-06,1503696.461767466
4.5844538295258448e-06,1503225.3569524798
4.605977821458241e-06,1502752.1345915096
4.627602868444507e-06,1502276.7884565752
4.6493294449377063e-06,1501799.3122142451
4.6711580276184575e-06,1501319.6994279956
4.6930890954053925e-06,1500837.943560526
4.7151231294656567e-06,1500354.0379760177
4.7372606132254985e-06,1499867.9759423458
4.759502032380824e-06,1499379.7506332402
4.7818478749078901e-06,1498889.3551303954
4.8042986310739973e-06,1498396.7824255326
4.8268547934482525e-06,1497902.0254224129
4.8495168569123689e-06,1497405.0769388021
4.8722853186715305e-06,1496905.9297083882
4.8951606782652958e-06,1496404.5763826517
4.9181434375785501e-06,1495901.0095326905
4.9412341008525563e-06,1495395.2216509962
4.9644331746959567e-06,1494887.2051531894
4.9877411680959315e-06,1494376.952379707
5.011158592429351e-06,1493864.4555974479
5.0346859614739993e-06,1493349.7070013732
5.0583237914198454e-06,1492832.6987160654
5.0820726008803668e-06,1492313.4227972473
5.1059329109039305e-06,1491791.8712332554
5.1299052449852126e-06,1491268.0359464765
5.1539901290767245e-06,1490741.9087947435
5.178188091600293e-06,1490213.4815726911
5.2024996634586928e-06,1489682.7460130749
5.2269253780472859e-06,1489149.6937880523
5.2514657712657211e-06,1488614.3165104243
5.2761213815296969e-06,1488076.6057348456
5.3008927497827679e-06,1487536.5529589939
5.3257804195082089e-06,1486994.1496247102
5.3507849367409769e-06,1486449.3871190993
5.3759068500796284e-06,1485902.2567756022
5.4011467106984008e-06,1485352.749875033
5.4265050723592887e-06,1484800.8576465847
5.4519824914242006e-06,1484246.5712688034
5.4775795268671588e-06,1483689.881870535
5.503296740286569e-06,1483130.7805318374
5.5291346959175369e-06,1482569.2582848694
5.5550939606442394e-06,1482005.3061147472
5.5811751040124077e-06,1481438.9149603737
5.6073786982417503e-06,1480870.0757152459
5.63370531823856e-06,1480298.7792282298
5.6601555416083103e-06,1479725.0163043153
5.6867299486683292e-06,1479148.7777053416
5.713429122460535e-06,1478570.0541507036
5.7402536487642231e-06,1477988.8363180317
5.7672041161089205e-06,1477405.1148438505
5.7942811157872866e-06,1476818.8803242152
5.8214852418681328e-06,1476230.1233153259
5.8488170912093866e-06,1475638.8343341234
5.8762772634712309e-06,1475045.0038588634
5.9038663611292519e-06,1474448.6223296716
5.9315849894876569e-06,1473849.6801490798
5.9594337566925512e-06,1473248.1676825448
5.987413273745288e-06,1472644.0752589512
6.0155241545158647e-06,1472037.3931710909
6.043767015756386e-06,1471428.1116761363
6.072142477114643e-06,1470816.2209960872
6.1006511611476311e-06,1470201.7113182119
6.1292936933352631e-06,1469584.5727954663
6.1580707020940751e-06,1468964.7955469035
6.1869828187910182e-06,1468342.3696580678
6.2160306777573072e-06,1467717.2851813757
6.245214916302341e-06,1467089.5321364857
6.2745361747276817e-06,1466459.1005106543
6.3039950963410935e-06,1465825.9802590813
6.333592327470706e-06,1465190.1613052436
6.3633285174791163e-06,1464551.6335412201
6.3932043187776913e-06,1463910.3868280044
6.4232203868408664e-06,1463266.4109958068
6.4533773802205263e-06,1462619.6958443506
6.4836759605604532e-06,1461970.231143157
6.5141167926108454e-06,1461318.0066318216
6.5447005442429007e-06,1460663.0120202836
6.5754278864634544e-06,1460005.2369890865
6.6062994934297595e-06,1459344.6711896339
6.6373160424641905e-06,1458681.3042444335
6.6684782140691642e-06,1458015.1257473403
6.6997866919420522e-06,1457346.1252637878
6.731242162990181e-06,1456674.2923310208
6.7628453173459077e-06,1455999.6164583131
6.7945968483817541e-06,1455322.0871271894
6.8264974527256263e-06,1454641.6937916346
6.8585478302760799e-06,1453958.4258783048
6.8907486842177331e-06,1453272.2727867274
6.9231007210366124e-06,1452583.2238895048
6.9556046505357065e-06,1451891.2685325078
6.988261185850525e-06,1451196.3960350689
7.0210710434647489e-06,1450498.595690171
7.0540349432259434e-06,1449797.8567646339
7.0871536083613578e-06,1449094.1684992991
7.1204277654937756e-06,1448387.5201092085
7.1538581446575127e-06,1447677.9007837838
7.1874454793143529e-06,1446965.2996870049
7.2211905063696914e-06,1446249.7059575822
7.2550939661886924e-06,1445531.1087091323
7.2891566026125331e-06,1444809.4970303481
7.3233791629747194e-06,1444084.8599851686
7.3577623981174863e-06,1443357.1866129511
7.3923070624082707e-06,1442626.465928637
7.4270139137562439e-06,1441892.6869229218
7.461883713629006e-06,1441155.8385624199
7.4969172270691967e-06,1440415.9097898339
7.5321152227113448e-06,1439672.8895241211
7.5674784727987138e-06,1438926.7666606575
7.6030077532002457e-06,1438177.530071408
7.6387038434275855e-06,1437425.1686050913
7.6745675266521801e-06,1436669.6710873467
7.710599589722467e-06,1435911.0263209033
7.7468008231811128e-06,1435149.2230857473
7.7831720212824316e-06,1434384.2501392905
7.8197139820097053e-06,1433616.096216541
7.8564275070927643e-06,1432844.7500302747
7.8933134020255554e-06,1432070.2002712046
7.9303724760838156e-06,1431292.4356081556
7.9676055423428295e-06,1430511.4446882387
8.0050134176952661e-06,1429727.2161370255
8.0425969228691019e-06,1428939.7385587259
8.080356882445612e-06,1428149.0005363664
8.1182941248775254e-06,1427354.9906319694
8.1564094825071074e-06,1426557.6973867367
8.1947037915844794e-06,1425757.1093212315
8.233177892285955e-06,1424953.2149355644
8.2718326287324704e-06,1424146.0027095808
8.3106688490081119e-06,1423335.46110305
8.3496874051787085e-06,1422521.5785558573
8.3888891533105445e-06,1421704.3434881966
8.4282749534891043e-06,1420883.7443007666
8.4678456698380307e-06,1420059.7693749678
8.5076021705379664e-06,1419232.4070731055
8.5475453278456799e-06,1418401.6457385896
8.5876760181131763e-06,1417567.4736961422
8.627995121806935e-06,1416729.8792520037
8.668503523527219e-06,1415888.850694143
8.7092021120274867e-06,1415044.3762924713
8.7500917802338892e-06,1414196.4442990574
8.7911734252648471e-06,1413345.0429483452
8.8324479484508013e-06,1412490.1604573757
8.8739162553538777e-06,1411631.7850260101
8.9155792557878351e-06,1410769.9048371566
8.9574378638380042e-06,1409904.5080570008
8.9994929978813385e-06,1409035.5828352363
9.0417455806065721e-06,1408163.1173053023
9.0841965390344569e-06,1407287.0995846204
9.1268468045381018e-06,1406407.5177748376
9.1696973128633926e-06,1405524.3599620701
9.2127490041495922e-06,1404637.614217151
9.2560028229498605e-06,1403747.2685958815
9.2994597182520459e-06,1402853.3111392865
9.3431206434994936e-06,1401955.72987387
9.3869865566119585e-06,1401054.5128118773
9.4310584200066269e-06,1400149.6479515582
9.4753372006192285e-06,1399241.123277436
9.5198238699252556e-06,1398328.926760576
9.5645194039612492e-06,1397413.0463588636
9.6094247833463006e-06,1396493.4700172774
9.6545409933034415e-06,1395570.1856681746
9.6998690236813474e-06,1394643.1812315742
9.7454098689760231e-06,1393712.4446154456
9.7911645283526287e-06,1392777.9637160008
9.837134005667405e-06,1391839.7264179902
9.8833193094896887e-06,1390897.7205950017
9.9297214531240291e-06,1389951.9341097642
9.9763414546324934e-06,1389002.3548144544
1.002318033685689e-05,1388048.9705510067
1.007023912744128e-05,1387091.7691514303
1.0117518858854512e-05,1386130.7384381227
1.0165020568412872e-05,1385165.8662241972
1.0212745298302842e-05,1384197.1403138046
1.0260694095603963e-05,1383224.5485024662
1.0308868012311815e-05,1382248.0785774053
1.0357268105361064e-05,1381267.718317888
1.040589543664875e-05,1380283.455495561
1.045475107305745e-05,1379295.2778748022
1.050383608647877e-05,1378303.1732130682
1.0553151553836845e-05,1377307.1292612478
1.0602698557111961e-05,1376307.133764023
1.0652478183364301e-05,1375303.1744602285
1.070249152475779e-05,1374295.2390832209
1.0752739678584055e-05,1373283.3153612486
1.0803223747286484e-05,1372267.3910178263
1.0853944838484498e-05,1371247.4537721153
1.0904904064997719e-05,1370223.4913393075
1.0956102544870478e-05,1369195.4914310134
1.1007541401396313e-05,1368163.4417556545
1.1059221763142626e-05,1367127.3300188605
1.1111144763975439e-05,1366087.1439238698
1.1163311543084267e-05,1365042.8711719371
1.1215723245007115e-05,1363994.4994627426
1.1268381019655571e-05,1362942.0164948073
1.1321286022340114e-05,1361885.4099659114
1.137443941379534e-05,1360824.6675735214
1.1427842360205508e-05,1359759.7770152148
1.148149603323011e-05,1358690.7259891168
1.153540161002957e-05,1357617.5021943368
1.1589560273291078e-05,1356540.0933314117
1.1643973211254539e-05,1355458.4871027526
1.1698641617738632e-05,1354372.6712130981
1.1753566692166994e-05,1353282.6333699715
1.1808749639594614e-05,1352188.3612841412
1.1864191670734147e-05,1351089.8426700891
1.1919894001982556e-05,1349987.0652464824
1.1975857855447785e-05,1348880.0167366487
1.2032084458975569e-05,1347768.6848690589
1.2088575046176375e-05,1346653.0573778141
1.2145330856452464e-05,1345533.1220031353
1.2202353135025092e-05,1344408.8664918616
1.2259643132961787e-05,1343280.2785979526
1.231720210720392e-05,1342147.3460829922
1.2375031320594116e-05,1341010.0567167043
1.2433132041904067e-05,1339868.3982774671
1.2491505545862342e-05,1338722.3585528373
1.2550153113182359e-05,1337571.9253400764
1.2609076030590475e-05,1336417.0864466834
1.2668275590854226e-05,1335257.8296909342
1.2727753092810684e-05,1334094.1429024236
1.2787509841394932e-05,1332926.0139226159
1.2847547147668794e-05,1331753.4306053955
1.2907866328849447e-05,1330576.3808176299
1.2968468708338419e-05,1329394.8524397337
1.3029355615750611e-05,1328208.8333662383
1.3090528386943454e-05,1327018.3115063685
1.3151988364046227e-05,1325823.2747846229
1.3213736895489497e-05,1324623.7111413621
1.3275775336034685e-05,1323419.6085334013
1.3338105046803889e-05,1322210.9549346056
1.340072739530959e-05,1320997.7383364984
1.3463643755484759e-05,1319779.9467488681
1.3526855507712979e-05,1318557.5682003826
1.3590364038858732e-05,1317330.5907392115
1.3654170742297815e-05,1316099.0024336532
1.3718277017947923e-05,1314862.7913727653
1.3782684272299358e-05,1313621.9456670049
1.3847393918445863e-05,1312376.4534488716
1.3912407376115731e-05,1311126.3028735558
1.397772607170279e-05,1309871.4821195982
1.4043351438297809e-05,1308611.9793895483
1.4109284915719915e-05,1307347.7829106341
1.4175527950548175e-05,1306078.8809354331
1.4242081996153345e-05,1304805.2617425553
1.4308948512729744e-05,1303526.9136373256
1.4376128967327304e-05,1302243.8249524778
1.4443624833883715e-05,1300955.9840488515
1.451143759325689e-05,1299663.3793160953
1.4579568733257277e-05,1298365.9991733772
1.4648019748680612e-05,1297063.832070102
1.4716792141340697e-05,1295756.8664866323
1.4785887420102339e-05,1294445.0909350167
1.4855307100914463e-05,1293128.4939597256
1.4925052706843364e-05,1291807.064138392
1.4995125768106129e-05,1290480.7900825578
1.5065527822104179e-05,1289149.6604384298
1.5136260413457115e-05,1287813.6638876358
1.5207325094036437e-05,1286472.7891479945
1.5278723422999698e-05,1285127.0249742868
1.5350456966824691e-05,1283776.3601590351
1.5422527299343823e-05,1282420.7835332877
1.5494936001778628e-05,1281060.2839674121
1.5567684662774472e-05,1279694.850371894
1.5640774878435406e-05,1278324.4716981396
1.5714208252359153e-05,1276949.1369392895
1.578798639567241e-05,1275568.8351310354
1.586211092706602e-05,1274183.5553524455
1.5936583472830592e-05,1272793.2867267951
1.6011405666892181e-05,1271398.0184224036
1.60865791508481e-05,1269997.7396534812
1.6162105574002962e-05,1268592.4396809766
1.6237986593404863e-05,1267182.1078134375
1.631422387388173e-05,1265766.7334078727
1.6390819088077814e-05,1264346.3058706261
1.6467773916490521e-05,1262920.8146582495
1.6545090047507098e-05,1261490.2492783924
1.6622769177441786e-05,1260054.5992906904
1.6700813010573014e-05,1258613.8543076639
1.6779223259180799e-05,1257168.0039956213
1.68580016435843e-05,1255717.0380755737
1.6937149892179564e-05,1254260.946324151
1.7016669741477461e-05,1252799.7185745272
1.7096562936141729e-05,1251333.3447173545
1.7176831229027398e-05,1249861.814701698
1.7257476381219053e-05,1248385.1185359869
1.7338500162069583e-05,1246903.2462889638
1.7419904349238989e-05,1245416.1880906455
1.7501690728733386e-05,1243923.9341332885
1.7583861094944166e-05,1242426.4746723641
1.7666417250687387e-05,1240923.8000275374
1.7749361007243328e-05,1239415.9005836556
1.7832694184396176e-05,1237902.7667917425
1.791641861047411e-05,1236384.3891699978
1.800053612238919e-05,1234860.7583048083
1.8085048565677813e-05,1233331.8648517616
1.8169957794541156e-05,1231797.6995366684
1.8255265671885865e-05,1230258.2531565928
1.8340974069364932e-05,1228713.5165808864
1.8427084867418738e-05,1227163.480752235
1.8513599955316297e-05,1225608.1366877065
1.860052123119684e-05,1224047.4754798065
1.8687850602111251e-05,1222481.4882975488
1.8775589984064034e-05,1220910.1663875212
1.8863741302055333e-05,1219333.501074966
1.8952306490123165e-05,1217751.4837648664
1.904128749138584e-05,1216164.1059430374
1.9130686258084601e-05,1214571.3591772267
1.922050475162646e-05,1212973.2351182213
1.9310744942627183e-05,1211369.7255009608
1.9401408810954692e-05,1209760.8221456571
1.9492498345772254e-05,1208146.5169589252
1.9584015545582302e-05,1206526.8019349147
1.9675962418270215e-05,1204901.6691564552
1.9768340981148398e-05,1203271.1107962017
1.9861153261000521e-05,1201635.1191177927
1.9954401294126004e-05,1199993.6864770125
2.0048087126384668e-05,1198346.8053229614
2.0142212813241619e-05,1196694.4681992333
2.0236780419812467e-05,1195036.6677450968
2.0331792020908418e-05,1193373.3966966902
2.0427249701081948e-05,1191704.6478882164
2.0523155554672496e-05,1190030.4142531501
2.0619511685852415e-05,1188350.6888254476
2.0716320208673145e-05,1186665.4647407655
2.0813583247111583e-05,1184974.7352376892
2.0911302935116693e-05,1183278.493658962
2.100948141665627e-05,1181576.7334527273
2.1108120845764163e-05,1179869.4481737718
2.1207223386587279e-05,1178156.6314847821
2.1306791213433217e-05,1176438.2771576031
2.1406826510817948e-05,1174714.3790745048
2.1507331473513737e-05,1172984.9312294561
2.1608308306597287e-05,1171249.927729405
2.1709759225498139e-05,1169509.3627955657
2.181168645604726e-05,1167763.2307647136
2.1914092234525844e-05,1166011.5260904846
2.2016978807714541e-05,1164254.2433446799
2.2120348432942504e-05,1162491.3772185866
2.2224203378137074e-05,1160722.9225242913
2.2328545921873507e-05,1158948.8741960104
2.2433378353424956e-05,1157169.2272914236
2.2538702972812702e-05,1155383.976993012
2.2644522090856623e-05,1153593.1186094075
2.2750838029225875e-05,1151796.6475767435
2.2857653120489811e-05,1149994.5594600153
2.2964969708169312e-05,1148186.849954444
2.3072790146787946e-05,1146373.5148868519
2.3181116801923809e-05,1144554.550217038
2.3289952050261374e-05,1142729.9520391638
2.3399298279643634e-05,1140899.7165831435
2.3509157889124506e-05,1139063.8402160415
2.3619533289021438e-05,1137222.3194434741
2.3730426900968326e-05,1135375.1509110203
2.3841841157968566e-05,1133522.3314056364
2.3953778504448653e-05,1131663.8578570739
2.4066241396311492e-05,1129799.727339312
2.417923230099051e-05,1127929.9370719863
2.4292753697503707e-05,1126054.4844218278
2.4406808076508075e-05,1124173.3669041093
2.452139794035422e-05,1122286.5821840926
2.4636525803141278e-05,1120394.1280784856
2.4752194190772023e-05,1118496.0025569035
2.4868405641008481e-05,1116592.2037433339
2.4985162703527306e-05,1114682.7299176108
2.510246793997593e-05,1112767.5795168909
2.5220323924028706e-05,1110846.7511371367
2.5338733241443373e-05,1108920.2435346039
2.5457698490117796e-05,1106988.0556273351
2.5577222280146969e-05,1105050.1864966569
2.5697307233880252e-05,1103106.6353886838
2.5817955985978886e-05,1101157.4017158281
2.5939171183473992e-05,1099202.4850583065
2.6060955485824329e-05,1097241.885165666
2.6183311564974859e-05,1095275.6019583009
2.6306242105415318e-05,1093303.6355289815
2.6429749804239101e-05,1091325.9861443851
2.6553837371202456e-05,1089342.6542466322
2.6678507528783917e-05,1087353.6404548269
2.6803763012244049e-05,1085358.9455666002
2.6929606569685399e-05,1083358.5705596618
2.7056040962113004e-05,1081352.5165933473
2.7183068963494648e-05,1079340.7850101807
2.7310693360821941e-05,1077323.3773374313
2.7438916954171397e-05,1075300.2952886801
2.7567742556765885e-05,1073271.5407653865
2.7697172995036339e-05,1071237.1158584594
2.7827211108683784e-05,1069197.0228498341
2.7957859750741618e-05,1067151.2642140486
2.8089121787638173e-05,1065099.8426198275
2.822100009925981e-05,1063042.7609316623
2.8353497579013783e-05,1060980.022211405
2.848661713389193e-05,1058911.6297198546
2.8620361684534414e-05,1056837.5869183517
2.8754734165293784e-05,1054757.8974703744
2.8889737524299364e-05,1052672.5652431368
2.9025374723521931e-05,1050581.5943091896
2.9161648738838708e-05,1048484.9889480245
2.9298562560098585e-05,1046382.753647679
2.9436119191187963e-05,1044274.8931063403
2.9574321650096293e-05,1042161.4122339615
2.9713172968982539e-05,1040042.3161538666
2.9852676194241633e-05,1037917.6102043665
2.9992834386571331e-05,1035787.2999403703
3.0133650621039335e-05,1033651.3911350031
3.0275127987150792e-05,1031509.8897812208
3.0417269588916055e-05,1029362.8020934289
3.056007854491873e-05,1027210.1345091008
3.070355798838436e-05,1025051.8936903937
3.0847711067248754e-05,1022888.0865257737
3.099254094422737e-05,1020718.7201316322
3.1138050796884561e-05,1018543.8018539073
3.1284243817703359e-05,1016363.3392697041
3.1431123214155476e-05,1014177.3401889149
3.1578692208771701e-05,1011985.812655839
3.1726954039212588e-05,1009788.7649508035
3.187591195833942e-05,1007586.205591782
3.202556923428586e-05,1005378.1433360095
3.2175929150529245e-05,1003164.5871816057
3.2326995005962885e-05,1000945.5463691874
3.2478770114968381e-05,998721.03038348386
3.263125780748835e-05,996491.04895495053
3.2784461429099469e-05,994255.61206138099
3.2938384341085883e-05,992014.72992951656
3.3093029920512889e-05,989768.41303665505
3.3248401560301298e-05,987516.67211225175
3.3404502669301454e-05,985259.51813952962
3.3561336672368315e-05,982996.96235707542
3.3718907010436522e-05,980729.01626043685
3.3877217140595897e-05,978455.69160371926
3.4036270536167257e-05,976177.0004011743
3.4196070686778671e-05,973892.9549287901
3.4356621098441993e-05,971603.5677258739
3.4517925293629716e-05,969308.85159663204
3.4679986811352533e-05,967008.81961174484
3.4842809207236574e-05,964703.48510994099
3.5006396053601681e-05,962392.86169956275
3.5170750939539735e-05,960076.96326012781
3.5335877470993374e-05,957755.80394388689
3.5501779270835141e-05,955429.39817737497
3.5668459978946925e-05,953097.76066295896
3.5835923252299873e-05,950760.90638037596
3.6004172765034507e-05,948418.85058827105
3.617321220854164e-05,946071.60882572026
3.6343045291542944e-05,943719.19691375818
3.6513675740172586e-05,941361.63095688983
3.6685107298058925e-05,938998.92734459951
3.6857343726406634e-05,936631.10275285086
3.7030388804079226e-05,934258.17414558027
3.7204246327681978e-05,931880.15877618338
3.7378920111645187e-05,929497.0741889918
3.7554413988307827e-05,927108.93822074274
3.7730731808001912e-05,924715.76900203631
3.7907877439136521e-05,922317.58495879313
3.8085854768282974e-05,919914.40481369279
3.826466770026003e-05,917506.24758760829
3.8444320158219536e-05,915093.13260102877
3.8624816083732561e-05,912675.07947547419
3.8806159436875792e-05,910252.10813489778
3.8988354196318481e-05,907824.2388070795
3.9171404359409646e-05,905391.49202500761
3.9355313942266049e-05,902953.88862824696
3.9540086979859903e-05,900511.4497643041
3.9725727526107646e-05,898064.19688996964
3.9912239653958862e-05,895612.15177265625
4.0099627455485596e-05,893155.33649172192
4.0287895041972174e-05,890693.77343977871
4.0477046544005363e-05,888227.48532399291
4.0667086111565038e-05,885756.49516736763
4.0858017914115125e-05,883280.8263100154
4.1049846140695405e-05,880800.50241041032
4.1242575000012938e-05,878315.54744663788
4.1436208720534746e-05,875825.98571761791
4.1630751550580456e-05,873331.8418443189
4.1826207758415569e-05,870833.14077095606
4.2022581632345062e-05,868329.90776617487
4.2219877480807474e-05,865822.16842421563
4.2418099632469456e-05,863309.94866606465
4.2617252436320662e-05,860793.27474058932
4.2817340261769464e-05,858272.17322565068
4.3018367498738343e-05,855746.67102920846
4.3220338557760538e-05,853216.79539039987
4.342325787007672e-05,850682.57388060342
4.3627129887732217e-05,848144.03440448618
4.3831959083674683e-05,845601.2052010292
4.4037749951852259e-05,843054.11484453594
4.4244507007312143e-05,840502.79224562191
4.4452234786299568e-05,837947.26665218303
4.4660937846357705e-05,835387.56765034026
4.4870620766427095e-05,832823.72516537551
4.5081288146946459e-05,830255.76946263306
4.5292944609953584e-05,827683.73114840814
4.5505594799186689e-05,825107.64117081021
4.5719243380186332e-05,822527.53082060651
4.5933895040397763e-05,819943.4317320413
4.6149554489273678e-05,817355.37588363513
4.6366226458377911e-05,814763.39559895417
4.6583915701488693e-05,812167.52354736766
4.6802626994703298e-05,809567.79274477134
4.7022365136542792e-05,806964.23655428889
4.724313494805724e-05,804356.88868695241
4.7464941272931552e-05,801745.78320235317
4.7687788977591694e-05,799130.95450926991
4.7911682951311493e-05,796512.43736627046
4.8136628106319798e-05,793890.26688228699
4.8362629377908645e-05,791264.47851716098
4.858969172454094e-05,788635.10808217165
4.8817820127959675e-05,786002.19174052414
4.9047019593297084e-05,783365.76600781758
4.9277295149184494e-05,780725.86775248288
4.9508651847862608e-05,778082.53419619193
4.9741094765292412e-05,775435.80291423644
4.9779444183866797e-05,775000
4.9974629001266477e-05,772785.71183587995
5.02092596795208e-05,770132.29924467846
5.0444991947847592e-05,767475.60377876624
5.0681830978207636e-05,764815.66443112248
5.0919781966844119e-05,762152.52054979454
5.1158850134396609e-05,759486.21183809533
5.1399040726015524e-05,756816.77835476946
5.1640359011477258e-05,754144.26051412337
5.1882810285299783e-05,751468.69908612652
5.2126399866858797e-05,748790.13519647613
5.2371133100504357e-05,746108.61032663158
5.2617015355678536e-05,743424.16631380748
5.2864052027032585e-05,740736.84535094502
5.3112248534545736e-05,738046.68998663547
5.3361610323644006e-05,735353.74312501529
5.361214286531966e-05,732658.04802562273
5.3863851656251241e-05,729959.6483032211
5.4116742218924188e-05,727258.58792758139
5.437082010175198e-05,724554.91122323135
5.4626090879197764e-05,721848.6628691667
5.4882560151897103e-05,719139.88789851789
5.5140233546780186e-05,716428.63169819198
5.5399116717195732e-05,713714.94000846241
5.5659215343034905e-05,710998.85892252682
5.5920535130855928e-05,708280.43488602305
5.618308181400931e-05,705559.71469650534
5.6446861152763595e-05,702836.74550288077
5.6711878934431787e-05,700111.57480480371
5.6978140973498156e-05,697384.25045203115
5.7245653111746337e-05,694654.82064373
5.7514421218386734e-05,691923.33392775431
5.77844511901858e-05,689189.83919986745
5.8055748951595287e-05,686454.38570292818
5.8328320454882209e-05,683717.02302603202
5.8602171680259465e-05,680977.80110360787
5.8877308636017018e-05,678236.7702144722
5.9153737358653737e-05,675493.98098083667
5.9431463913009693e-05,672749.48436727386
5.9710494392399736e-05,670003.33167963009
5.9990834918746431e-05,667255.57456390536
6.027249164271487e-05,664506.26500507526
6.0555470743847486e-05,661755.45532587089
6.0839778430699645e-05,659003.19818551268
6.1125420940975864e-05,656249.5465783946
6.1412404541666619e-05,653494.55383272353
6.1700735529185812e-05,650738.27360910794
6.1990420229509306e-05,647980.75989909575
6.2281464998313057e-05,645222.0670236724
6.2573876221112986e-05,642462.24963169976
6.2867660313405021e-05,639701.36269831005
6.3162823720805787e-05,636939.46152324905
6.3459372919194077e-05,634176.60172916914
6.3757314414852884e-05,631412.83925987128
6.4056654744612177e-05,628648.23037849611
6.4357400475992206e-05,625882.83166566398
6.4659558207348067e-05,623116.70001755899
6.4963134568013736e-05,620349.89264397137
6.526813621844802e-05,617582.46706627577
6.5574569850380499e-05,614814.48111536284
6.5882442186958467e-05,612045.99292951648
6.6191759982894328e-05,609277.06095223792
6.6502530024613847e-05,606507.7439300156
6.6814759130405009e-05,603738.1009100409
6.712845415056752e-05,600968.19123787095
6.7443621967563604e-05,598198.07455503137
6.7760269496168249e-05,595427.81079657422
6.8078403683621356e-05,592657.4601885709
6.8398031509780141e-05,589887.08324555354
6.87191599872722e-05,587116.74076790118
6.9041796161649403e-05,584346.49383916776
6.9365947111542416e-05,581576.40382335603
6.9691619948816086e-05,578806.53236213303
7.0018821818725301e-05,576036.94137199037
7.0347559900072278e-05,573267.69304134266
7.0677841405363285e-05,570498.84982757806
7.1009673580967408e-05,567730.47445404215
7.1343063707275415e-05,564962.62990696752
7.1678019098859457e-05,562195.37943234632
7.2014547104633602e-05,559428.78653274209
7.2352655108015023e-05,556662.9149640461
7.269235052708601e-05,553897.82873217238
7.3033640814756568e-05,551133.59208969784
7.3376533458928517e-05,548370.26953243499
7.3721035982658918e-05,545607.92579595896
7.4067155944325698e-05,542846.62585206295
7.4414900937793345e-05,540086.43490516057
7.4764278592579498e-05,537327.41838862724
7.5115296574022354e-05,534569.64196108188
7.5467962583448823e-05,531813.17150260881
7.5822284358343547e-05,529058.07311092026
7.6178269672518462e-05,526304.41309745982
7.6535926336283964e-05,523552.25798343972
7.6895262196619371e-05,520801.67449583078
7.7256285137345708e-05,518052.72956327884
7.7619003079298484e-05,515305.49031196861
7.7983423980501507e-05,512560.02406142547
7.8349555836341477e-05,509816.39832025632
7.8717406679743387e-05,507074.68078183132
7.9086984581346813e-05,504334.93931990454
7.9458297649682757e-05,501597.24198417581
7.9831354031352237e-05,498861.65699578717
8.0206161911204046e-05,496128.25274277013
8.0582729512514967e-05,493397.09777542041
8.0961065097170045e-05,490668.26080162002
8.1341176965843813e-05,487941.81068209768
8.1723073458182466e-05,485217.81642562832
8.2106762952986788e-05,482496.34718417458
8.2492253868396014e-05,479777.47224796657
8.2879554662072325e-05,477061.26104052516
8.3268673831387108e-05,474347.78311361873
8.3659619913606335e-05,471637.10814217344
8.4052401486078637e-05,468929.30591911089
8.4447027166423191e-05,466224.44635013555
8.484350561271893e-05,463522.59944845928
8.5241845523694373e-05,460823.83532947011
8.564205563891858e-05,458128.22420534043
8.6044144738992633e-05,455435.83637958003
8.6448121645743063e-05,452746.74224152509
8.6853995222414289e-05,450061.0122607809
8.7261774373863823e-05,447378.71698159631
8.7671468046757433e-05,444699.92701718718
8.8083085229765455e-05,442024.7130440016
8.8496634953759968e-05,439353.14579592954
8.8912126292012999e-05,436685.29605845612
8.9329568360395529e-05,434021.23466276005
8.974897031757734e-05,431361.03247975762
9.0170341365228659e-05,428704.76041408652
9.0593690748220983e-05,426052.48939804733
9.1019027754830637e-05,423404.29038547823
9.144636171694236e-05,420760.23434558418
9.1875702010254029e-05,418120.39225671103
9.2307058054482414e-05,415484.83510006702
9.2740439313569799e-05,412853.63385339285
9.3175855295891648e-05,410226.8594845804
9.3613315554465018e-05,407604.58294524247
9.4052829687158888e-05,404986.87516422471
9.4494407336903662e-05,402373.80704108166
9.4938058191903422e-05,399765.44943949097
9.5383791985848341e-05,397161.87318062526
9.583161849812824e-05,394563.14903647482
9.6281547554047102e-05,391969.34772312443
9.6733589025038702e-05,389380.53989398177
9.7187752828883139e-05,386796.79613296222
9.7644048929924256e-05,384218.1869476281
9.8102487339289058e-05,381644.7827622788
9.8563078115106124e-05,379076.6539110092
9.9025831362727136e-05,376513.87063071266
9.9490757234948354e-05,373956.5030540491
9.995786593223334e-05,371404.62120237033
0.00010042716770293684,368858.29497860436
0.00010089867284352956,366317.59416010173
0.0001013723916988241,363782.58839144179
0.00010184833466220167,361253.34717720386
0.00010232651217584105,358729.9398746948
0.00010280693473094635,356212.43568665214
0.00010328961286797803,353700.90365390235
0.00010377455717688398,351195.412647989
0.00010426177829733188,348696.03136376786
0.00010475128691894257,346202.82831197052
0.00010524309378152464,343715.87181173614
0.00010573720967531001,341235.22998311365
0.00010623364544119051,338760.97073953698
0.00010673241197095654,336293.16178026592
0.00010723352020753479,333831.87058281276
0.00010773698114522911,331377.16439533117
0.00010824280582996162,328929.11022898741
0.00010875100535951495,326487.77485030686
0.00010926159088377581,324053.22477349802
0.00010977457360497958,321625.526252757
0.00011028996477795604,319204.74527455185
0.00011080777571037621,316790.94754988921
0.00011132801776300117,314384.19850656006
0.00011185070234993011,311984.563281379
0.00011237584093885156,309592.10671239911
0.00011290344505129481,307206.89333111921
0.0001134335262628827,304828.98735467816
0.00011396609620358556,302458.45267803856
0.00011450116655797636,300095.35286616231
0.00011503874906548689,297739.75114617823
0.00011557885552066622,295391.71039953991
0.00011612149777343805,293051.29315418791
0.00011666668772936171,290718.56157669926
0.00011721443734989304,288393.57746443967
0.00011776475865264687,286076.40223771502
0.00011831766371166069,283767.09693192341
0.00011887316465765956,281465.72218971024
0.00011943127367832222,279172.33825312805
0.00011999200301854829,276887.00495580217
0.00012055536498072785,274609.78171509964
0.00012112137192500995,272340.72752431675
0.0001216900362695747,270079.9009448674
0.00012226137049090553,267827.36009848822
0.00012283538712406293,265583.16265945713
0.00012341209876295942,263347.36584682751
0.00012399151806063587,261120.02641667865
0.00012457365772953918,258901.20065438584
0.00012515853054180084,256690.94436691265
0.00012574614932951822,254489.31287511863
0.00012633652698503458,252296.36100610305
0.00012692967646122291,250112.14308556326
0.00012752561077176988,247936.71293018575
0.00012812434299146145,245770.12384006559
0.00012872588625646952,243612.42859115725
0.00012933025376464036,241463.67942775771
0.00012993745877578404,239323.92805502462
0.00013054751461196508,237193.22563153197
0.00013116043465779593,235071.62276185851
0.00013177623236072884,232959.16948922756
0.00013239492123135209,230855.91528817691
0.0001330165148436862,228761.90905727915
0.00013364102683548153,226677.19911190664
0.00013426847090851772,224601.8331770428
0.00013489886082890417,222535.85838014397
0.00013553221042738209,220479.32124405255
0.00013616853359962771,218432.26767996341
0.00013680784430655825,216394.7429804421
0.00013745015657463654,214366.79181250834
0.00013809548449617983,212348.45821076934
0.00013874384222966878,210339.78557061931
0.00013939524400005804,208340.8166415001
0.00014004970409908841,206351.59352022663
0.00014070723688560031,204372.15764437939
0.00014136785678584886,202402.54978576521
0.00014203157829382009,200442.8100439492
0.00014269841597155014,198492.97783985539
0.00014336838444944298,196553.09190944946
0.00014404149842659248,194623.19029749054
0.00014471777267110482,192703.31035136362
0.00014539722202042227,190793.48871499335
0.00014607986138164887,188893.76132283811
0.00014676570573187746,187004.16339396953
0.00014745477011851829,185124.72942623682
0.00014814706965962876,183255.49319052076
0.00014884261954424649,181396.48772507228
0.00014954143503272059,179547.74532995225
0.00015024353145704779,177709.2975615552
0.00015094892422120847,175881.17522723408
0.0001516576288015046,174063.40838002015
0.00015236966074689941,172256.02631344329
0.00015308503567935836,170459.05755645272
0.00015380376929419201,168672.52986844117
0.00015452587736040002,166896.47023437405
0.00015525137572101839,165130.90486002204
0.0001559802802934652,163375.85916730968
0.00015671260706989098,161631.35778976639
0.00015744837211752936,159897.4245680937
0.00015818759157904962,158174.08254584539
0.00015893028167291077,156461.35396522342
0.00015967645869371743,154759.26026299145
0.00016042613901257692,153067.822066508
0.00016117933907745997,151387.05918987651
0.00016193607541355935,149716.99063022627
0.00016269636462365396,148057.63456410932
0.00016346022338847261,146409.00834402745
0.00016422766846706008,144771.12849508596
0.00016499871669714485,143144.01071177624
0.0001657733849955084,141527.66985488986
0.00016655169035835647,139922.11994856418
0.00016733364986169156,138327.37417746321
0.00016811928066168895,136743.4448840899
0.00016890859999507105,135170.34356624287
0.00016970162517948703,133608.08087460377
0.00017049837361389226,132056.66661046896
0.00017129886277893018,130516.10972362068
0.00017210311023731581,128986.41831034156
0.00017291113363422094,127467.59961157321
0.00017372295069766151,125959.66001121915
0.00017453857923888593,124462.6050345961
0.00017535803715276751,122976.43934702918
0.00017618134241819479,121501.16675260324
0.00017700851309846756,120036.79019305682
0.00017783956734169262,118583.31174683238
0.00017867452338118215,117140.73262827715
0.00017951339953585355,115709.05318699814
0.00018035621421063158,114288.27290737173
0.000181202985896852,112878.39040820871
0.00018205373317266687,111479.40344257701
0.00018290847470345384,110091.30889777844
0.00018376722924222323,108714.10279549021
0.00018463001563003107,107347.78029205982
0.00018549685279639204,105992.33567896263
0.00018636775975969488,104647.76238342005
0.00018724275562761954,103314.05296917916
0.00018812185959755641,101991.19913745439
0.00018900509095702765,100679.19172803243
0.00018989246908410976,99378.020720540764
0.00019078401344786047,98087.675235877483
0.00019167974360874347,96808.143537811076
0.00019257967921905916,95539.413034739962
0.00019348384002337534,94281.470281619229
0.00019439224585896054,93034.300982053246
0.00019530491665621915,91797.889990553624
0.00019622187243912873,90572.221314963521
0.00019714313332567937,89357.278119048293
0.00019806871952831462,88153.042725252992
0.00019899865135437653,86959.496617624027
0.00019993294920654886,85776.620444902088
0.00020087163358330635,84604.394023777029
0.0002018147250793639,83442.796342311383
0.0002027622443861286,82291.805563529721
0.0002037142122921535,81151.399029174398
0.00020467064968359393,80021.553263626833
0.00020563157754466556,78902.243977994673
0.0002065970169581045,77793.446074364474
0.00020756698910563145,76695.1336502169
0.00020854151526841395,75607.28000301111
0.00020952061682753497,74529.857634927961
0.00021050431526446151,73462.838257779236
0.00021149263216151606,72406.192798078555
0.00021248558920234999,71359.89140227437
0.00021348320817241929,70323.903442144365
0.00021448551095946218,69298.197520350135
0.00021549251955398102,68282.741476149313
0.00021650425604972218,67277.502391270857
0.00021752074264416249,66282.446595943125
0.00021854200163899591,65297.539675080538
0.0002195680554406227,64322.746474625681
0.00022059892656064108,63358.031108044954
0.00022163463761634117,62403.356962977574
0.00022267521133120113,61458.686708036083
0.00022372067053538533,60523.982299757561
0.00022477103816624701,59599.204989701706
0.00022582633726882887,58684.315331700534
0.00022688659099637042,57779.273189249609
0.00022795182261081551,56884.037743046014
0.00022902205548332272,55998.567498668213
0.0002300973130947782,55122.82029439709
0.00023117761903631065,54256.753309176172
0.00023226299700980914,53400.32307070899
0.00023335347082844245,52553.485463692698
0.00023444906441718352,51716.195738183182
0.0002355498018133316,50888.408518095297
0.00023665570716704132,50070.077809829309
0.00023776680474185224,49261.157011026211
0.00023888311891522121,48461.598919448181
0.000240004674179057,47671.355741982014
0.00024113149514025787,46890.37910376332
0.0002422636065212514,46118.62005741903
0.0002434010331605363,45356.029092426703
0.00024454380001322944,44602.556144585265
0.00024569193215161038,43858.150605600742
0.00024684545476567345,43122.76133277695
0.00024800439316367985,42396.3366588141
0.00024916877277271303,41678.824401710328
0.00025033861913923637,40970.171874764121
0.00025151395792965398,40270.325896674527
0.00025269481493087341,39579.232801736907
0.00025388121605087128,38896.83845013105
0.00025507318731926359,38223.088238297511
0.00025627075488787368,37557.927109403616
0.00025747394503130807,36901.29956389001
0.00025868278414753259,36253.149670099367
0.00025989729875845128,35613.421074982652
0.00026111751551048846,34982.057014879661
0.0002623434611751733,34359.000326371148
0.00026357516264972723,33744.193457199261
0.00026481264695765342,33137.578477253228
0.00026605594124933191,32539.097089615745
0.00026730507280261199,31948.690641670422
0.00026856006902341311,31366.300136262005
0.00026982095744632512,30791.866242910059
0.00027108776573521275,30225.329309070803
0.00027236052168382258,29666.629371444149
0.00027363925321639252,29115.70616732306
0.00027492398838826484,28572.499145980655
0.00027621475538650085,28036.947480093095
0.00027751158253050168,27508.990077192466
0.0002788144982726264,26988.565591150029
0.00028012353119881813,26475.612433681708
0.00028143871002923101,25970.068785875457
0.00028276006361886014,25471.872609735961
0.00028408762095817483,24980.961659743047
0.00028542141117375428,24497.273494420322
0.00028676146352892706,24020.745487910313
0.00028810780742441228,23551.314841553121
0.00028946047239896712,23088.91859546303
0.00029081948813003129,22633.493640103403
0.00029218488443438057,22184.976727851299
0.00029355669126878033,21743.304484551925
0.00029493493873064287,21308.413421057565
0.00029631965705868781,20880.23994474798
0.00029771087663360525,20458.720371028394
0.000299108627978722,20043.790934801622
0.00030051294176067363,19635.387801909779
0.00030192384879007355,19233.447080544633
0.0003033413800221915,18837.904832619366
0.00030476556655763205,18448.69708510079
0.00030619643964301704,18065.759841297466
0.00030763403067167103,17689.029092100442
0.00030907837118431008,17318.440827172792
0.00031052949286973388,16953.931046084635
0.00031198742756552027,16595.435769390293
0.00031345220725872611,16242.891049643174
0.00031492386408658564,15896.232982347035
0.00031640243033721792,15555.397716837391
0.00031788793845033447,15220.321467091902
0.00031938042101795116,14890.940522465306
0.00032087991078510336,14567.191258345831
0.00032238644065056413,14249.01014672985
0.0003239000436675661,13936.333766711328
0.00032542075304452619,13629.098814883022
0.00032694860214577647,13327.242115645575
0.0003284836244922927,13030.700631423053
0.00033002585376243186,12739.41147277958
0.00033157532379267087,12453.31190843548
0.00033313206857834866,12172.339375179507
0.00033469612227441227,11896.431487674141
0.00033626751919616594,11625.526048151089
0.00033784629382002418,11359.561055993941
0.00033943248078426746,11098.474717205576
0.00034102611488980483,10842.205453756558
0.00034262723110093345,10590.691912813647
0.0003442358645461084,10343.872975843511
0.00034585205051871276,10101.687767590658
0.00034747582447783174,9864.0756649264367
0.00034910722204903099,9630.9763055666317
0.00035074627902513793,9402.3295966553615
0.00035239303136702725,9178.075723212809
0.00035404751520440894,8958.1551564446509
0.00035570976683662415,8742.5086619103186
0.00035737982273343705,8531.0773075494562
0.0003590577195358379,8323.8024715624488
0.00036074349405684628,8120.6258501445818
0.00036243718328231875,7921.4894650711303
0.00036413882437176032,7726.3356711317429
0.00036584845465913976,7535.1071634122227
0.00036756611165370857,7347.7469844220395
0.00036929183304082339,7164.1985310658911
0.00037102565668277568,6984.4055614573708
0.00037276762061961785,6808.3122015743456
0.00037451776307000106,6635.8629517530435
0.00037627612243201292,6467.0026930207232
0.00037804273728401974,6301.676693265139
0.00037981764638551327,6139.8306132396547
0.00038160088867796076,5981.4105124030439
0.00038339250328565965,5826.3628545927031
0.00038519252951659493,5674.6345135306383
0.00038700100686330473,5526.1727781607597
0.0003888179750037422,5380.9253578178514
0.00039064347380214902,5238.8403872260369
0.00039247754330992951,5099.8664313272093
0.00039432022376652889,4963.9524899384924
0.00039617155560031669,4831.0480022382308
0.00039803157942947323,4701.102851080298
0.00039990033606288034,4574.0673671363338
0.00040177786650101983,4449.8923328654482
0.00040366421193686815,4328.5289863120915
0.00040555941375680334,4209.9290247309282
0.00040746351354151237,4094.04460803957
0.00040937655306690345,3980.8283620989737
0.00041129857430502231,3870.2333818217849
0.00041322961942497348,3762.2132341088336
0.00041516973079384515,3656.7219606142498
0.00041711895097763796,3553.7140803396273
0.00041907732274220228,3453.1445920574988
0.00042104488905417151,3354.9689765654057
0.00042302169308190799,3259.1431987703763
0.00042500777819644937,3165.6237096052173
0.00042700318797246015,3074.3674477771883
0.00042900796618918771,2985.3318413500629
0.00043102215683142283,2898.4748091605297
0.00043304580409046458,2813.7547620700166
0.00043507895236508928,2731.1306040531044
0.00043712164626252793,2650.5617331235726
0.00043917393059943953,2572.0080420998611
0.00044123585040289817,2495.4299192105777
0.00044330745091137968,2420.7882485420878
0.00044538877757575456,2348.0444103293762
0.00044747987606028484,2277.1602810918707
0.000449580792243626,2208.0982336157786
0.00045169157221983374,2140.8211367846866
0.00045381226229937422,2075.2923552601737
0.00045594290901014377,2011.4757490141253
0.00045808355909848428,1949.335672714994
0.00046023425953021244,1888.8369749694493
0.00046239505749164929,1829.9449974217741
0.00046456600039065531,1772.6255737129334
0.00046674713585767081,1716.8450283014024
0.00046893851174676092,1662.5701751479701
0.00047114017613666514,1609.7683162666704
0.00047335217733185169,1558.4072401441417
0.00047557456386358097,1508.4552200295873
0.00047780738449096447,1459.8810120980174
0.00048005068820203847,1412.6538534887095
0.00048230452421483801,1366.743460221649
0.00048456894197847639,1322.1200249943247
0.00048684399117423046,1278.75421486136
0.0004891297217166304,1236.6171687995618
0.00049142618375455497,1195.6804951609568
0.0004937334276723306,1155.9162690164451
0.00049605150409084097,1117.297029392603
0.00049838046386863164,1079.7957764045666
0.00050072035810302994,1043.385968287356
0.0005030712381312645,1008.0415183286156
0.00050543315553159261,973.7367917053765
0.00050780616212443093,940.44660222769005
0.00051019030997349272,908.14620899184126
0.00051258565138693037,876.81131294597458
0.00051499223891848171,846.41805337095411
0.0005174101253686272,816.94300427919302
0.00051983936378574222,788.36317073448436
0.00052228000746726527,760.65598509540507
0.00052473210996086591,733.7993031853548
0.00052719572506561979,707.77140039197604
0.00052967090683318926,682.55096769883835
0.00053215770956900859,658.1171076522362
0.00053465618783347512,634.44933026594958
0.00053716639644315017,611.52754886677508
0.0005396883904719552,589.33207588380128
0.00054222222525238486,567.84361858406214
0.00054476795637671928,547.04327475756122
0.00054732563969824444,526.91252835439241
0.00054989533133247719,507.43324507679324
0.00055247708765839628,488.58766792889554
0.00055507096531967983,470.35841272695609
0.00055767702122594659,452.72846357281549
0.00056029531255400898,435.68116829327647
0.00056292589674912107,419.20023384821786
0.00056556883152624339,403.26972170998505
0.00056822417487130752,387.87404321682226
0.00057089198504248933,372.99795490293627
0.0005735723205714863,358.62655380781621
0.00057626524026480194,344.74527276737058
0.00057897080320503617,331.33987568942905
0.0005816890687521802,318.39645281613718
0.00058442009654492385,305.90141597567782
0.00058716394650195659,293.84149382585821
0.00058992067882328726,282.20372709184312
0.00059269035399156338,270.97546380050551
0.00059547303277339826,260.14435451367945
0.00059826877622070436,249.69834756261878
0.00060107764567203232,239.62568428591092
0.00060389970275391742,229.91489427305072
0.00060673500938222965,220.55479061585095
0.00060958362776353768,211.53446516978116
0.00061244562039646606,202.84328382737309
0.00061532105007307129,194.47088180564612
0.0006182099798802183,186.4071589495953
0.00062111247320096458,178.64227505365724
0.00062402859371595096,171.1666452030461
0.00062695840540479843,163.97093513680241
0.00062990197254751234,157.04605663434575
0.00063285935972589062,150.38316292728157
0.00063583063182494684,143.97364413812693
0.00063881585403432529,137.80912274765436
0.0006418150918497367,131.88144909237781
0.00064482841107439388,126.18269689376555
0.00064785587782045567,120.70515882065621
0.00065089755851047702,115.44134208631255
0.00065395351987886639,110.38396408150163
0.00065702382897335032,105.52594804493114
0.0006601085531564426,100.86041877233065
0.00066320776010692778,96.380698365388909
0.0006663215178213381,92.080302021757817
0.00066944989461545053,87.95293386720779
0.00067259295912578429,83.992482831037449
0.00067575078031110688,80.193018565746172
0.00067892342745394681,76.548787411944204
0.00068211097016211383,73.054208409417143
0.00068531347837022603,69.703869355212731
0.00068853102234124304,66.492522909570837
0.00069176367266801273,63.415082750453472
0.00069501150027481218,60.466619777413428
0.00069827457641890862,57.64235836544367
0.00070155297269212241,54.937672669444161
0.00070484676102239676,52.348082979873681
0.00070815601367537652,49.869252130106304
0.00071148080325599331,47.496981955972501
0.00071482120271005884,45.227209807913091
0.00071817728532586338,43.056005116131459
0.00072154912473578999,40.979566009076734
0.0007249367949179209,38.994215985567884
0.00072834037019766686,37.096400640789774
0.00073175992524939567,35.282684446384103
0.00073519553509807155,33.549747584796073
0.00073864727512090028,31.894382838002773
0.00074211522104898327,30.313492530707897
0.00074559944896897777,28.804085528049523
0.00074910003532477213,27.363274287823682
0.00075261705691915376,25.98827196720352
0.00075615059091550059,24.676389583873537
0.00075970071483947188,23.425033231486005
0.00076326750658071009,22.231701349298568
0.00076685104439454873,21.093982045822322
0.00077045140690373012,20.009550476276729
0.00077406867310012982,18.976166273615952
0.00077770292234648848,17.991671032860502
0.0007813542343781593,17.053985848436525
0.0007850226893048476,16.161108904204305
0.00078870836761237516,15.311113115815338
0.00079241135016444467,14.502143825026062
0.00079613171820441309,13.73241654556181
0.00079986955335707482,13.000214760102375
0.00080362493763045241,12.303887767937729
0.00080739795341759559,11.641848582819382
0.00081118868349838768,11.012571880511667
0.0008149972110413679,10.414591995526086
0.00081882361960554666,9.8465009665065271
0.00082266799314224511,9.3069466297071433
0.0008265304159969357,8.7946307599955276
0.00083041097291109225,8.3083072587931017
0.00083430974902404969,7.846780388349913
0.0008382268298748717,7.4089030517378553
0.00084216230140422735,6.9935751179319796
0.00084611624995627546,6.5997417913380492
0.0008500887622805651,6.2263920251114939
0.00085407992553392911,5.8725569776063473
0.00085808982728240299,5.5373085112770362
0.00086211855550314461,5.219757733353263
0.00086616619858636396,4.9190535775971274
0.00087023284533726283,4.6343814264454917
0.00087431858497798306,4.364961772834949
0.00087842350714956413,4.1100489210009794
0.00088254770191390788,3.8689297255392723
0.00088669125975576193,3.6409223680121778
0.00089085427158469403,3.4253751703832842
0.00089503682873709369,3.2216654445569279
0.00089923902297817462,3.0291983773021149
0.00090346094650398752,2.847405949837361
0.00090770269194344322,2.6757458913538703
0.00091196435236034525,2.5137006657550551
0.0009162460212554308,2.3607764908919804
0.00092054779256842123,2.2165023895761879
0.00092486976068008992,2.0804292716537911
0.00092921202041432182,1.9521290464290926
0.00093357466704020178,1.8311937647277357
0.00093795779627410243,1.7172347898957678
0.00094236150428178458,1.6098819970346461
0.00094678588768050658,1.5087829997779121
0.00095123104354114473,1.4136024039209958
0.00095569706939032252,1.3240210872219158
0.00096018406321254858,1.239735504697304
0.00096469212345237426,1.1604570187450021
0.00096922134901654205,1.085911253432694
0.00097377183927616268,1.0158374722986336
0.00097834369406889438,0.94998797901983245
0.00098293701370113238,0.88812754031088614
0.00098755189895020998,0.83003283042556941
0.00099218845106661025,0.77549189664229257
0.00099684677177618399,0.72430364512393253
0.0010015269632823911,0.67627734655173777
0.0010062291282685301,0.6312321609433561
0.0010109533698999993,0.58899668107408898
0.0010156997918265578,0.54940849393136204
0.0010204684981846,0.51231375964220416
0.0010252595935994406,0.47756680732403317
0.0010300731831876095,0.44502974731957795
0.0010349093725591579,0.41457209928733618
0.0010397682678199764,0.3860704356296597
0.0010446499755741221,0.35940803975137892
0.0010495546029261572,0.33447457865261859
0.0010544822574835003,0.31116578937037309
0.0010594330473587858,0.28938317879427616
0.001064407081172232,0.26903373639289951
0.0010694044680540421,0.25002965939768224
0.0010744253176467719,0.23228809000285661
0.0010794697401077531,0.21573086414992476
0.0010845378461115053,0.20028427147669928
0.0010896297468521649,0.18587882602126027
0.001094745554045924,0.1724490472820269
0.0010998853799334819,0.15993325124569774
0.0011050493372825076,0.14827335100537364
0.0011102375393901135,0.1374146666015828
0.0011154501000853422,0.12730574372927403
0.001120687133731662,0.11789818096405903
0.0011259487552294787,0.10914646517107361
0.0011312350800186536,0.10100781476982917
0.0011365462240810389,0.093442030538226528
0.0011418823039430199,0.08641135364865267
0.0011472434366780742,0.079880330638588265
0.0011526297399093376,0.073815685027606562
0.0011580413318121822,0.068186195301857308
0.0011634783311168268,0.062962578996217752
0.0011689408571109138,0.0581173826132984
0.0011744290296421453,0.053624877127088154
0.0011799429691209085,0.049460958827778033
0.0011854827965229161,0.045603055272613255
0.0011910486333918616,0.042030036115888153
0.0011966406018420858,0.038722128599258325
0.0012022588245612555,0.035660837491414306
0.0012079034248130558,0.032828869273858759
0.0012135745264398943,0.030210060377041995
0.0012192722538656182,0.027789309278438468
0.0012249967320982439,0.025552512281292593
0.0012307480867327001,0.023486502799722912
0.0012365264439535835,0.02157899398265406
0.0012423319305379262,0.019818524515638085
0.0012481646738579789,0.01819440744603975
0.0012540248018839985,0.016696681883295362
0.0012599124431870777,0.015316067431992684
0.0012658277269419341,0.014043921221424102
0.0012717707829297659,0.012872197400909037
0.0012777417415410926,0.011793408975754835
0.0012837407337786175,0.010800591864037987
0.0012897678912601003,0.0098872710595781631
0.0012958233462212461,0.0090474287914811997
0.0013019072315186059,0.008275474575469283
0.0013080196806324914,0.0075662170568954789
0.0013141608276699044,0.0069148375498557825
0.001320330807367478,0.0063168651811726338
0.0013265297550944335,0.005768153552228001
0.00133275780685555,0.0052648588356767256
0.0013390150992941487,0.0048034192279753302
0.0013453017696950906,0.0043805356824200541
0.0013516179559877879,0.0039931538510039957
0.0013579637967492319,0.0036384471668804525
0.0013643394312070278,0.0033138010025623912
